address,token,total_deposit,total_withdrawal
0x00000C2BE4EdF75D0f292153cC27230891DC67A5,USDC,6.152514,5.407551
0x000076eC8f2000c25388EF824E934992e43c4Fae,USDC,8.612660,9.018595
0x0006e7c85fAf7fAe97f2D2Bf181CB9CB72AF7c42,USDC,39.900000,0.000000
0x0010B5c4331EcCeAC740386D251BC84FD5053d7F,USDC,38.000000,40.390576
0x0013eC7048eE0604f439Cb6f7d3e0Ee6F337A643,USDC,15.170000,0.000000
0x0016f751b43557ec2A7B6d86235155bCd76AD05e,USDC,16.567860,9.682715
0x001E0bA86e3Ca9704b6d544e884Cfe169D6AF5eD,USDC,30.600000,30.940878
0x0021c89dc9dbda8398BacE7641356e79343a12BE,USDC,22.126000,0.000000
0x0035F61018eaa722eb3dc04D2dCA28d3D349207B,USDC,39.000000,41.248499
0x00399D481a9075742c488d4FB9A226e33C97D6dF,BNB,0.000000,0.005995
0x00399D481a9075742c488d4FB9A226e33C97D6dF,ETH,0.000000,0.187955
0x00399D481a9075742c488d4FB9A226e33C97D6dF,SMAG7.SSI,236292.115800,0.000000
0x00399D481a9075742c488d4FB9A226e33C97D6dF,USDC,29.500000,157906.675936
0x0040C5B12D94F2dd0e0Effb2c9dC9E32c280eC15,USDC,50.000000,41.450802
0x0045140B6cce35BfF33D1386EF22a793F65cC891,MAG7.SSI,15.240000,19.881671
0x0046C55fcE4AD7cFF78F8c4Ae0ccC56B782dF8C1,USDC,37.747256,38.260031
0x0053B018216592CEa486e79aaC2e42e2aA16ac31,USDC,785.563989,775.027519
0x005A3E49aF2Cf567D655c6cCb3e5982E1D55E72b,USDC,13824.075850,1690.000000
0x005bf03e9F25D13AbBbb7d6cd2130f9E3Bb263B7,SMAG7.SSI,3427.867900,0.000000
0x006F3f6fF35FA2c30584F55a039178d496F8E1c1,MAG7.SSI,69.113376,0.000000
0x006F3f6fF35FA2c30584F55a039178d496F8E1c1,USDC,0.000000,61.591981
0x007094aa48C649b68f1dB683C690b514D48774Cf,MAG7.SSI,8.997487,8.965086
0x00712f399c6473C8a755011245f159bEA37c47aE,MAG7.SSI,31.856758,31.807158
0x00721f595Af05f81312740C97E3E87a2F66a9c66,USDC,39.000390,41.776231
0x0083FCf5Ab4BA39614cd9bcE3ecA9c370cBB21C3,MAG7.SSI,15.540300,0.000000
0x0083FCf5Ab4BA39614cd9bcE3ecA9c370cBB21C3,USDC,0.000000,7.973645
0x008E571F071Ec9F42E62Be7CDC63bE81a61116f0,USDC,17.000000,17.000000
0x008dbed1FA7B15634D89a2fA95034BdD449dCF74,USDC,15.028100,0.000000
0x0092dfaE6A39970384abd3095e35470a5F148b56,USDC,16.000000,0.000000
0x0095c211a849d7e310aCc6494F70046a80d148a5,USDC,37.950100,36.216800
0x009a9F9fcDf84976121e8e56CF7011aAAe70575c,USDC,1129.669075,778.670363
0x009a9F9fcDf84976121e8e56CF7011aAAe70575c,USDT,60.260380,0.000000
0x00B45a00ECfc68d6d5980710485320FcBfe07543,USDC,41.770000,0.000000
0x00C47a4607859428caBA35C4E80ec78EAAD8d5fF,MAG7.SSI,30.008912,29.989812
0x00C58d97AC62A93b42afAef0746d0b1989E7225f,USDC,152.500000,68.434890
0x00E524648f9c3Cc333f2095F72543D23de00cCF1,USDC,16.500000,8.586536
0x00F1d54c6538BCc1a4d7ECec3eDBDAA197779B2e,USDC,40.000000,0.000000
0x00ad142cc1674617642F5AFBfC106e4919C36EF6,MAG7.SSI,92.893271,92.811871
0x00ad142cc1674617642F5AFBfC106e4919C36EF6,SOSO,1.100000,0.000000
0x00b565f6B1Eb6546B792d05feb7E8EE1fA91A932,MAG7.SSI,30.460000,0.000000
0x00c6CF2C5DE96eB7225031BDb330E6C47F7dE778,ETH,0.007000,0.000000
0x00c6CF2C5DE96eB7225031BDb330E6C47F7dE778,MAG7.SSI,0.000000,174.725964
0x00c6CF2C5DE96eB7225031BDb330E6C47F7dE778,SSOSO,1.626500,0.000000
0x00c6CF2C5DE96eB7225031BDb330E6C47F7dE778,USDC,78.333010,0.000000
0x00c72C687C55FC7aAF315F6e50362a26acdcbBAE,USDC,39.370872,41.705617
0x00d2C3b79901A9f35c0482aa91cBa55eB369CB68,USDC,460.060000,448.451000
0x00d758Aae6CC209C4977625d76fB986cf6F71f29,SMAG7.SSI,124.545400,0.000000
0x00d758Aae6CC209C4977625d76fB986cf6F71f29,USDT,90.000000,0.000000
0x00dbf84cE16144D23F80028F82D1a6228c3c8C0e,USDC,16.000000,16.000000
0x00eDf81cdF57f161cB317913ccA9cF4Fde7Abf90,USDT,42.000000,0.000000
0x00f86548c3Cd31259E8f30C2436759De0616D93A,ETH,0.007000,0.007000
0x00f86548c3Cd31259E8f30C2436759De0616D93A,USDC,15.994754,15.726690
0x0101d24a5d1504f788245b76B66e7Bd0ba8765e7,USDC,40.500000,41.429402
0x010363DbeCeEF79711ED22B911Fa7c493350B3A8,USDC,49.800000,0.000000
0x010412E044630C5a71cb24440cFA2D3783911e3d,USDC,39.500000,41.643807
0x010FF0048A7685d025a02abbe6Ccd7fe038c2108,USDC,39.910100,0.000000
0x011070C79358d1c76Ae15750eDc643e0e4Bb6e40,MAG7.SSI,15.056700,0.000000
0x01110329dB0ead6B783708F2d0D090a90c2345Ee,SMAG7.SSI,5.000000,0.000000
0x011B746dc23A7ae7C4E7710B034DAef52256c89b,USDC,39.500000,40.835239
0x011e4CDC87453117577D4213E4de7a392378236D,USDC,15.000000,15.053001
0x01208E7d314e90dba0Cc65bBa4ef42e9a85ec5b3,USDC,362.575631,0.000000
0x01304220F1c2c2725f4246366507962aa6f2ef7a,MAG7.SSI,15.032700,15.017600
0x013378B249ABF3dF4456f01219842884371f3617,ETH,0.003000,0.002895
0x01344777acC65298c3B9336d4273DF3D0b870730,MAG7.SSI,28.335996,0.000000
0x01344777acC65298c3B9336d4273DF3D0b870730,SOSO,64.390000,0.000000
0x01344777acC65298c3B9336d4273DF3D0b870730,USDC,0.000000,60.404432
0x0134e3FEFaC773Ad8cFEbF1737d99Cc1287FA7f0,USDC,35.280000,0.000000
0x013BDBa48E5b06029E7F9eF88AfDBe4Dd85A9ddD,USDC,20.000000,14.826193
0x014581afAB77781Fd559570B5E1c3BAa606109EF,MAG7.SSI,75.591100,75.516400
0x014Cb2b4a5a1b264c02CC5A0f0C4E4f5a63e42f8,USDC,113.272187,104.899417
0x014abF74cBDf137Fd0A1A9810a262CCEcF642C5F,USDC,15.889579,7.584299
0x015Bc22e82a880C087E8ad7d93Cb7eC758F987a2,USDC,49.989400,0.000000
0x015a9daA7802B59d3c7F3Cd06B816a31219812f5,USDC,46.800000,48.556728
0x01612205a656112182177A8cA3f980b508e60C83,USDC,16.453385,11.034984
0x0167F162ec49BAaD22Ed9B1E9d7A51C9899157fA,USDC,15.009500,0.000000
0x01680057Ac41D894F2C2947E43DA17d31a233238,MAG7.SSI,0.000000,75.694817
0x01680057Ac41D894F2C2947E43DA17d31a233238,USDC,40.300000,0.000000
0x0176e0757cA524F2320316f8d5D1747368E0f096,USDC,15.875590,15.875590
0x0193d2eFF170EB4E8B0D6112a453AD3f73EEDa25,MAG7.SSI,5.000000,5.000000
0x019eBCe62556d040D8bE9bf0a4FF0353D4941530,USDC,38.304050,37.289931
0x019f21ee83c3920ac7F118647218B2EDE76eDCf6,USDC,22.117000,0.000000
0x01A0449CdbEA375B2320B3a3239Ba1738df0F8A5,USDC,15.500000,0.000000
0x01A944dA17Fe5aB2449Dbbbf72DdEe818a3e5267,USDC,43.767200,0.000000
0x01Ab5f7438A0935fAe1D12B8BCB9fdBe7B73B5bf,ETH,0.017000,0.000000
0x01Ab5f7438A0935fAe1D12B8BCB9fdBe7B73B5bf,USDC,34.000000,0.000000
0x01B08c5aD1D53017a9754F7A4AC40ADd8eCDCCaA,ETH,0.062364,0.061134
0x01B521Ec593554E84912CF33283655B2609B3274,MAG7.SSI,0.000000,102.162027
0x01B521Ec593554E84912CF33283655B2609B3274,USDC,51.000000,0.000000
0x01C0566c4A58Ba698A5293C6ECCC693bAcaad59B,BNB,0.054739,0.000000
0x01C87933FE79FaFBf4bAc1407c37b92B1d58E733,MAG7.SSI,86.688037,0.000000
0x01C87933FE79FaFBf4bAc1407c37b92B1d58E733,USDC,15.787843,60.472111
0x01D92E52346820b4fA44DF84EF7cF46E9e80eB66,USDC,171.084280,171.203276
0x01E58C1D54986145455CD32b1A99ECc28d1A467a,USDC,15.000000,0.000000
0x01F9b0605C26B575A8EEc8F24b1a57628d6da796,USDC,40.228033,0.000000
0x01FB45539F57f105E889f7bA91392bFe8355DEd4,USDC,5.806051,0.000000
0x01FE385B5a1ED8550b991C71ffa51d9c49aC824E,ETH,0.034200,0.000000
0x01a337E0A0e664cC32B62F221bD01B9F53893E35,USDC,26.700000,18.876243
0x01a534a303977F4DdA5460C40C1cF6626eF1053e,MAG7.SSI,15.146782,0.000000
0x01b8A21d2f6D78dF1A05A64B62555f13c2eeE248,USDC,144.084804,144.046087
0x01c47af7302901998f07Ca6C4Ec44566Ce6e802E,USDC,308.295946,184.983380
0x020f5De773cD8654cF459C17D24f71b9e0395fdD,BNB,0.025000,0.025000
0x021738e5E81A6ADA3236924D4C9F87a395fe36BE,USDC,0.000000,5.908111
0x02236dF9AA861E7d337e42C5AeACc0d1e5A6463C,USDC,15.050100,15.717277
0x022844f3E108b7987cb46D597a792d39962f5770,USDC,50.000000,14.606806
0x022d99B2efaD100625B64ccf8A7213E391181d46,USDC,37.281000,40.716447
0x022f859c5dF52a90D117926F2a3E6de2B8F3C64B,DOGE,31.000000,31.000000
0x02323411b934bD714e06E9Ff6f26e09F7ec57Fc6,USDC,15.885700,0.000000
0x02339F10Fbb83EE88b4Ce873c51685e8566dF0b0,USDC,16.000000,0.000000
0x023b9C090d4d82D70A8b84B14ED1ef45c4818eC8,USDC,15.009000,0.000000
0x024007f986b6AddE8C0bF48212cD6A5C9D6C889d,USDC,41.351072,40.733993
0x0244aa61e73151b395EDb764c45A3487d0128f78,SMAG7.SSI,37.500000,37.500000
0x0245591f7C6c1D01E5996eE5E7e8560Ed541470E,SMAG7.SSI,5.050000,0.000000
0x0245591f7C6c1D01E5996eE5E7e8560Ed541470E,USDC,43.164591,38.855322
0x0246a7B1DEe97C8758FA50f3C8694DFC8252CE08,USDC,15.018500,0.000000
0x0247d796d1aD8D5eE53F33DB94340375C4E0D65D,USDC,17.000000,0.000000
0x0249560edF384f854B07D88fDd7c38b25f6f1C1C,BTC,0.000480,0.000000
0x024c179073854a7A8572F3010cE2b481105ae030,USDC,15.000000,15.072180
0x024da1589fbE9dfca2BdF6D77b78918a339C8d3C,USDC,15.012900,0.000000
0x02680469e5f94Db6A349958c7f8CA0510071F339,USDC,16.111325,15.511157
0x026B73a8Fc26B4249B252f9F1adB9526d04847B1,ETH,0.006866,0.006761
0x026fAf48051D8613A0aEaad210DdC61C61276A6d,USDC,15.004300,0.000000
0x0273fC03177697E3197a037194516Cd67D1a76bc,USDC,83.045317,82.060447
0x027B06D49f9C75690093435889CC481EBcad9DBf,USDC,15.100000,9.000000
0x027bD875c46f5830220F9927F34a7D16Fc93f341,MAG7.SSI,12.980906,12.976363
0x0280c2eC9940700a178f545e058Fd7b8B609E6D8,USDC,891.785610,881.284029
0x0289D5f7b12C6Ce1A5cd3BF4D801c47E3Eb3Aa28,USDC,7.960000,0.000000
0x0293aAEA709B468340a1c89636d03d39800950a4,MAG7.SSI,15.027300,0.000000
0x02CdD899D8e425419AF4311D4d4CfE4691F84bdA,USDC,39.000000,41.253363
0x02D67444B712636A4f9b443f4dd352512ed620A1,MAG7.SSI,347.000000,346.699100
0x02aF4244A686506e987bE2Ef799b636Cff0b749a,USDC,18.289506,0.000000
0x02aaB5B13D4Aa37c4A5bF0129c52c7ac5C6114e9,MAG7.SSI,0.000000,43.859032
0x02aaB5B13D4Aa37c4A5bF0129c52c7ac5C6114e9,USDC,279.956880,0.000000
0x02ad78cADa3FBCE7842D27ACb5a524d0799C3980,USDC,38.996001,40.819704
0x02b97255D9Ec5b8063E3D572aA8AcCd5525929B6,USDC,44.213218,46.277088
0x02bD90F7e46673cC227e77079481e2f48032A26b,MAG7.SSI,103.329811,0.000000
0x02bD90F7e46673cC227e77079481e2f48032A26b,USDC,1056.000000,0.000000
0x02bE549B3BF57Bd9EB3BBCF0520fdf97927bFD5d,SMAG7.SSI,20.087600,0.000000
0x02bE549B3BF57Bd9EB3BBCF0520fdf97927bFD5d,USDC,1615.098459,1350.938773
0x02bf08c685e3ec166b6d43f084b31572b69904B2,USDC,582.736582,572.282243
0x02c3eFCE2c9B51569bFcA367A87E772D5a629801,ETH,0.040941,0.040031
0x02d1a42D38cBc7F085c2bDe0C4C1db8E24bA9Cf9,USDC,16.000000,0.000000
0x02d633d9c6Ff71266fBe23efe7A98e279a4970Dd,ETH,0.157000,0.000000
0x02d633d9c6Ff71266fBe23efe7A98e279a4970Dd,MAG7.SSI,83.979773,0.000000
0x02d633d9c6Ff71266fBe23efe7A98e279a4970Dd,SOSO,61.953404,0.000000
0x02d633d9c6Ff71266fBe23efe7A98e279a4970Dd,USDC,26.469876,0.000000
0x02d633d9c6Ff71266fBe23efe7A98e279a4970Dd,USDT,210.000000,0.000000
0x02f6a12832225569e41507F93318833C2adB1df8,MAG7.SSI,0.000000,174.230734
0x02f6a12832225569e41507F93318833C2adB1df8,USDC,59.500000,0.000000
0x02fF249c6d1f9Cfb6e0B63836ae888a659d70D02,USDC,77.045081,76.049880
0x0300ac101b33843A18bc1A50f8eEe04927e59645,BNB,0.025000,0.025000
0x0306465Ce65D07fB113e105c96e070bE4cA37718,USDC,965.013780,954.235540
0x030819Ae229c3FBeE978E0e5F71eC887D7692A69,USDC,235.000000,0.000000
0x030fAD713e6fB1e55A209fCDe420a5a168FaA078,USDC,15.000000,15.365554
0x0311D77cB4ecB642097DbC4e70ABDDA32D7A87AD,USDC,38.000000,40.440710
0x03124FaA0d9DDC3308991D9D43Eb941375F88322,USDC,82.321586,68.586207
0x0315D68335DC3A659f2aC5B2F04503E850F015e2,USDC,258.457394,218.064097
0x031fD3BA4fDC602d66624043CB4747a0323C9692,USDC,16.000000,0.000000
0x0323C81C30570303E7923e811F60Fa5B2fc81eB6,MAG7.SSI,0.000000,19.980200
0x0323C81C30570303E7923e811F60Fa5B2fc81eB6,SMAG7.SSI,36.000000,0.000000
0x0323C81C30570303E7923e811F60Fa5B2fc81eB6,SOSO,36.136200,0.000000
0x0323C81C30570303E7923e811F60Fa5B2fc81eB6,USDC,14.776391,21.878298
0x0326B902d92680Ccb9b5F56efCF6E5662D93f669,USDC,200.000000,197.981206
0x0330Feb74eb7564e92E1C849b00Ab48Eda72Aacc,USDC,1596.487729,600.000000
0x034195504deEcfA4c6829Dca5086e4aAb5646D10,ETH,0.019488,0.000000
0x034faC6D3c8C9e09d0926BD21CCCAdc41c4A498A,MAG7.SSI,76.087100,76.010900
0x0351Ec678c35339D1883c9198dB17eF245d1E0AD,USDC,200.000000,191.401572
0x035688d24B039b86603Dc12aA4342281A8940dC9,SSOSO,146.464000,0.000000
0x035688d24B039b86603Dc12aA4342281A8940dC9,USDC,1419.135033,571.402117
0x0357543C6ffDE1CC28e13DBE8b6D3E8a3b372cB1,MAG7.SSI,300.334800,0.000000
0x0357543C6ffDE1CC28e13DBE8b6D3E8a3b372cB1,USDC,0.000000,154.160694
0x0357b8506d99bfCc295a782Dece94a495225F6D7,ETH,0.022024,0.021219
0x0367012d26d8154813351e0c1688e1E7544C7Ecb,USDC,41.000000,41.935814
0x0377a55A43841B841bA547C0559149aDFF1fD568,USDC,16.000000,0.000000
0x037C19DCb1F71972CD8d1dD0342c8cc91Cb48e23,MAG7.SSI,0.000000,5.000000
0x037C19DCb1F71972CD8d1dD0342c8cc91Cb48e23,USDC,26.264708,24.146227
0x037e084e8292b5b097B149eE9B80c22D2EC09320,USDC,5.000000,0.000000
0x038673370955EB929d94f9D0C7992bB48137e998,USDC,13954.181096,10916.123799
0x03923Ed2F43914ADAFA223886c1A08200a3b55c9,MAG7.SSI,0.000000,19.346000
0x03923Ed2F43914ADAFA223886c1A08200a3b55c9,SMAG7.SSI,19.356600,0.000000
0x03923Ed2F43914ADAFA223886c1A08200a3b55c9,USDC,13.930281,8.740000
0x039891797119084f57CbB052d583DfBc17c79baE,SMAG7.SSI,30.000000,30.000000
0x03A0E036B2622389Ec19EE3C81f6F18329511b9a,USDC,767.535674,777.031831
0x03AC4279a232A7a6D2084BE738f0dD641d69e279,USDC,41.200000,41.811532
0x03B3A331E4705e096C432779E049922874A0B1F4,USDC,15.000000,0.000000
0x03D80d57f4c54e119BCE054148F2335D109f9F13,MAG7.SSI,75.400000,75.324600
0x03DFE46cc532368607955165793de6285f5A8FBA,USDC,15.000000,0.000000
0x03E1C47a4af2780f3F9F0CFADBD2f681535EC6b5,ETH,0.062363,0.061733
0x03c4d77e6E4a84bb6794B785BFF0B5DCC12cC51e,MAG7.SSI,15.430500,0.000000
0x03c4d77e6E4a84bb6794B785BFF0B5DCC12cC51e,USDC,0.000000,7.840131
0x03dD8C2ab97542705E417C9B3cb0FEA3438D1D82,MAG7.SSI,15.019800,0.000000
0x03e964aF7B91e9E3FD1228a14803D22B11329521,MAG7.SSI,41.626825,41.419888
0x040062a3dedAE8b5dF9a88Fc74735D65b08cF192,USDC,75.390350,70.087947
0x0408108Dc750B3f56f8172d2B3ac268D880d44D0,USDC,15.300000,0.000000
0x040ABAb198E6f50192F46c35f4bdbCfF3dB85422,USDC,76.582704,76.582704
0x042F7bD282191Ef867B676BD657d52e5949C5a66,USDC,15.013200,0.000000
0x042fb26e84EaB3852aC34CC79AAe79c354E745ba,USDC,53.649534,47.806031
0x04392F7833b4CEA6e8c33D503539d18283Ec4244,ETH,0.003000,0.002895
0x043Ecb99f26EAC3B662633b27c769E872970608f,USDC,172.630000,0.000000
0x0464a036Ad1b8c261F60559dFd958f98C360F1BF,USDC,20.000000,20.000000
0x0466109E9f54a9CDF409afE1D3c75f010AAa107d,USDC,39.000000,41.007710
0x048133c93Bc2d2Fd62925F22f922DD8FF80b0364,SMAG7.SSI,10.476200,0.000000
0x048133c93Bc2d2Fd62925F22f922DD8FF80b0364,USDC,115.500000,0.000000
0x0483A646F250827082ae7cbb2397FAc6cfBCac86,USDC,38.030000,38.778045
0x0485E6C3B6412Ff718f1c8Bf813a21F1523aF271,MAG7.SSI,0.000000,201.128800
0x0485E6C3B6412Ff718f1c8Bf813a21F1523aF271,SMAG7.SSI,555.251300,0.000000
0x0485E6C3B6412Ff718f1c8Bf813a21F1523aF271,USDC,21.000000,0.000000
0x048918b71850272C0666d9108C4134133a24B87E,USDC,247.119581,6.000000
0x0489e850f075b57F8606471CC1Ba38Ab5Ae716C1,USDC,16.500000,16.500000
0x048b56E9E2699be39CbDaa240d79bc36451Ec4c7,USDC,57.000000,15.410732
0x04913B5a0D7e119b8dE5579d107F274c680c4eb8,BNB,0.024035,0.000000
0x04913B5a0D7e119b8dE5579d107F274c680c4eb8,SUI,0.000000,15.396150
0x04913B5a0D7e119b8dE5579d107F274c680c4eb8,USDC,40.000000,42.300053
0x0495777BFD261EaadC5a84A5f8A9242E9072E21A,USDC,50.000000,42.390725
0x0498c24926365e06DF120FD9643B4753294c873f,USDC,6.000000,0.000000
0x04990851F71f37C6CA0427BA8eC4E4765A237977,MAG7.SSI,15.034800,19.447057
0x049D07B784D458D3A07ae92a2caD88613D4668Fe,MAG7.SSI,82.759732,0.000000
0x04A5f82AE49BE5b603acBA163Da8A07cE07e3F32,SMAG7.SSI,14885.289300,0.000000
0x04B4c054D97e21A53aE639c175Af74a135F063f4,USDC,20.000000,20.000000
0x04C9502b3EE2cBE98ba3B716C532B3e77AedDFC0,MAG7.SSI,2770.383085,0.000000
0x04D8d4928259bE2140F604b31F9a9676910aA064,USDC,600.900012,600.318283
0x04DA7747bBCBc1452a5F766Ec7eb17c4176F8c87,USDC,15.000000,14.555145
0x04Df62E534A025C6Ba82569cfEb294763702ffA7,USDC,9.866104,0.000000
0x04Df62E534A025C6Ba82569cfEb294763702ffA7,USDT,30.990000,0.000000
0x04E6a95244714099fD1e986d973EB2e03541e1d9,USDC,21.000000,11.011235
0x04EA9292d65116E68bd438c6b7fD27B70126180b,USDC,123.850029,0.000000
0x04Ece7276e00F7FDe9645fa583fFD36652210734,USDC,61.000000,43.544066
0x04F3c49070346326B2f4CD4f37B23A9703399DE6,ETH,0.012000,0.011575
0x04aED710140857237522313f3b76A9941A840857,MAG7.SSI,31.000000,0.000000
0x04b69742659776c4fED55B38dDA5A5325a910145,ETH,0.063399,0.062722
0x04d5aaA3089bBE7960509C2e3c72d4c0c56350BE,MAG7.SSI,15.223400,0.000000
0x04dADaB99b51613209540cfDbaAE0e2373449E3a,ETH,0.017400,0.000000
0x04dADaB99b51613209540cfDbaAE0e2373449E3a,MAG7.SSI,0.000000,75.796152
0x04db97094B867387B5C42D4B31f9327a2919FfB0,USDC,1120.245676,1102.105163
0x050ed7939c33f3bD348a1Dab0832353004dc27f1,MAG7.SSI,5.100000,0.000000
0x05134494D2e872892B555e9d9Cf6E0388fdCC63B,ETH,0.063000,0.062691
0x05134494D2e872892B555e9d9Cf6E0388fdCC63B,USDC,0.000000,4366.729607
0x052010db75804Ae1b40d496E62Ea29cC12103Ac4,USDC,37.000000,42.182602
0x0544D752A81f3B136896e5E3F38871719093d76a,SMAG7.SSI,6.379700,0.000000
0x0544D752A81f3B136896e5E3F38871719093d76a,SOSO,33.535900,0.000000
0x05489E05d2E380A69b8DA0fDAc12b61F6803Fc91,USDC,39.465675,41.283023
0x054F1752B40b70D18c2E72955AA092e1fAc3E3e2,USDC,362.964890,340.102125
0x0554903FdD62FBBC670D538045421a3F84E84124,SMAG7.SSI,101.232800,101.232800
0x055b377F7790cF9d6cf9E04682032BDf8A919927,USDC,15.026400,0.000000
0x056728A2d08a2fCf537927f558E3102f31622DA0,USDC,38.000000,37.898053
0x057046eBe52Fd4C3816C61C88fA9316b6A1c620F,MAG7.SSI,32.000000,0.000000
0x05726a5402FfDB65aC474a65e078a8512f30B71d,MAG7.SSI,29.508912,29.489612
0x0574441D111AFc35EAf7678eBb5696A5C8494592,USDC,200.000000,214.007745
0x057D966139F4C0D9eF00B92D8bC4a2b1DcEF520f,USDC,26.150588,30.562187
0x057c4F6017684a3C82269e20451641a9Aef3DC19,USDC,42.080000,41.727332
0x0580C7Cb8f980fA86F645EBabf40BA3F61c5594F,USDC,15.002400,0.000000
0x0582fDcb65911CBEA17E41f73e409baCA8e737B0,SMAG7.SSI,45.500000,45.500000
0x0583d7f2C2274D1D5dEF876c09426Bce31Ef07D0,MAG7.SSI,15.631100,0.000000
0x0583d7f2C2274D1D5dEF876c09426Bce31Ef07D0,USDC,0.000000,8.033924
0x058410Cb638Aa6728158aD8A9E37a22f829304d1,USDC,17.069538,7.733241
0x05991f367E7f700E4bbC868d7342760837f63a64,USDC,122.900000,0.000000
0x05ABD4feD79a6bcDDF05EEA55b757Bd63Fba954E,USDC,38.000000,40.425073
0x05C9671Dec562b2C7cE22dB97BbE25C2071F46b7,USDC,76.521642,75.531448
0x05D482F789aBE97Df69E76f45a9c0e1355C02e96,USDC,16.000000,0.000000
0x05D8DCC94c9Aa9899Aeb3De4cAfFbee21cae7b43,USDC,15.022600,0.000000
0x05D922C31030cdb2DFFB1cbb5f3828996B8fe146,SOSO,17.541500,0.000000
0x05D922C31030cdb2DFFB1cbb5f3828996B8fe146,USDC,247.551963,11.376095
0x05E2579FfC446bB60a7Ca97B07B49D4FDdEeb9b8,MAG7.SSI,0.000000,5.000000
0x05E2579FfC446bB60a7Ca97B07B49D4FDdEeb9b8,SMAG7.SSI,0.000000,6.000000
0x05E2579FfC446bB60a7Ca97B07B49D4FDdEeb9b8,SOL,0.000000,0.102927
0x05E2579FfC446bB60a7Ca97B07B49D4FDdEeb9b8,USDC,34.757823,110.750201
0x05F1794607f6515017C3bc526A8d89A2D4230Ebd,USDC,141.186147,168.578826
0x05F5f9cf41ed9Fc50329a1305A5F97746049C161,MAG7.SSI,15.060400,0.000000
0x05F6CA715E30b225C3AbedDba20054A0FFb39e19,USDC,38.100000,38.050701
0x05b9116b68F98668f06F7FB5cFF2681BffD30e18,USDC,41.880000,0.000000
0x05b9E1E6954F3071bA56Ba18c93f56119DCEa030,MAG7.SSI,69.945934,0.000000
0x05b9E1E6954F3071bA56Ba18c93f56119DCEa030,SMAG7.SSI,424.495600,493.247696
0x05d3409FeE06726b4Ed058388f1c8dAb0a7552A9,ETH,0.020718,0.020013
0x05d4493495C151c17435602391FBBc9E50EF8229,USDC,17.495700,0.000000
0x05d8818608c0C9cdc9606F4dbaD32972175A389e,USDC,51000.000000,48025.049868
0x05de5718505C20C1B48EBb528A46730dE1D265eC,USDC,38.000000,40.449291
0x05e52C78B02Ec8CC0626584493d9CF8342F8Cc5E,USDC,550.160200,455.983680
0x05eeD077bF89A293b99Ba57DB93e82d188207B9A,ETH,0.062263,0.061233
0x05f9470fFe2d145c8a351F800aF08F6d92aE115E,USDC,20.000000,20.000000
0x060ABa849ea611370e79A01b59026CB9C325B2A6,USDC,10.974758,16.132139
0x060E357647282688aD1e3e5Bd377Efd058C3b7AC,USDC,37.008000,40.460554
0x060c080E4Ad529babB8D890eD88D0d85Eef0B9d9,USDC,1033.462679,1022.623500
0x0614A8a6BA20BFF974850840df3a7974E68FBE79,USDC,41.920000,0.000000
0x0614fE4ca021eD43D1854FDf3070240fFBe00BBb,USDC,37.564000,41.050752
0x0631a0E3eC1165f146c6d09D4FFeDb4B82F834d5,USDC,15.005700,0.000000
0x0635102Ab8F77115bD7445051E73aC9D9712D247,MAG7.SSI,9.958900,0.000000
0x0635102Ab8F77115bD7445051E73aC9D9712D247,USDC,1050.000000,19.884313
0x06395708d9815e754D8b43DE822738427a26aa4A,USDC,47.680049,49.900689
0x0639D1b5880799d98Db502512D53247c62BA382a,BNB,0.015434,0.005830
0x0639D1b5880799d98Db502512D53247c62BA382a,USDC,76.845901,87.046497
0x063e4cBb7561d3BD590a8b1fAb7b6f1f08550Dd8,USDC,37.000000,38.600642
0x0652CE724aF61fbD923089E0C9D697012CaA95e3,SMAG7.SSI,171.325400,0.000000
0x0652CE724aF61fbD923089E0C9D697012CaA95e3,USDC,352.000000,102.000000
0x06610B16b67250D4735B7b040d47e4E290EDCB42,USDC,39.000000,30.322415
0x066A4CD1062d0fb2D037bC691aedEE0e52B2945d,USDC,17.000000,8.868736
0x066D2c316C011FC4dbbAf49Adcfa63A5f1cd41D9,USDC,15.095700,0.000000
0x06781D17E2ad509460dc17Aa7Bb007301274d0ca,MAG7.SSI,0.000000,13.105411
0x06781D17E2ad509460dc17Aa7Bb007301274d0ca,USDC,6.800000,0.000000
0x067Aa5B030441957233a3dabcB98Edb80D16e43a,ETH,0.090950,0.090950
0x067Aa5B030441957233a3dabcB98Edb80D16e43a,USDC,1775.537006,0.000000
0x067F57Cf723bF48A62f9D3b0C1eaD0Cbf7Db2487,USDC,38.010000,38.719396
0x067e93c18C95D56c51b6bdCF403C360900ba9a73,USDC,16.000000,0.000000
0x067f64ad54cfa298Ba19279E4de65dAAAFFc2B70,MAG7.SSI,0.000000,9.283880
0x067f64ad54cfa298Ba19279E4de65dAAAFFc2B70,USDC,15.500000,0.000000
0x068748648DE1AFF79f8045a3E0B74b6f227f5837,ETH,0.010000,0.000000
0x068748648DE1AFF79f8045a3E0B74b6f227f5837,USDC,233.500407,81.000000
0x0690E2F33445d78E49DA1fDCb3330829d5B662a2,USDC,10.809207,9.810980
0x069B8EA96D85Fb41F6cE7e652c64155C6Cb7aF6F,USDC,5.000000,0.000000
0x069Ee88bc78956F9Cb976054c3CDa725aCcD56B1,USDC,196.400000,211.953147
0x069ca379D48260109c5Ac1B3FC0Bb223dc7bA5e6,USDC,43.761200,0.000000
0x06A9D7F472BEF060b79cC06E11AbCA822BFf42BE,MAG7.SSI,4089.162011,0.000000
0x06B090F3714D8a62086F9Afc689cE843F3fE858a,SMAG7.SSI,103.492100,0.000000
0x06CB898BD90BA726a1C8251Ee74eE88F0b716059,SMAG7.SSI,1098.779700,1100.279700
0x06CB898BD90BA726a1C8251Ee74eE88F0b716059,SOSO,1.600000,0.000000
0x06CB898BD90BA726a1C8251Ee74eE88F0b716059,USDC,999.900000,0.000000
0x06Cb7935c00D071D5580C0D4A47D8C9FA4632C9e,USDC,478.051000,408.000000
0x06DF4e4037DE47d29fB5821061Fe3BBA79E757ef,SMAG7.SSI,35.460500,35.460500
0x06DFa6dBfd45D3D78578dDB42bbE2C09d28E40e2,USDC,15.025300,0.000000
0x06Ddb0C757Ae28067a08334fb15EF946445D4E20,USDC,45.300005,0.000000
0x06ED5f274A1923fF5D549f904248C4354B8fC26B,USDC,15.000000,0.000000
0x06a6bAcD041bB9CB487F27A0144DAbe0C963b392,USDC,37.950100,36.200655
0x06fAB828AE50634Fe178893C973C80484F4bC881,SMAG7.SSI,1289.650000,0.000000
0x06fAB828AE50634Fe178893C973C80484F4bC881,USDC,350.000000,0.000000
0x070ACE1790aE25d2CB0032dD78B54Dca2D06ED1A,USDC,41.480000,0.000000
0x07212A3fb66eD90665BE6b4793d6b2ED86dcf1f4,MAG7.SSI,76.000000,75.920000
0x07316fF02f58C7C7551D1B7cFCa3C70c9894f72b,USDC,1000.000000,978.123268
0x07406607f52FD825d0ec0d7DCFA3ada609f6B0D3,USDC,15.000000,0.000000
0x074E141Da5333925b29a2C5384024B47FaBc3447,USDC,40.000000,38.905480
0x074c1a75e53D7a9Ec86400e879F21F0242f267F1,USDC,20.000029,18.524190
0x0750e865c5FEaE8175D1eD054d458c2De12A268B,USDC,15.026200,0.000000
0x0754c53B0aF398a2DEEE6072D21B3725Ea701b4e,USDC,50.000000,53.491762
0x0755801a4db337AC8e2828Fe0790cEA2949263A0,BNB,0.019171,1.654191
0x0755801a4db337AC8e2828Fe0790cEA2949263A0,MAG7.SSI,5.802904,1231.513504
0x0755801a4db337AC8e2828Fe0790cEA2949263A0,SOSO,8.985600,0.000000
0x0755801a4db337AC8e2828Fe0790cEA2949263A0,USDC,1999.882907,7.002782
0x07673a0D1911faE7D711b788E56286D5187aa7b6,USDC,20.000000,0.000000
0x07680A07a170A9d49c19EB8f55AA793fCB53FCF2,USDC,41.330000,0.000000
0x076c5542Ef788ADD3CBb0b0da5daA715346987Ab,USDC,16.000000,16.276210
0x07739dfc55e8643960C7Cf987D9258c087cAb976,MAG7.SSI,15.060000,0.000000
0x077fb7Aa520d01A92676358D928105C79da1290F,USDC,148.780129,111.896344
0x078572aDd5cB9a863a80bFd7932D0bdEf2009da1,MAG7.SSI,0.000000,76.722108
0x078572aDd5cB9a863a80bFd7932D0bdEf2009da1,USDC,40.000000,0.000000
0x0786D3fdCa66DCC25a31AD9f4419909bAa15CE4a,BNB,0.035590,0.000000
0x0786D3fdCa66DCC25a31AD9f4419909bAa15CE4a,SOL,0.040000,0.040000
0x0786D3fdCa66DCC25a31AD9f4419909bAa15CE4a,USDC,155.000000,179.163116
0x0789B11932c7d03f2f4e99AFCeBe39e172762d23,USDC,15.000000,15.343306
0x078Ca0b8B10891887c4c8F1Bc064F766565a9787,SMAG7.SSI,3148.909400,0.000000
0x078b3b45496807a95a345e1b408eD95b17B7eF3E,SMAG7.SSI,1938.293200,0.000000
0x078b3b45496807a95a345e1b408eD95b17B7eF3E,USDC,0.000000,359.449720
0x0798A207ddf3EEDFcf7B861dAF1C52dCF56B4498,USDC,15.016800,0.000000
0x079a3f853d5317B233aF2Fc30df73694257c8B1B,USDC,15.009300,0.000000
0x079aE74a4A96606630936BE4853161Df95EEFD2e,USDC,0.000000,70.428022
0x07A8e53Fe789b47Fdd2a43bba05556Df30004004,USDC,500.000000,497.141274
0x07Af3946D606446b7FC31AA7CF9a2aDA629164E3,USDC,51.400000,0.000000
0x07B157DD17507ccD1E1152817236d9389dee1E84,MAG7.SSI,75.740000,75.663700
0x07B4b2e9f5f2E990327156C61f727ad500702057,USDC,122.497147,30.000000
0x07Ba365EaDf1c5AE8595350443247033B46CF944,ETH,0.003755,0.000000
0x07Ba365EaDf1c5AE8595350443247033B46CF944,USDC,22.675872,40.305828
0x07C1b91f95e1A34C11ca605a2591a1Cd09a6aAbb,USDC,200.000000,191.142954
0x07aD6E4570b312DB5316E2567d7c516D7424fC3B,ETH,0.021857,0.043907
0x07aD6E4570b312DB5316E2567d7c516D7424fC3B,USDC,171.258102,155.554417
0x07b6e623DFB66A6255c731ae6F38ec764C745530,USDC,39.000000,41.609423
0x07b9940d31d20C473ecb3AE94ba14459749FaAED,USDC,40.000000,38.802936
0x07bb5b71e74bd7250C2e25A39d3bf155f7874459,MAG7.SSI,28.132500,0.000000
0x07bb5b71e74bd7250C2e25A39d3bf155f7874459,SMAG7.SSI,16.834000,0.000000
0x07bb5b71e74bd7250C2e25A39d3bf155f7874459,USDC,20.378367,20.355738
0x07c31fDa14De06D0314356723bB1C1c77b91dF0c,ETH,0.062395,0.061122
0x07c6Fdb573aC8Bb581E3Bf3599AB8724cCbd4f1C,USDC,700.000000,731.301875
0x07d34354125152397f62449356496b68f81B1f77,USDC,15.007700,0.000000
0x07d839734CC451FafBF07ea7d85c69Fdec86afAe,USDC,37.322000,40.932915
0x07e5276DbC8603B9B1f74734397e50c8EA65b590,USDC,500.000000,503.587300
0x07ea183e0e52a794E468d1592d2941af0b6eda49,USDC,15.100000,0.000000
0x07f47826e252C0D9B68cF1A88FAd147114B090E2,USDC,16.000000,0.000000
0x07f82c3d744cD8e411838329992a2a27413026a6,USDC,15.000000,15.327276
0x07fac584CcD74f05b7F860530EC62258B76EfDE4,USDC,15.000000,0.000000
0x080C10d09d4705db7d90a0676794853B8E8F640C,MAG7.SSI,0.000000,75.914874
0x080C10d09d4705db7d90a0676794853B8E8F640C,USDC,40.000000,0.000000
0x08159B567360D3eeB879FC97bBDA15A94Affc400,MAG7.SSI,30.100000,5.000000
0x08159B567360D3eeB879FC97bBDA15A94Affc400,SMAG7.SSI,0.000000,24.998145
0x081775DA2A994DF457e724c74C977A89255dD64f,USDC,39.000000,41.396192
0x081a20E36fc568746A147B16227E2500dFF33D9b,DOGE,422.779730,0.000000
0x081d269B59C88F3C4e6D9894378AD09F3eC5f037,USDC,0.000000,21.315253
0x081f7cD9ff1F3Ba9D602283e13f23A0e9c84a694,USDC,74.453860,71.724317
0x082fFC5d45DeFE06D5770b32084d7D2900C19bA8,USDC,1986.000000,1989.900000
0x0833187aD3769cB3B89ad88AfE9f1c04C8aB56AE,USDC,70.118491,9.930000
0x084B932D37F765e2FAC6cB939F0A2dd89222e7E9,MAG7.SSI,0.000000,75.310025
0x084B932D37F765e2FAC6cB939F0A2dd89222e7E9,USDC,39.990000,0.000000
0x084e0893Ca9680dd7D29996D1ec5781a236A64c1,USDC,39.751100,0.000000
0x0851D7AcD8aDA1a05a0946198B78Fe0ACCC326Fb,MAG7.SSI,699.811667,0.000000
0x0851D7AcD8aDA1a05a0946198B78Fe0ACCC326Fb,SMAG7.SSI,997.273500,0.000000
0x0851D7AcD8aDA1a05a0946198B78Fe0ACCC326Fb,USDC,230.000000,231.045720
0x085692D6B7ED67F3967e5d5151941bEd506D0A1d,USDC,43.100000,35.310000
0x0857363bebc294aC4276397a3cd2984091D0Ac1B,USDC,200.000000,198.241306
0x08588c375CBC41783108557282A1CC0febcd14E0,USDC,15.000000,0.000000
0x0868b667d27e32Ee3a63738DDf4A69A71eC830E1,USDC,38.600000,37.731011
0x0871EA4be14000429E5fE6d3B8697fE9cda90186,USDC,15.100000,15.100000
0x0879A87D6D1Ea21C902946F2dAf80a7FAD77BC84,MAG7.SSI,246.981540,237.225270
0x0879A87D6D1Ea21C902946F2dAf80a7FAD77BC84,SOSO,113.093100,0.000000
0x0879A87D6D1Ea21C902946F2dAf80a7FAD77BC84,USDC,2067.009650,2006.518713
0x0879A87D6D1Ea21C902946F2dAf80a7FAD77BC84,USDT,921.318652,0.000000
0x0881b31f37EFa59d5e8e7854DD976Ca29dF18F5c,ETH,0.007745,0.000000
0x0881b31f37EFa59d5e8e7854DD976Ca29dF18F5c,SOSO,99.308085,0.000000
0x0881b31f37EFa59d5e8e7854DD976Ca29dF18F5c,USDC,53.691764,16.645277
0x088bBFEaF3350604daE077f7Ee0625b412bc9518,SMAG7.SSI,3231.294000,0.000000
0x0893C749b4a39E8c682E7C7f8D858C4595dAfB66,USDC,15.000029,15.000029
0x089648154884c5A7352229d3AC9A2d22Ca70Cb44,USDC,39.000000,41.249901
0x0896B03Ea51b5Bb724924e4480E18Be52fFCf583,MAG7.SSI,15.018200,19.710642
0x089A80A47Be46Cc3FCc6aF087a4290B9713A60F0,MAG7.SSI,29.968638,29.960038
0x089d13beFC57A61058F694265fd2949fba54b3E6,USDC,39.000000,41.278392
0x08A5AbBADE424364f96ae5F8748bBc05E7a63d7c,USDC,180.036767,179.451781
0x08A5AbBADE424364f96ae5F8748bBc05E7a63d7c,USDT,19.500000,0.000000
0x08B70786ddEA6c55145136e071a10284097b2b98,USDC,40.030000,46.753736
0x08BFEFeDEF0df82B639C94BE2da0743F08c715A1,USDC,39.457470,41.472391
0x08C125586470588c4E60467154593107715CF8CA,MAG7.SSI,0.000000,13.201457
0x08C125586470588c4E60467154593107715CF8CA,SMAG7.SSI,0.000000,14.967635
0x08C125586470588c4E60467154593107715CF8CA,USDC,15.000000,0.000000
0x08D8F5E9Cd343fC8ce039d9DA2faf76323514CAb,ETH,0.007911,0.000000
0x08D8F5E9Cd343fC8ce039d9DA2faf76323514CAb,MAG7.SSI,0.000000,34.481255
0x08DE90E44EcBe74431c0b9a67B4a56d75732e660,USDC,15.013700,0.000000
0x08EeC0972E87801d6BB8118567fD1E6cDea9330E,USDC,35.630000,0.000000
0x08F3fFB526cdb54500409C5b749a04F875C55163,USDC,843.993207,833.593834
0x08b35d6cffFF52e3D619140Ad88ED43d9C6e66D8,ETH,0.030000,0.073073
0x08b35d6cffFF52e3D619140Ad88ED43d9C6e66D8,SMAG7.SSI,100.658400,0.000000
0x08b35d6cffFF52e3D619140Ad88ED43d9C6e66D8,SSOSO,134.929300,0.000000
0x08b35d6cffFF52e3D619140Ad88ED43d9C6e66D8,USDC,605.000000,392.636374
0x08be7fF2D1395e0ADc7Ca47eff8156297BA3F923,USDC,10.590455,10.590455
0x08d7c2Ab2c6940e4C04EBfce87BF8AB51580ae97,ETH,0.004000,0.003891
0x08f19af29AF1787238C358ffc0328a24ccf78753,USDC,40.000000,38.875969
0x08f79cE1e583f0AC9279D89c7e3D1F88021E718F,USDC,212.400000,0.000000
0x08fA57a74AD9af874Af9F3F4bb42b7029b44E60a,USDC,101.602132,100.978463
0x0900207531A11da07d1E55d57E18cE0AA6CF4e15,USDC,1114.685058,1104.058376
0x090195e7633e6a93d1a5712C179686E05116E4B5,ETH,0.017400,0.000000
0x090195e7633e6a93d1a5712C179686E05116E4B5,MAG7.SSI,0.000000,75.796152
0x0908Ccc917E711D086bd52da33e831b38Dd76bc3,BNB,0.011498,0.000000
0x0909C4F2D04055e73Fb2009E8f95130D3E4DA2ED,MAG7.SSI,305.022417,0.000000
0x0909C4F2D04055e73Fb2009E8f95130D3E4DA2ED,SMAG7.SSI,303.047300,0.000000
0x090af885d69d7Fe41D8B131e7690C7A23E1d0B85,USDC,39.500000,41.652558
0x091aD4F540deb8b5907481ec5b6B5ED002ea15dF,USDC,15.000000,0.000000
0x091ce190cF435ACB3Eb9a49ED73Bd4b0EA0FDa12,MAG7.SSI,15.136500,0.000000
0x092707A1878f0725e87662Aff1E73474f1eD8B68,SMAG7.SSI,5.000000,0.000000
0x0931aE7963C497524761efeAD9f23c535Bd658ae,USDC,15.000000,0.000000
0x0933a4bf5581D1140c721993232266f270a519Ca,USDC,948.105665,937.985150
0x093941365Ee6d18a171E45cb34a3Da2Fa2eF0dEf,USDC,35.000000,34.038872
0x093D8DbDEc076F20C57e9657E5431A385A170674,USDC,47.641336,0.000000
0x0940421deEe1C2D33F4F41EF10d74eb95Cb3Dd14,USDC,278.941282,13.515872
0x094241336A7E62Cbc113b6017D2B3340490243dA,USDC,36.750100,0.000000
0x09432Cf368E177eE2860677eaBd4fc0CEeA1a6F1,SMAG7.SSI,0.000000,15.966412
0x09432Cf368E177eE2860677eaBd4fc0CEeA1a6F1,USDC,15.500000,7.271540
0x0946e67b519C3968e3e15c5CFBb0dA8Ce7275c53,USDC,15.027000,0.000000
0x0950B3cd215b7EfA3AAa5720C6A30c758330B56d,ADA,0.000000,2281.901055
0x0950B3cd215b7EfA3AAa5720C6A30c758330B56d,USDC,565.410000,0.000000
0x0951bcbF2c7B505705196cb01F9eaE7958F7388a,MAG7.SSI,30.312763,30.312763
0x0952531cc8965478C58d0aF3AaD50998CcB0391E,USDC,928.767129,917.064121
0x09534273Cca5a9A060C0bd5C4101B27Bb2a32d5c,USDC,106.972390,106.395234
0x09542A51caf22F00B3A587e9388d67E7304B2742,USDC,352.081076,295.744780
0x09577339955A722034ec2C97f0b915208C1C1a86,MAG7.SSI,0.000000,80.946298
0x09577339955A722034ec2C97f0b915208C1C1a86,USDC,39.506357,0.000000
0x095B25966D5BB126a419f16C0D5F2e7166C3710e,USDC,37.779000,41.261990
0x095a3fFd95Fc7aa52c14E7b7a1299EB6639edE8a,ETH,0.062162,0.061589
0x095cb5214c58099897B81ff649d2b74755c61Fcb,USDC,15.000700,0.000000
0x09678F99bA04Bcd5f7C395b95B33Ce4eA7fF297F,USDC,39.840000,41.716856
0x096a67535e8AD1605043499fcdA1a7AE212765E1,MAG7.SSI,15.098400,19.440557
0x0974edebe43ab6Dc4A6BD615AFD9642210098Af8,MAG7.SSI,75.620000,75.543900
0x09803aB0C1379E2Fc1B3101b474001Ece387e783,USDC,15.000000,15.318188
0x098130c3970DD51c64C0D9C554C3F1f2789b24E3,USDC,23.010095,17.642346
0x098252614483a07a51464703FAf52511b565e05f,USDC,1047.527645,1037.600243
0x0990b2f23A730c887dd23857Ff735Cd2Ee54CF98,USDC,39.000000,0.000000
0x099A315d8195c360d3C0935b266187C21faef43f,USDC,15.007800,0.000000
0x09A3A6f1ba802a6Af87c8D725C4E50C4A2e8A067,SMAG7.SSI,507.866000,507.866000
0x09AbB16085E821a5fd0f6bd5b90897259cD5212b,USDC,421.280848,414.948028
0x09C0EbF83A7BE91B30253953b4899cd282f453d8,USDC,39.230000,39.356927
0x09C4b41036Ec8e4fe99A87c37B6be094A21Ce65B,ETH,0.040406,0.000000
0x09C4b41036Ec8e4fe99A87c37B6be094A21Ce65B,SOSO,22.453075,0.000000
0x09C4b41036Ec8e4fe99A87c37B6be094A21Ce65B,USDC,768.700764,499.965721
0x09C4b41036Ec8e4fe99A87c37B6be094A21Ce65B,USDT,107.192082,0.000000
0x09CB215492c4916DFB9FB9e8994b4d0529747c7D,MAG7.SSI,15.000000,0.000000
0x09D9488c45d45f136a673CAD80C1b6c814589d7e,USDC,41.000000,42.255612
0x09E4dF3dc45806b04a5E38BE51FF1eBb2F8E29E7,USDC,48.707555,5.497825
0x09Fa619759c6BDB803068c1055dDabf219a8aB12,SMAG7.SSI,32.606700,0.000000
0x09Fa619759c6BDB803068c1055dDabf219a8aB12,USDC,684.765670,456.604142
0x09aa2D327e2F82d1bDE710B61492de037b029492,USDC,15.000000,15.214402
0x09acC81EB6af9F43489cDcCAbF7765c76d105E1f,MAG7.SSI,75.000000,0.000000
0x09acC81EB6af9F43489cDcCAbF7765c76d105E1f,USDC,863.509653,830.846395
0x09de57e7ebf255243f875fdbF3b0C573280f0ab4,USDC,16.000000,0.000000
0x09eAe205E5F4c81eAf8bB73a31e1b3A8c7163a93,USDC,40.500000,0.000000
0x09eB3e822EfcAeB543B925b2F4BB17f13a876e53,ETH,0.020000,0.000000
0x09eB3e822EfcAeB543B925b2F4BB17f13a876e53,USDC,6499.000000,0.000000
0x09f35272Edb9a9404b7405e87c37Af877dBeB52b,ETH,0.004500,0.000000
0x09f35272Edb9a9404b7405e87c37Af877dBeB52b,SMAG7.SSI,669.000000,0.000000
0x09f35272Edb9a9404b7405e87c37Af877dBeB52b,USDC,0.000000,524.534309
0x09fa4a9f481eC7e384dD9fb2A2d349e3d3C5c509,BNB,0.000000,0.004996
0x09fa4a9f481eC7e384dD9fb2A2d349e3d3C5c509,SOSO,14.810128,0.000000
0x09fa4a9f481eC7e384dD9fb2A2d349e3d3C5c509,USDC,135.879870,39.903228
0x0A053570A47861DCfec675168a9f5e75f37e3487,USDC,43.762200,0.000000
0x0A0ED1C073d089c5384833d4fa1b31E7ddB8b7bf,USDC,103.600000,103.549310
0x0A337b9267378dE9A5E0d2A7F2d664124D2d11e4,USDC,15.000600,0.000000
0x0A3954Adf61aaa724Ca952D99Ab914B7099Dc102,USDC,209.134340,0.000000
0x0A3CdE3ce42df0db0906Fad4440EB371206e3C39,USDC,42.528238,44.058225
0x0A64d045DEfC349a44B0bF21CaeD7B0b67ab1C1E,USDC,15.400000,0.000000
0x0A6890AF764706BC9232E0eD46A0B5f04B925a35,USDC,7.960000,0.000000
0x0A6C4579B719b261D026e550e14501952f5A67cE,USDC,8.018322,0.000000
0x0A7e71a704683F401BE6714adA5dd1e0c8300817,MAG7.SSI,0.000000,25.295000
0x0A98FfB8E9702E093AfBefD50A228E6B4b8A1a80,USDC,25.300000,10.000000
0x0A9E0E6567D96ff13136edB2759de17C05924755,MAG7.SSI,83.648480,83.575600
0x0A9E0E6567D96ff13136edB2759de17C05924755,USDC,16.860000,16.860000
0x0AA703e680bb8deCe1550e5602C71A92791b4D14,USDC,61.000000,43.480349
0x0AB0D35493477CB574d1fF1661BAf43005eB7F8A,USDC,38.800000,0.000000
0x0ABDF17aE5C2b19A9DfE0903475070d5b8941570,USDC,1132.427163,1116.760210
0x0AE1A4459926A2D0c5D4F0F38B2394DdE87C6CbC,BTC,0.000458,0.000000
0x0AF26077BD99475c2C33579A7fcEe3F31F1D4E8B,ETH,0.215499,0.000000
0x0AF26077BD99475c2C33579A7fcEe3F31F1D4E8B,SMAG7.SSI,8.000000,0.000000
0x0AF26077BD99475c2C33579A7fcEe3F31F1D4E8B,SOL,5.100000,0.000000
0x0AF26077BD99475c2C33579A7fcEe3F31F1D4E8B,USDC,1123.027305,1218.717435
0x0AF5775e313B079c43605C5F19e23FDd81Dd1716,USDT,15.700000,15.700000
0x0AaA9BC932Ad57c8c8ca9A7ff0b56336a0786E8c,MAG7.SSI,302.769465,0.000000
0x0AaA9BC932Ad57c8c8ca9A7ff0b56336a0786E8c,SMAG7.SSI,2066.768400,0.000000
0x0AaA9BC932Ad57c8c8ca9A7ff0b56336a0786E8c,USDC,50.516233,0.000000
0x0Ab434551041d9Ba44eA004e34deC519175CA744,MAG7.SSI,40.000000,29.969900
0x0Ac42DbA3460dDfd37cEE762c414E417B0c5d311,USDC,17.000000,17.000000
0x0Ad7F01FA036972Dd09321CaE5913132963fCAcD,USDC,39.000000,41.318749
0x0Ad812CCA7D02aB7CC6824412999Fc43c4D7070d,SMAG7.SSI,5825.349200,0.000000
0x0Af9b4a754280c751e8733D5eBFe5E355e66Ff1A,USDC,45.000029,0.000000
0x0B03f94b2fdc7b7b8279DFAB2339eA38fff83680,SMAG7.SSI,0.000000,83.055176
0x0B03f94b2fdc7b7b8279DFAB2339eA38fff83680,USDC,43.000000,0.000000
0x0B072F4939398C64D0Ae9162D5f27063b34BABCA,USDC,39.000000,41.292620
0x0B4Ec90a1ce9A96F62130a8b032919542176e30F,ETH,0.002285,0.003483
0x0B4Ec90a1ce9A96F62130a8b032919542176e30F,USDC,93.003779,142.967398
0x0B6CB119FA3C9e5c8e71cF78A7D5aD64a7FD9BE1,ARB,25.590000,0.000000
0x0B6CB119FA3C9e5c8e71cF78A7D5aD64a7FD9BE1,SOSO,110.008928,0.000000
0x0B6CB119FA3C9e5c8e71cF78A7D5aD64a7FD9BE1,USDC,293.092926,324.051122
0x0B6CB119FA3C9e5c8e71cF78A7D5aD64a7FD9BE1,XLM,0.000000,364.378200
0x0B717Fa84CFdd2f3029b4211310874c9a93395c9,USDC,15.029400,0.000000
0x0B731676aF458F1511ff9eB3E0d7E2A7482Dcac1,USDC,41.450000,0.000000
0x0BB9Ae9B051dB283bA4B3A106980000a19e975b3,MAG7.SSI,15.019800,0.000000
0x0BD06A8c99fd22896915F286d3DC5B6B2Fdbfa54,USDC,20.000000,20.000000
0x0BEF4444F571BeABFa3cD978c88FA57F3881B904,MAG7.SSI,75.000000,74.924800
0x0Bb7A0194D4bD767EA78Aa5B6C0bA1CA1DD7ffF0,USDC,98.000000,10.745855
0x0Bb9b62308ba00032f58c9d5FCD08eED5a4ce19B,USDC,15.003200,0.000000
0x0BbCEf41308B913C04C57EFBFb93Cd521E46406D,USDC,15.950100,15.950100
0x0Bc2b4E66cbbFe0B863F097e4233a52F522e928a,USDC,39.000000,41.265782
0x0Bd4f437564CbaF9849aCEfEFD82d859cbA02d5d,SMAG7.SSI,1151.893200,0.000000
0x0Bd4f437564CbaF9849aCEfEFD82d859cbA02d5d,USDC,17.000000,0.000000
0x0Bd9d77E4274c0Be544f5650B1524126b3B05b98,SMAG7.SSI,141.339600,0.000000
0x0Bd9d77E4274c0Be544f5650B1524126b3B05b98,USDC,0.000000,76.923921
0x0Be9594D77bE518aF7C0fEb66530E1EB7C0B6572,USDC,65.100000,68.195000
0x0C0cf825707B3235962DaB0E8fDc2B8d97b70463,USDC,19998.500060,8946.391158
0x0C1E31b21bC0346e4Ef857b6f02a97D9E93D762A,USDC,43.764200,0.000000
0x0C246c5cf853F007497d21117B32322Cea46a866,USDC,200.000000,191.078354
0x0C2f744a3e59442438c4763ec3f741c5b0838473,USDC,477.775600,385.937250
0x0C3fCADf06A17cd50A8a0710919a3C60f608632C,USDC,15.002840,6.217530
0x0C4A99C63D59c6a646222Df888ab9B19cb60799e,USDC,103.600000,103.549310
0x0C585bF5D2B4Cae9ABcf77e6628789E86a859a7b,ETH,0.003450,0.000000
0x0C585bF5D2B4Cae9ABcf77e6628789E86a859a7b,SOL,0.175000,0.000000
0x0C585bF5D2B4Cae9ABcf77e6628789E86a859a7b,USDC,23.844553,21.597961
0x0C5dcb2d26B7A57022eD2CE9886494aBcb19F378,USDC,16.000000,0.000000
0x0C77Cb2B7ebd5d4DAaa356E0E8a1F32bEc20f416,USDC,193.500000,0.000000
0x0C97faE6a041516290C41ddca1ec32d3FCE982c1,USDC,383.072200,290.964468
0x0CB8bA1Ee54F91604f687ddf357A3243bb0d609A,USDC,39.500000,38.649991
0x0CFda76bF89e5816B4dB47c637ae647c77dBA72d,MAG7.SSI,0.000000,78.507290
0x0CFda76bF89e5816B4dB47c637ae647c77dBA72d,USDC,38.100000,0.000000
0x0Cac96D29d0CCb64043DDF86A7caB8BF251d5403,USDC,1654.143363,1240.891795
0x0CdC013d5db095Fa52FAa11a1eBC10F8b89B48Ce,USDC,38.000000,40.458369
0x0D2746BD35383aDAb5e0f8eEaA27D32e6BF1035A,USDC,39.970100,0.000000
0x0D2770e71536FCf08E06A86775d94DaEe57cd332,ETH,0.003700,0.000000
0x0D3651A3b88BDd02A8f537567Db19923B3d180eC,USDC,16.100000,16.758068
0x0D37cfD0E44833D9078A2b9b743aDC5c5A6FB8ec,USDC,15.130000,0.000000
0x0D497Bc45355F77Bd17c355086Eb46b6F0A39C0D,USDC,573.902518,565.203372
0x0D50604bD9eD3F617A40d15028dcCC95B1bf2d62,USDC,40.000000,42.169422
0x0D5C8F024621913453F700Fd2c16d3E71b548de5,USDC,140.092400,137.135283
0x0D6Dc17f003e5a46FAe062732403EC3a75E4Fa49,USDC,180.986940,170.852803
0x0D6d9571A63FC207A5e9ccb862bc554A7Ab66f58,USDC,15.004800,0.000000
0x0D73A93D9790B149839E1692CC02Ecb97Bd689b5,USDC,49.800000,0.000000
0x0D771508B8581304a7644aD64e00EF1FAB0517dC,USDC,15.021800,0.000000
0x0D8AbB5c81EbD754370567c040d81aCdAA3a8622,USDC,1.200000,0.200000
0x0D974daA81986F4760B301b00C1385D24c6D494e,USDC,706.372268,686.133864
0x0DA0c5eC5373Cae1F442c26E2b904107E7426C90,USDC,39.950100,0.000000
0x0DC058480A3315770A08dF8F225441c4C9Fdff1E,USDC,104.200000,98.039531
0x0DDe03486Aa1F96a752D141b64E65cbacf4dd9c2,MAG7.SSI,75.000000,0.000000
0x0DDe03486Aa1F96a752D141b64E65cbacf4dd9c2,USDC,941.287068,930.617962
0x0DE2bE5fc0A19467Aba0eb4217495a46300D23e4,ETH,0.004400,0.000000
0x0DE2bE5fc0A19467Aba0eb4217495a46300D23e4,USDC,833.000000,0.000000
0x0DF5F5183B08fb5a85C50f7DA66C9BE2e4952277,USDC,416.023590,0.000000
0x0DFE395A5BE96384FaA9B9cA66Dab2B5e220C8a7,USDC,103.600000,103.549341
0x0Da353398C075a750aCFfc29e16F2BbAC849c33a,USDC,77.000000,15.673352
0x0Db59128695Eb2449629C20Ad1feF46879e682fb,USDC,15.013300,0.000000
0x0Dca2d77efB417EC8DCEc7A151bf949c8f8E1C1C,USDC,15.000000,15.037917
0x0E1c0527dA73A4E254E46087580F6e2C4ab56457,USDC,15.000000,0.000000
0x0E3022923d8482FFDCd1d16F44952A9BAf9f6a12,MAG7.SSI,76.000000,75.923800
0x0E4006027Ac6187f067F66a7289273C451CD5B8D,USDC,22.114327,0.000000
0x0E527A070bb35918c93c39DCf3AcAd8586dFcaFB,USDC,15.230000,10.874205
0x0E6356D361EE97ed25400363AbfDC8564fb7ACe8,SMAG7.SSI,5.000000,0.000000
0x0E81f7Cd9DcFB42Ac9E7C4ed62251B739e4041bb,USDC,15.120000,0.000000
0x0E8Ce0eB29D531936914E3426f9481C18deBe912,USDC,77.404300,48.369732
0x0EB3d962fde6E985aC6fF90D0d35722bF815e6bC,SSOSO,19.778000,0.000000
0x0EB3d962fde6E985aC6fF90D0d35722bF815e6bC,USDC,186.868565,97.962208
0x0EB3d962fde6E985aC6fF90D0d35722bF815e6bC,XAUT,0.000000,0.002291
0x0EB9Dc781970104c1b594e936cD1c067dfa25086,MAG7.SSI,30.452000,0.000000
0x0EBA39b99304a0f6c0e05473dadB68e134982f91,USDC,80.582704,80.582704
0x0EC4A33aEf469014826435dC9aE03764f3E53423,USDC,151.902353,141.934762
0x0EF5C39Dd358082F698a6745ae3EA8Fd2CAf7d1b,MAG7.SSI,75.000000,74.924800
0x0Ea0Af23594748075E9411AB47c74EF77E2B7b0A,USDC,39.000000,0.000000
0x0Ec13f42B12c1C1aCE0db96b41CB5805AB015DE2,MAG7.SSI,15.320200,0.000000
0x0Ec13f42B12c1C1aCE0db96b41CB5805AB015DE2,USDC,0.000000,7.814747
0x0Eef6D949f3C26B489A9D8e573c3465dF4436b7B,USDC,677.031385,677.460815
0x0F077B2E454d6a7f342e8225307283568d3a2C0C,USDC,20.020000,19.377657
0x0F0Cd402A28E6Bf428E28aA9c6421830cE3b2081,USDC,643.843844,630.006748
0x0F0F66624886f2492897985DF5D173F32A8130B5,SMAG7.SSI,21.250600,0.000000
0x0F0F66624886f2492897985DF5D173F32A8130B5,USDC,183.468431,182.319710
0x0F1e684efE25FAd09353C8E2d6A785bD817a2f88,USDC,15.008400,0.000000
0x0F1e992eC12A5988d3543adC48866053CCe32d8A,ETH,0.013473,0.000000
0x0F1e992eC12A5988d3543adC48866053CCe32d8A,USDC,137.976402,182.811814
0x0F212050826350B5A4058723Cf126f7E9fe68613,USDC,100.000000,94.000000
0x0F223Dff456A9d2478B7E09ac34EF88EB5296468,USDC,16.000000,0.000000
0x0F22cc22c8F1cB2975e2535BE0222aE854589aD6,ETH,0.010000,0.000000
0x0F22cc22c8F1cB2975e2535BE0222aE854589aD6,SMAG7.SSI,44.640700,0.000000
0x0F22cc22c8F1cB2975e2535BE0222aE854589aD6,SOSO,4.000000,0.000000
0x0F22cc22c8F1cB2975e2535BE0222aE854589aD6,SSOSO,101.267300,0.000000
0x0F22cc22c8F1cB2975e2535BE0222aE854589aD6,USDC,80.080000,15.034404
0x0F22cc22c8F1cB2975e2535BE0222aE854589aD6,USDT,20.150000,0.000000
0x0F81a3416776c158cbE3512822d121D37d33e0b4,MAG7.SSI,0.000000,15.108904
0x0F81a3416776c158cbE3512822d121D37d33e0b4,USDC,64.257329,57.157329
0x0F94Efa47D58254992eC9B870f88EEdAC5A5bb5d,USDC,50.500363,0.000000
0x0FCd79c95E676265ea55320A5AA1745457531182,MAG7.SSI,15.043500,19.435764
0x0FF69aF2b9fD802758baa726Eb4fE75e38E9aFBd,MAG7.SSI,15.038300,0.000000
0x0FaBF63fF612D3103115dA09905AE8B744d9E258,MAG7.SSI,0.000000,46.740000
0x0FaBF63fF612D3103115dA09905AE8B744d9E258,USDC,505.140000,29.590000
0x0FaBF63fF612D3103115dA09905AE8B744d9E258,XLM,0.000000,58.950000
0x0Fe7434DDC5A0D2208ddBa4463B01FCE07A982BA,USDC,37.000000,42.546534
0x0a002ccA060EBc760E9d0568f47F78329de6D7e4,USDC,593.754485,584.690992
0x0a18740755b369914aD97E3aC91a3781b03A136f,USDC,39.966100,0.000000
0x0a358C8B4d2710CDC9F499a31412E8F90670F423,MAG7.SSI,0.000000,79.550021
0x0a358C8B4d2710CDC9F499a31412E8F90670F423,USDC,40.980734,0.000000
0x0a4F6aD72C8Cca8525387b58AA60BE52F09F9824,USDC,20.000199,11.463436
0x0a582Ba74a7B7445Ad9c0F4AbdDD049879703f52,SOSO,1.999800,0.000000
0x0a582Ba74a7B7445Ad9c0F4AbdDD049879703f52,USDC,34.722443,32.450238
0x0a62F845003f65D7e304dD5B05FFecbCCd95Fc3F,USDC,42.476402,43.997400
0x0a6a4bF52bd20e2C0E6f745b4183ae05A70ad25f,USDC,15.270000,0.000000
0x0a76ED650C99fe2b65Eb54442d1c9A42eeAa3461,USDC,1139.727523,1130.790318
0x0a7b55C80f270B46098ff86c826D33E6FD333DA0,USDC,40.000000,38.675122
0x0a7c5dfaDDdD107ca1e8700Bed47C0D1Ac025257,BNB,0.014836,0.000000
0x0a7c5dfaDDdD107ca1e8700Bed47C0D1Ac025257,SOSO,53.940000,0.000000
0x0a7c5dfaDDdD107ca1e8700Bed47C0D1Ac025257,USDC,17.376574,54.628683
0x0a89767c379F9D64f48cf7a0C5aA7874953f3FEa,USDC,15.004800,0.000000
0x0a8CeA42F0EF76eeD344eB8Ed139bDb74C591Bf3,USDC,21.000000,21.000000
0x0a8b54e859C334FdC853c349252140ce3A5BB347,SOSO,8.580000,0.000000
0x0a90350489003A9132409EBD2987BC52313710aB,USDC,38.010000,36.484304
0x0a93210F85463e3b1504112b27a24372A9Fc1Cd7,USDC,21.621338,21.464795
0x0a9C83a0c8195132141C6630b1EdbF09aA1e820F,USDC,15.000000,15.162662
0x0a9ea55CfD48e841fb221E4EBa4dB3BEbBfEb6d9,USDC,16.000000,0.000000
0x0aAAEBACfddE94f4c8c2382a87f4DE37D765F227,USDC,44.461200,0.000000
0x0aB183eb102a09B66F039eE1337E5D5EeE17d324,USDC,20.000000,13.175841
0x0aa4D3388A5404E98691057Bdc578600Ea5b3F57,ETH,0.109980,0.000000
0x0aa4D3388A5404E98691057Bdc578600Ea5b3F57,USDC,0.000000,126.000000
0x0aa5F39f55615E7ea3173Ac5dfd22a025A0bA6de,USDC,39.980000,41.796614
0x0ac6F73f90896F659cC38944043E1087aB5F6909,USDC,37.950100,36.236243
0x0adc56451DBdA6cc446634A32736CaB5A353f868,USDC,580.889176,568.887797
0x0b06fEE9B2be578eCF362cda80617Dc3a4fCf3DB,USDC,42.759418,44.795653
0x0b0Ae3D821654d9a623559203fB07b6bBbcc49ed,USDC,42.000000,43.958402
0x0b0Ff2315B69542efbd9F15EEf5feB7cf7d551eE,USDC,15.100000,15.100000
0x0b0b7b849de77361BbDfc67f1Ae9D101f0ACbA03,USDC,40.047187,0.000000
0x0b1335636DDBEae5D2Cf029bf7ef26Eeb2bE2564,USDC,15.300000,0.000000
0x0b2Bf6332FeD1352d6E3553B1622Cf3E56c13E56,MAG7.SSI,75.549200,75.473700
0x0b5A3819bc51ed4A96BC2c1522f2F8eF916462C6,SOSO,18.248939,0.000000
0x0b5A3819bc51ed4A96BC2c1522f2F8eF916462C6,USDC,1022.534740,0.000000
0x0b5Ef4af7c8838c24d64eBFcfa42b79A53eaFAa8,USDC,229.000000,226.566641
0x0b705192c52cf9Cd5D96B8D9f8bDf93B854D39b2,USDC,55.610000,0.000000
0x0b801b62455059B1158f33858F01cD31977F5476,MAG7.SSI,31.836671,31.788471
0x0b8291070D22c844a2600E88f7b1Ed269caFB4C1,MAG7.SSI,75.980500,75.904300
0x0b8605f73dDC7926A5632292a5708fF861D3aAcB,SMAG7.SSI,81.936200,78.718681
0x0b8605f73dDC7926A5632292a5708fF861D3aAcB,SOSO,165.987408,0.000000
0x0b8e3fC635032eD886894196D2DfdF9cD33A8bDf,USDC,38.000000,40.473646
0x0b9cA2E5C09CebdFC1A57535F1576fA16d3eC868,SOL,0.000000,1.954728
0x0b9cA2E5C09CebdFC1A57535F1576fA16d3eC868,USDC,175.958789,0.000000
0x0bB42Cf3BcB937eB2558f5d3502c8cF1AC91ff67,USDC,15.819666,0.000000
0x0bCf18ddDC6cFce097561e3a1B0802E6d33Fdf22,USDC,41.800000,0.000000
0x0bF24Ef7D718132CbB5AB2FF4806CE5A53b7023D,USDC,37.500000,39.372341
0x0bF97C87c1Dc8D01e2a00B9D2E7B814721B6ae58,MAG7.SSI,0.000000,76.722108
0x0bF97C87c1Dc8D01e2a00B9D2E7B814721B6ae58,USDC,40.000000,0.000000
0x0bad1df28A94ccb27cc57566B6Ba80047DEc35D6,USDC,40.022000,0.000000
0x0bb617b6A7dD8d2632121f7ffFcF73f3AaE0964c,USDC,90.034069,69.256295
0x0bc2d2B6229F20160c794B977Bc8466233d47A0f,MAG7.SSI,9.938540,0.000000
0x0bc2d2B6229F20160c794B977Bc8466233d47A0f,USDC,20.000000,0.000000
0x0bd54e59FF6b564cDD2c8a816D1d6EA0d99A132C,MAG7.SSI,0.000000,111.672500
0x0bd54e59FF6b564cDD2c8a816D1d6EA0d99A132C,SMAG7.SSI,112.444000,0.000000
0x0c24A7aC80a9aaEA9CFA16e922a3662f72A5988e,USDC,39.000000,0.000000
0x0c2Fa51EA4Fa759a90D8456CAB2EeC31CcCEB8e2,ETH,0.010000,0.000000
0x0c2Fa51EA4Fa759a90D8456CAB2EeC31CcCEB8e2,MAG7.SSI,8131.966465,5.000000
0x0c2Fa51EA4Fa759a90D8456CAB2EeC31CcCEB8e2,USDC,2065.386623,9.500000
0x0c3324973Ae5C74987B9bA7B5dF9cF2D0e6F9857,ETH,0.062162,0.061732
0x0c3727E569337c835D5eA60781aa9EB8bd179BD4,USDC,40.734012,12.546278
0x0c482ee88dF955350Fbbb2159f333c8491F23A85,USDC,15.000000,15.075220
0x0c48c8223B3f46b0f364284016D938c643E893C3,MAG7.SSI,15.100000,0.000000
0x0c66dF0553768DEb72bF67B5d08adD37b896B304,USDC,156.880000,0.000000
0x0c72a5353cf58b54B9BBf3db30dea44BdcFe68bb,USDC,300.000000,297.088634
0x0c7BCB6C4105160e3846E8941B75aF1d4998E9cd,SMAG7.SSI,1313.627300,0.000000
0x0c7BCB6C4105160e3846E8941B75aF1d4998E9cd,USDC,100.768939,98.231130
0x0c7bd946E8a34F4862cdD583a69Cb3c43Ccda1d1,MAG7.SSI,75.100000,75.024700
0x0cFFC63199F77220199D47f987F7EC3A8266F7ce,SOL,0.641901,0.000000
0x0cd2eeB7E33F1217e5f307A38C651837DCae7ae1,USDC,40.037402,0.000000
0x0cfE9e0558ed4Ec0c1Fbb171f55Fd0f2e9A672e7,USDC,38.000000,41.938294
0x0cfcD173E9b934c78E0189EbCc96738aB46738Bc,USDC,15.245712,0.000000
0x0cfcae7e997c36A1e490fD7f7c242640eeeA8049,USDC,15.005000,0.000000
0x0d04b7b4984d3eac54EF1aa7bE80209c096ae588,USDC,40.000000,38.802506
0x0d0AdA2bEC589CCAfE1255F76F34E6Bc07f829af,SMAG7.SSI,276.486800,0.000000
0x0d0CCbB58AaA6d24625acE02dABB1FD65dFa2ACe,USDC,146.000000,0.000000
0x0d15d2ddAe3238eB45D8bCeA8d03dfE007be6B53,USDC,38.910000,38.206676
0x0d1e30B49A402a058Fc6575632023b8D245e0c4B,USDC,50.000000,0.000000
0x0d28303baa94D2A0dD1567b3F21aFA291071605b,USDC,41.000000,41.948466
0x0d3566676C17d29BdCAd9B78D6049C724a587237,USDC,66.000000,49.197247
0x0d3b3041B77d6fb8F876C4ff8419543d7F2a032F,ETH,0.009500,0.000000
0x0d3b3041B77d6fb8F876C4ff8419543d7F2a032F,USDC,4633.790272,3440.826351
0x0d413620709eDB63e82D7E907FbC3C0752E48b0f,USDC,129.900000,0.000000
0x0d4DF232177c8Cb62C6ea6eFFceD5Cdc9E22Bc56,USDC,41.643000,0.000000
0x0d888DF6F506EBBeA045FE7E27ba1E161435e642,USDC,66.955740,26.354001
0x0dA066135CBFd4ceC73a1147E6d8e85374677Dd3,SMAG7.SSI,300.000000,0.000000
0x0dA066135CBFd4ceC73a1147E6d8e85374677Dd3,USDC,1026.526303,0.000000
0x0dBc9849Ee7C82C8fEE11A25095F09D9A0F8720E,USDC,15.024400,0.000000
0x0dC15163BA2Ef7A51cBAd0B0cA798eA98Ef0F88A,USDC,61.000000,43.345558
0x0dDe55A96FF456BaD31A9Fa82AbF7640BDa2F1a7,MAG7.SSI,29.983576,0.000000
0x0dDe55A96FF456BaD31A9Fa82AbF7640BDa2F1a7,USDC,29.500000,0.000000
0x0dEcDF219Ed51BC505bD0253e7B6938d1d89fdd4,ETH,0.043665,0.042854
0x0dF529096169aCc58790E2e7EEefbdB638557494,ETH,0.005000,0.005000
0x0dF529096169aCc58790E2e7EEefbdB638557494,USDC,17.010495,17.010495
0x0daAbdB758b749Db2A0126C2CBd82EA1c63050AF,USDC,38.000000,39.652036
0x0dcF6C04F64AE386cdDF0aA23594EF961c170a25,ETH,0.011377,0.006977
0x0dcF6C04F64AE386cdDF0aA23594EF961c170a25,MAG7.SSI,76.098500,76.113300
0x0dcF6C04F64AE386cdDF0aA23594EF961c170a25,USDC,0.000000,10.063882
0x0ddeb38db6B1098C23739Ef71566bE8f61e91b2C,USDC,102.049975,97.714335
0x0e00ED09537624D1853FD71C5dEB140906659639,USDC,15.000000,15.092158
0x0e00dC864eeC13d416BF33D2ACD28E3edc76Fc3A,MAG7.SSI,36.575843,36.575843
0x0e17486aB1b0Da6b76393C4072F940443723281c,MAG7.SSI,15.051100,19.433264
0x0e3CD6Bf62275cC3092e1F14D2Eb17bA47515696,USDC,39.855100,0.000000
0x0e44537182224d51AB659ae414073674724e3292,MAG7.SSI,0.000000,40.110210
0x0e44537182224d51AB659ae414073674724e3292,USDC,137.255688,102.347309
0x0e448A2f4d8b7f002970417F82e94481569f328d,USDC,41.400000,0.000000
0x0e4c411E78592B54E32375c621f57Ae38a4A6499,MAG7.SSI,0.000000,76.781863
0x0e4c411E78592B54E32375c621f57Ae38a4A6499,USDC,40.000000,0.000000
0x0e5BbA5d3396b476a52FfdfBD2aC062466A98757,USDC,175.597688,0.000000
0x0e5f3d939466669e1f9123d64E6118D1Ad9894e3,MAG7.SSI,14.825900,0.000000
0x0e5f3d939466669e1f9123d64E6118D1Ad9894e3,SOSO,16.631054,0.000000
0x0e5f3d939466669e1f9123d64E6118D1Ad9894e3,USDC,44.065622,0.000000
0x0e61008d3b4F21632bCc51E51308DF08da3C5411,USDC,5.000000,0.000000
0x0e6CeBa4665a257E97c64Adc38F8C8f2BB1e8Ff9,USDC,15.495700,0.000000
0x0e73fc61BB9D6B7588910c2D14E83bAe68222c5d,ETH,0.007600,0.000000
0x0e73fc61BB9D6B7588910c2D14E83bAe68222c5d,USDC,29.950100,45.216410
0x0e8BB213b61b740A4CE5F8b59BcbbDc05AEcd615,USDC,1810.000000,0.000000
0x0e8bfc9739645e06bFFd350d5943d8de198f1eeB,USDC,39.850500,0.000000
0x0eCF9392FCa3b9358fB106824E6F3f279E5c1012,USDC,15.210000,0.000000
0x0eD440Cd633B8e962ce07f379c07002021618789,USDC,540.496096,549.826188
0x0eDBf871Aea961E5e3bD038743Bd8CAd392F71a2,MAG7.SSI,14.000000,0.000000
0x0eDBf871Aea961E5e3bD038743Bd8CAd392F71a2,SMAG7.SSI,0.000000,13.971984
0x0eb7914465f48F07529B68C2bE13C089EEC645DB,USDC,124.211809,105.767120
0x0ec8137c3356d75Ba43a773B7FD56ac1c8A2d73D,SOSO,5.210000,0.000000
0x0ec8137c3356d75Ba43a773B7FD56ac1c8A2d73D,USDC,5.147125,0.000000
0x0efB70ED4949d9783Fe34a2EE99Bd85bA590B790,USDC,2188.583543,1494.358327
0x0f2093d1c43C2069b6F0c9F5c693449236C1f673,MAG7.SSI,0.000000,78.536055
0x0f2093d1c43C2069b6F0c9F5c693449236C1f673,USDC,53.926878,16.083029
0x0f2624Dc0A35E53799eD026d959d1A962F3Bc46d,USDC,15.025300,0.000000
0x0f29710B97efB673a227fbdA94bd62e252Da0350,MAG7.SSI,359.826203,0.000000
0x0f29710B97efB673a227fbdA94bd62e252Da0350,SMAG7.SSI,1523.257700,0.000000
0x0f29710B97efB673a227fbdA94bd62e252Da0350,USDC,355.000000,0.000000
0x0f2F9B0574A5B333dA977363d500529e9a46336E,ETH,0.012000,0.011575
0x0f327299933bDe3CDC8566A13960307fE32CaA68,SMAG7.SSI,43.460500,43.460500
0x0f36BC0640bb699EB106C7C1564015EbAbdD3BE8,USDC,15.015900,0.000000
0x0f3DF7134535AAff1D35D0bF02db7B6e7E470bdb,USDC,15.071243,0.000000
0x0f4Cb2656b441F12C274AE74eBD242a67A4C2d71,USDC,15.007000,0.000000
0x0f59937197c21a712A24076207047C4ADEb99E4c,USDC,15.010000,55.801168
0x0f59937197c21a712A24076207047C4ADEb99E4c,USDT,38.000000,0.000000
0x0f619D9FbeC69120798C97c8a504F6462cfe22EE,USDC,39.500000,41.669138
0x0f70aa5875910680eF653A81a51569B95D7AB8ae,MAG7.SSI,15.508300,0.000000
0x0f70aa5875910680eF653A81a51569B95D7AB8ae,USDC,0.000000,7.884743
0x0f88142AE655e198201216c4903C436261d9dC5b,USDC,48.500000,0.000000
0x0f9339Ae2E7332bfB747e4b7CA99b3049eC16216,USDC,110.378457,0.000000
0x0fB5Bfd0298a4dA9C6D80CBdcD4774E3ebA23370,USDC,37.000000,38.617572
0x0fcF1E10cC8A832Ef6175393B6D35323C4aa73f9,USDC,15.260100,6.320000
0x0fd1649D356cfF23178f65188284c3E3f1eeF344,USDC,17.500000,17.500000
0x0fe1D257221994E9b17d24103d9C726c3334Ba1B,USDC,8.160262,8.571890
0x0ff648a16ad31837656DfCB33066C6a96f40eEFE,USDC,39.900000,0.000000
0x10063917c0f9E2Fec828f2C620Def33490A6A2F1,USDC,40.067017,0.000000
0x100C1CE53707cF3d99901e9959Ec2A7d91D88505,USDC,44.599227,0.000000
0x100C88A1Bd3C32074A9a8F6C456302B363B99AeD,USDC,40.000000,38.896927
0x100DEb768B68c25E1821874D3A22D8ac74869cD2,XRP,8.000000,7.000000
0x100a3360E3964f5810c71aaC49eA0E23E7D72BD7,USDC,1187.984000,1139.859480
0x100b3C1940270D36FE456375Ac20A1b82cd66C80,USDC,49.800000,0.000000
0x1018cDAa317ACbafDE6191572983dEE08bC82F98,MAG7.SSI,15.018200,0.000000
0x1019c7bbbd273B0379f5914B96022d7DC8986133,USDC,110.386090,0.000000
0x101a4f9e9Df5204c627e9baa2daD990378e9bDc4,MAG7.SSI,24.542879,32.871500
0x101a4f9e9Df5204c627e9baa2daD990378e9bDc4,USDC,5.000000,0.000000
0x10321Aa09CF6917Dd2c2C2aC10196362EA53e71d,ETH,0.017400,0.000000
0x10321Aa09CF6917Dd2c2C2aC10196362EA53e71d,MAG7.SSI,0.000000,75.796152
0x10327a1029e30530C96751D25B40115637A5De7a,MAG7.SSI,15.177900,0.000000
0x1032AEff8e934956913E39205F1610eEabCfBFc3,USDC,466.000000,358.486933
0x103c71e188DB48aE164bE4d4569551C74Ffd4A39,MAG7.SSI,0.000000,102.271900
0x103c71e188DB48aE164bE4d4569551C74Ffd4A39,USDC,51.000000,0.000000
0x10409c6FdaCe53BA712B29A0da707BCf87e47bBA,USDC,15.300000,15.640878
0x1044aFa2DFB823e8CC2Ac99493257B60c271c85B,USDC,15.000000,0.000000
0x10467cdb1CD6De7952b28B372117E25Fe5f197CB,SMAG7.SSI,30.000000,30.000000
0x1050b716661897c655B23e084801F9bea5954969,USDC,200.000000,191.439535
0x10569587C35cCEFF0AE073F6364595DcC516FFc8,USDC,39.500000,41.750072
0x1056F39234d9e3B6f52feE9Ef6392C268B5E4A5e,USDC,15.500000,7.520000
0x1061e1D4f5e9fe1de0F08EeF2D51703963B873c9,USDC,550.900000,0.000000
0x1061e1D4f5e9fe1de0F08EeF2D51703963B873c9,USDT,139.000101,0.000000
0x106282144A4c49a586609C102Ce65663e0D5A98D,MAG7.SSI,0.000000,107.911349
0x106282144A4c49a586609C102Ce65663e0D5A98D,USDC,55.000000,0.000000
0x106D1D4819354740606b5bf26d0Ef8ab6815A5cB,USDC,15.027700,0.000000
0x106D939BDB64002cE353795669145B1a3b7C05f0,USDC,2509.611974,423.859254
0x106a4cD95F3194F284bdC28bf2c0956713434dAE,USDC,39.500000,41.799919
0x1077E3a201AE1229b23efb26B2fC15C204d8E91E,ETH,0.005000,0.004893
0x1083E92DBf8ec06876E9c80EAF3165fb403d06A3,USDC,49.800000,0.000000
0x108cE38F54863fF218255FA42337832B66Be3222,MAG7.SSI,71.836205,71.836205
0x1096BCF460ec78AdBdca9F490bD7cAfec3EfB584,USDC,767.487018,578.212534
0x10Ac1e15C2a537d0e1230cDc1b77667E00D8221D,MAG7.SSI,5.341300,0.000000
0x10B549DFeA119302a96f23D7e53f49a059B50037,USDC,252.620454,177.239289
0x10C2D61686eAC23a1DA96F98824D40AA0A1456CC,USDC,37.000000,38.592468
0x10C8B075a6BD8692475a63be11e6Ff8A08B7F20b,MAG7.SSI,28.612763,28.612763
0x10D443bCF1065b9E44A7E09560bFDD01c9101560,USDC,15.010600,0.000000
0x10DE6423590944344B37ff1c291d26a64ad125B7,USDC,708.637106,697.377003
0x10De482Ce1A75B6bF5C59CCceb34E0400d9A918F,USDC,31.000050,24.154856
0x10De482Ce1A75B6bF5C59CCceb34E0400d9A918F,XRP,12.000000,11.000000
0x10EF4D8cc560201efc29656ff8C87c2905CeF168,MAG7.SSI,65.682772,65.682772
0x10F26A3A57Fbe0e9a9559C1A3DbE4D667bC8b13D,MAG7.SSI,102.698618,31.818681
0x10F26A3A57Fbe0e9a9559C1A3DbE4D667bC8b13D,USDC,15.991400,53.420799
0x10aB60BA441Ff1f1CE3A9ab1826B22E70695DbAf,USDC,47.015217,0.000000
0x10c490E8bE995C8b6090fa73Aa938718Ec7d5970,USDC,546.383043,536.206241
0x10ceeC3fd012e705245F159E88578376ffff4FB8,USDC,31.000000,0.000000
0x10ceeC3fd012e705245F159E88578376ffff4FB8,USDT,20.000000,0.000000
0x10d0Baa5e72789B9C4a4c95c8c8dD4d0604C25aC,USDC,29.972741,21.362845
0x10e7A32788e2D3E37c0EA6DB309083F87223B1de,USDC,56.689738,60.295342
0x10eA27e9e617253B7B2E75B8cC2d2bdaFd85A112,USDC,200.000000,191.735820
0x10f67b59075C4E8Be97F21E4F930639e5f3314b3,MAG7.SSI,73.042942,73.042942
0x1106E17647adE4BF17b1F3cB644f5CC1527E7F18,MAG7.SSI,75.676300,75.804000
0x1108d2a4F4dA944F1F0170E285cD249C793315f4,USDC,1975.000000,1969.938692
0x110Bd616D366e985553513CFAda8603b10d79425,USDC,126.708060,65.190343
0x110a14dc7A4670204E467c6e5415F438A355bdb0,USDC,38.000000,41.875655
0x1111027d75220D6B59a7147e12C3039372B6BA4A,USDC,7554.926325,11458.253336
0x111105fb9a5E26F62220632471cD3713591D0bc4,USDC,110.525288,110.000772
0x11177Ee26853fe5fA92C1C1eE209275c0b8F6490,USDC,39.000000,41.348109
0x112e6E98eF1d528D74f96C4e01d6a1053bF005B4,USDC,100.000000,89.770343
0x113Ce1703622154a54e5a56b3c75d5eD2a76C3f2,USDC,537.421029,527.920302
0x11425Dac18A2F41F0A83CD5b6b3a6145bBC260FC,USDC,201.574747,137.953363
0x11507D6BEDC1806dB544918d539de96988af2a3D,MAG7.SSI,77.577153,77.499453
0x1155279e299ED209e97D0950407CB7eCEBC657E2,USDC,82.510682,93.533847
0x115A19AE961D0f72A3Be50864dA5AD8CdBd8c7A4,SOSO,1.724900,0.000000
0x115D5A8D4cCE7276dEE1941374fC7200f02B4cCb,MAG7.SSI,15.064000,19.945832
0x115eDFA653Ae7B202c17aF994231F26496C5e20A,USDC,143.943954,2041.679550
0x116479E5F4d5C35c99D6bC8bE965E89A04991A5f,SOSO,245.713060,0.000000
0x116479E5F4d5C35c99D6bC8bE965E89A04991A5f,SSOSO,363.000000,0.000000
0x118741259269F0B84482890F3c8C453c9eB3B9e2,MAG7.SSI,129.531942,62.731141
0x118EeDC15A265404Ac6C03C7a7B9BEF4D8A3E8a2,SMAG7.SSI,35.500000,35.500000
0x119beC0A131186797Dd3aeD02A8CeE9C98a3cd5e,USDC,39.971100,0.000000
0x11B4639b30B11952D1E049B480f81056dd73eE42,USDC,147.619137,0.000000
0x11Bd758b300CDA4888ca8B2F7370F955C30Ce2dc,USDC,15.026200,0.000000
0x11Bd78fF5E1bef5953A5be8F821076CF230e6b9E,SMAG7.SSI,35.000000,35.000000
0x11F5a349BD794b6198E08bA6227CF4DeEeb4EA83,USDT,40.190000,0.000000
0x11aD7DB9984fE1849f24Df3DCA6DC76c76B2E64A,ETH,0.023919,0.000000
0x11aD7DB9984fE1849f24Df3DCA6DC76c76B2E64A,SUI,22.737220,0.000000
0x11aD7DB9984fE1849f24Df3DCA6DC76c76B2E64A,USDC,841.432674,282.419572
0x11b5275534ea4601df80BdB92bb056b6DcFCe15e,USDC,20.000000,20.000000
0x11b590aa7A597c6FB9433067704ED22faaF2eA2D,USDC,162.435292,166.363041
0x11c1Ab4E53e371277FE81b7E7D0b1178000d5d27,USDC,600.372800,508.935647
0x11dA8280aFADd0d7A2Ee3Ea40DeC1058b643184e,USDC,1069.001661,1058.408931
0x11eD65e077049Dc7CD4852d63731F49f1fB778a2,USDC,41.000000,0.000000
0x11eD65e077049Dc7CD4852d63731F49f1fB778a2,USDT,20.000000,20.000000
0x1209C6Ad95b11210F7b02499Ef474EAE9D04746F,USDC,50.305377,50.258816
0x120a962f840088F4A2ee2268fDDbF7E41f3B00b5,USDC,38.000000,40.395943
0x12106ad2eCfa029c3D20BF58556274B7CfD92d74,MAG7.SSI,15.200000,0.000000
0x121627Fa2710767d08016Ed46833c149CE46e358,USDC,38.000000,40.347177
0x1220B996393D3212b7C5eD25dCfc8fC8343fd654,ETH,0.013369,0.012948
0x12248B277270B4e0aD5F9e3A1143860fAFc78031,USDC,37.104000,40.488153
0x1226912AF9cD719E18c4161feef74A42fB8103F8,MAG7.SSI,2371.766817,0.000000
0x1226912AF9cD719E18c4161feef74A42fB8103F8,USDC,21756.550496,3882.091380
0x122eF40946b06bCC022ffe9b24F0a6388cE82F68,MAG7.SSI,15.100900,19.403083
0x1238C127e4078025665F132EC34FF080cd5EAC58,SOL,0.094241,0.000000
0x1238C127e4078025665F132EC34FF080cd5EAC58,USDC,10.195638,10.195638
0x123F0a342C0Fa71B49C932F5671E814Ee82f1eB1,DOGE,161.978108,0.000000
0x123Fd41a159B8A69c6515C1fe46fcC1581EB2356,USDC,4002.027665,4101.560411
0x123d693D66c123cc77b3B815dfbd1C61998E1854,USDC,480.020600,410.000000
0x124B4aac661eac3eAf626B071843104009327E10,USDC,49.800000,0.000000
0x124b36B1469941D4f895D741849D7B02AA717337,ETH,0.050000,0.000000
0x124b36B1469941D4f895D741849D7B02AA717337,USDC,0.000000,101.000000
0x124f8B9B6872c98E932d916D976F80A11A1bdc22,ETH,0.062395,0.061422
0x1257F7402f7158Ce2225187D87B7EEa24a408c91,ETH,0.004000,0.003894
0x125E5d7AF5A091000770B5CF2dA2126ec1c0Fd8C,SMAG7.SSI,33.960500,33.960500
0x1261632966F8eB36d7fBB336D3e324ddb3D99b9e,MAG7.SSI,16.527309,0.000000
0x1266d9e572339B55DDA64CDf2B93AFAdc0E9A27e,ETH,0.000000,0.019187
0x1266d9e572339B55DDA64CDf2B93AFAdc0E9A27e,MAG7.SSI,85.787200,0.000000
0x1266d9e572339B55DDA64CDf2B93AFAdc0E9A27e,SMAG7.SSI,34.726700,34.693764
0x126AD0b3344eD82824D2c602622b7C81Cf75eB46,USDC,280.883900,215.000000
0x126d21d8A4D78f70b0aC59D6C55b37439211703F,SMAG7.SSI,1403.830300,1400.914166
0x127005b6e5c6c8357A5567953ddA007601210241,SOSO,101.763200,0.000000
0x127005b6e5c6c8357A5567953ddA007601210241,USDC,150.000000,41.238976
0x12726869a23daE2Ba1aAb864625B150562CfE1ed,USDC,55.000000,39.000000
0x1273C780a1B581746892b050c6a8e381726db66e,USDC,20.010000,16.295988
0x12830dDDd3745C4C5B8Ea39316679F3e939ac019,USDC,48.266067,44.923127
0x12849dF812BC5D5f759E69Dd615576F45c141814,USDC,52.100000,0.000000
0x12877cBdF243AD26c5E948A443c2A643C5792542,MAG7.SSI,29.548486,29.532086
0x128c78afF5AD5F44c93a8F8964D7337d01C5a0b0,USDC,15.102009,0.000000
0x1295aeD9a2366c43D79F4BA192Af62C1b6Abe05F,USDC,15.020500,0.000000
0x1298c5a8d05887Fc91dEA51cd580d7b83c4bce88,USDC,5.000000,5.000000
0x12999Ca9151BFaBFe9040d9f69cdf96de21a24b1,ETH,0.003000,0.002895
0x12B09D406fA2abcFf473DA843b5e8485C0349D18,USDC,10.000563,0.000000
0x12B36dD2043C723543B44eEBF0900764fb17A29c,SMAG7.SSI,16.361600,0.000000
0x12B36dD2043C723543B44eEBF0900764fb17A29c,USDC,28.817884,0.000000
0x12B8aEC158dE0415db3292058bfC07Bfed3b415D,BTC,0.000985,0.000985
0x12B8aEC158dE0415db3292058bfC07Bfed3b415D,ETH,0.005986,0.000000
0x12B8aEC158dE0415db3292058bfC07Bfed3b415D,USDC,0.000000,10.125442
0x12BB588C4789b54Cc650f17905651BC705CCdde0,USDC,41.500000,0.000000
0x12BCC64584F3f493571ad5d5756a09980b9C2870,USDC,35.000000,33.922405
0x12Cf0184fa311a73B26A76b4C0f0e69A78f4B4d0,MAG7.SSI,0.000000,44.699122
0x12Cf0184fa311a73B26A76b4C0f0e69A78f4B4d0,USDC,101.151661,0.000000
0x12Df6293bE92F5bEdbEe7767e441f710672E3f2B,USDC,73.100000,0.000000
0x12E91B630D343dC8d08081DAF3ACe03d66E44B58,USDC,41.983000,0.000000
0x12E97F8A3acEf33aAE63ceD79b45aCe0f201AE7E,BNB,0.040000,0.000000
0x12E97F8A3acEf33aAE63ceD79b45aCe0f201AE7E,SMAG7.SSI,998.908400,0.000000
0x12E97F8A3acEf33aAE63ceD79b45aCe0f201AE7E,USDC,0.000000,47.230388
0x12F61CC5AA1129b44DD98cA11848f652f86DcfFE,USDC,20.000000,0.000000
0x12a2F80B32607B35c4D78B091CDa37eA533b62B4,USDC,104.300000,102.786962
0x12a36EC3c6f897925592Ac1bd32637e24dC15765,USDC,39.966100,0.000000
0x12a50c79eA4348AB7d7DA91dBc8D0B3c06d99222,USDC,46.000000,0.000000
0x12a72adb422381a306e31fBD4D766bE93d971836,USDC,15.012500,0.000000
0x12b41dFf0dce665D96bAAC62e0dA0A30FebCdb32,USDC,40.000000,39.053369
0x12be2cAb38AA99a698A72bA326b3cAd8c59C2Df9,USDC,49.800000,0.000000
0x12c5FB51a86C5E445dcE0e81cbA6027d9D42AB08,USDC,501.047800,408.982720
0x1312D23E413f78F77185b4642603DaF5277a3B65,USDC,32.430000,31.865764
0x1313c46906DC57A8D967499feD946B1A456F64C5,USDC,99.949689,99.288234
0x13150a3e10829839A0465BcD84579a778beCF4a6,USDC,15.130134,0.000000
0x13186A47a3326a3394a6924a4Cd9dbeA0a10aE2F,USDC,80.000000,0.000000
0x131d06C331e39d696C980f1e9e9362741f416818,MAG7.SSI,30.812763,30.812763
0x1320aC607DF66f61ad71a2f6485beb5dBc278BbF,SMAG7.SSI,61.569900,0.000000
0x1320aC607DF66f61ad71a2f6485beb5dBc278BbF,USDC,358.614440,341.844675
0x13232F7b730027266a33eDf36ddd84932AfAfe94,USDC,49.000000,46.943954
0x132918DD8481C50726F6D181eE10770f1C84C472,USDC,40.500000,41.218754
0x133C2AfA391BAEc4F361F4807149b201e3a80444,USDC,15.155500,0.000000
0x133c5FD4da079b0D0D69819204f6FdBB2fd45f6b,ETH,0.010000,0.000000
0x13490661029C6336beE18942244cd18338986359,USDC,17.108095,13.960742
0x13490661029C6336beE18942244cd18338986359,USDT,5.200000,0.000000
0x13521A1dE6520F55cCDA33464ab419F7c439EFa5,USDC,15.018100,0.000000
0x1357d660F44C9C13F8219E9538F95440B92eC4ea,MAG7.SSI,15.251300,0.000000
0x1357d660F44C9C13F8219E9538F95440B92eC4ea,USDC,0.000000,7.753119
0x136F0dE0a5b20406902E04CF742aDB338CB02C92,MAG7.SSI,5.000000,5.000000
0x136c2e085c769fd95183d2eE896bF543C7ed56c4,SMAG7.SSI,140.793000,140.748637
0x136c2e085c769fd95183d2eE896bF543C7ed56c4,USDC,50.000000,45.688968
0x1372a1f3B4eC316d4Efb260F57DA21F63c37709f,USDC,213.117583,207.600811
0x137866FE0Efc480062037fbc287aBc1eA406AFa5,USDC,15.450000,0.000000
0x13796b4423CF5AbF59f9da9694C4a67200Dd1118,USDC,16.000000,0.000000
0x137E09D34c82a0cD63B754fB6775b8E2632cafaC,SMAG7.SSI,30.000000,30.000000
0x137F127e74D06D3b1AB42E69ceac7Db096b777F0,USDC,55.794026,0.000000
0x137cb8c3E4020f07D64aa6C4d8db582BC5FE6583,USDC,80.189783,57.176262
0x138a0bf0171974AbE9EA08C234E0e4A5303823d5,USDC,675.759252,666.812599
0x139f2916CF105A494EfA59645BdC0598A5D4C256,USDC,5.200000,28.555907
0x13A3897a6Db64c3BeBC7F2E28D0020c40bc98569,USDC,198.260000,205.644583
0x13A3B27fF9aEEeD329784404e0926DCE4b73C400,USDC,15.022100,0.000000
0x13ACca8a0Bd6F8E6C0a56944be4c045c0220645c,USDC,25.406729,20.797961
0x13B34b07ED03E50EB03fD00F4201448889e0DE79,USDC,39.000000,41.321915
0x13B8Bdae2D2A6BBc05435537c5Bb475d1587cC88,SMAG7.SSI,30.000000,30.000000
0x13BDfb0bF6910789BA0A53C8F962FCfA07cce47c,MAG7.SSI,75.620800,75.545000
0x13C1a22DF47e2C9D76D91f4AfB9e12a488d16aCe,USDC,15.014900,0.000000
0x13DfC59e0890C14e4C3dc16ceDFbe1e963f2e1b7,USDC,40.880000,42.101295
0x13E5a12d2bB9EAB0a7230FA16a7fC886E2c111d5,MAG7.SSI,15.201500,0.000000
0x13E5a12d2bB9EAB0a7230FA16a7fC886E2c111d5,USDC,0.000000,7.783795
0x13E74dF256c34c67A6E9E421E77EA535E2588Cba,USDC,37.983000,41.658824
0x13EF5D784945811A2bac64f49c87F1704f266521,USDC,20.000000,20.120068
0x13Ea2c960B56E468732a8125a6f941F2AED0200C,USDC,37.000000,42.178833
0x13F15BeD5507CFc3e91123A1F2B60f8936A3362E,USDC,10.000000,0.000000
0x13FB230f6913A74abBf59f4f671d8b3304156908,MAG7.SSI,77.268700,77.191300
0x13a6f766E075C61773cb708eC7BAb1C9403467a7,MAG7.SSI,0.000000,76.862856
0x13a6f766E075C61773cb708eC7BAb1C9403467a7,USDC,37.410000,0.000000
0x13b323bd165A8eF3624C050714454f6FD1Fe254B,USDC,15.098000,15.098000
0x13b9FebFb79D1B2eC99196a1aB402cCC8dE4914E,USDC,15.000000,12.839644
0x13d3D09ee54FCD8ECA217224e89CB7f41ba3EB33,DOGE,30.000000,30.000000
0x13d3D09ee54FCD8ECA217224e89CB7f41ba3EB33,USDC,1.000000,0.000000
0x13d85Deb1CDd8dD8337DF93E41b6AD13d0A79979,USDC,39.850300,0.000000
0x13dd68D986D28189d141144Da9c2ca710508318f,USDC,38.950000,34.770792
0x13e3f0BEC503fB756b1Edf6E358842635Af16eE8,USDC,15.025600,0.000000
0x14178423d4736B91f9892Dec058A9b50eEfaa8d3,USDC,39.151100,0.000000
0x141af6fe4Fa544A8c7826cb0a3A9C58cE70170FF,USDC,15.004757,52.362704
0x14211306D2D3771cab95fc0612210A9AB40965c5,MAG7.SSI,0.000000,77.421992
0x14211306D2D3771cab95fc0612210A9AB40965c5,USDC,37.700000,0.000000
0x1421324707f7aFD4aB89412f710b128209251b49,ETH,0.120000,0.000000
0x1421324707f7aFD4aB89412f710b128209251b49,MAG7.SSI,0.000000,103.197176
0x1421324707f7aFD4aB89412f710b128209251b49,USDC,0.000000,273.743097
0x143718A2f63621A27EA2dcd9B114186EF706cBdf,USDC,16.000000,0.000000
0x1438E26f37b872cFA783e16200514CCf581777F9,SMAG7.SSI,1050.214900,0.000000
0x143cCC5C9c18542dD0892930389659Bdbf1cEe14,USDC,39.000000,37.667624
0x14440f6278211D1207D2729313E0E8d22d93B52b,USDC,40.084783,0.000000
0x144860AD387790bf1b8a0C87dC2aa27ba90dd050,USDC,49.800000,0.000000
0x145CC61a6e63C7B7faA5Af14f49950C6582c8B0F,MAG7.SSI,15.240700,0.000000
0x1461C87cd796885bd7a1dd06C97a15DC69650831,USDC,15.000000,15.000000
0x146803621559A8DdbbdB8ac50be3eCa24C2651dA,USDC,20.000000,20.000000
0x146B2d16a72B3e372FaD39D7dE1c37EE91c610B9,SOSO,29.927000,0.000000
0x146B2d16a72B3e372FaD39D7dE1c37EE91c610B9,USDC,63.944173,40.158327
0x147659F946a71Dd2Cf1CC097eDB249aB30bdDA7e,MAG7.SSI,145.162800,144.574900
0x148042FD6836FC77f42659FcB80B4ccb07dFD1Dd,USDC,61.000000,43.313458
0x14814A0137d690Ef82d44E8Eb4772C78322197f0,USDC,229.000000,226.349911
0x149535A18B5b34405e5E5F7aE599C5901DdaE125,USDC,730.909579,737.214026
0x149D76035325845FcD54a3E85a6EC61AfbbEe890,ETH,0.004500,0.000000
0x149D76035325845FcD54a3E85a6EC61AfbbEe890,USDC,234.716609,233.041593
0x149aB80B5b3D1B8a6BbBBF70C9D7e885eaE62423,USDC,22.581146,11.856628
0x14Ac7633a805AdD44BE3DDa561823463Db1703B0,USDC,15.023000,0.000000
0x14Ad9bcc4A82cC3AcEdA78548657E1b5D1aeBe38,ETH,0.018243,0.000000
0x14Ad9bcc4A82cC3AcEdA78548657E1b5D1aeBe38,SMAG7.SSI,136.273300,0.000000
0x14Ad9bcc4A82cC3AcEdA78548657E1b5D1aeBe38,SOSO,197.197900,0.000000
0x14Ad9bcc4A82cC3AcEdA78548657E1b5D1aeBe38,USDC,2167.489992,2184.759502
0x14B1eb1E18e5e80CBe28f62996E8F586243107c5,USDC,35.127226,0.000000
0x14B6fD412441bc922bd5Eb548Bd9e08cFEaa30e9,USDC,30.000000,25.774486
0x14Bf4171D9cA8f6cda3aA28096f09bc2825689d7,USDC,49.560300,0.000000
0x14C945137Fba858d08123Baf486E4475dE8Db37E,USDC,15.000000,0.000000
0x14C945137Fba858d08123Baf486E4475dE8Db37E,USDT,15.700000,15.700000
0x14E75cfc1B11AD05eF504438a1F4b5610a1F994C,ETH,0.005596,0.005893
0x14F7F67428395c088340AC3f58196Ff663199dd0,USDC,403.828427,0.000000
0x14FddC067201Cab900A64064aB13aAcEBc80875f,USDC,20.020000,16.554569
0x14aE42E1a025c03C5c10040F18A91270592C5d8D,USDC,16.000000,0.000000
0x14b4033384E9C105e81501EeF67e0cD9ab8e9E0F,USDC,16.137297,16.137296
0x14b677595f78cB64A650e5D7E58AC8fCb408f508,USDC,15.001400,0.000000
0x14c6CD4B78660dDB68CE1dDf77422877BD7C8850,USDC,40.200889,41.639965
0x14c70eAD45F00C959AA47a444731aF6CDbF94E53,USDC,39.500000,41.688974
0x14d40186bC7aB1f48741CA7599FDaF2A753324EC,MAG7.SSI,2373.223259,0.000000
0x14d40186bC7aB1f48741CA7599FDaF2A753324EC,USDC,11.000000,0.000000
0x14d55C1bC548e0F195322D7cB3A5101227ECC71A,USDC,571.664309,407.314512
0x14f2dA4B5b990451746315a5C900bc3646218385,USDC,263.000000,260.890000
0x14f5497F89F8264FcE9D6950A59881484977Da01,USDC,930.870073,927.812954
0x14fFc61C9E94BDeCDC807381df653d784e8676B5,MAG7.SSI,10.525964,10.512285
0x1502D028B221d2E3400577BC651bb02F9aEFDe6d,MAG7.SSI,150.639500,0.000000
0x1502D028B221d2E3400577BC651bb02F9aEFDe6d,SMAG7.SSI,809.333900,0.000000
0x1502D028B221d2E3400577BC651bb02F9aEFDe6d,USDC,137.839315,0.000000
0x15117Ed4e0Ba6db88665AF38Ed2884d36B1402B8,USDC,15.000000,15.072270
0x1517Ef3Bb68E1f9AD6fe28C28fe8ce5B7E644c39,USDC,508.675286,0.000000
0x1517Ef3Bb68E1f9AD6fe28C28fe8ce5B7E644c39,USDT,336.792547,0.000000
0x151BCeb0b1C6aFB12eAE576969AA9fa6E6c1A477,USDC,15.021900,0.000000
0x151FDE6A0eAD28a0A8f3855D0220dFA291E011b8,USDC,601.729400,506.985600
0x153210632FD22be3b2D4A88Cf8ba96dbe60469d1,MAG7.SSI,15.067700,0.000000
0x1537Ea142F6571731366a48B307C537d4804D5c4,SMAG7.SSI,149.265700,0.000000
0x1537Ea142F6571731366a48B307C537d4804D5c4,USDC,77.654416,0.000000
0x154FfcEa87169922bC4ddF970462758776b0A2EA,USDC,40.057205,0.000000
0x154bDa6aF710dE0db75236C39b3a18119C6112D4,USDT,19.280372,0.000000
0x1550E5545deA48494C0EDC4D32C89b3EdD62B6BF,USDC,41.000000,39.390918
0x155CE49aa818532a42C4572303b746BFAd0c0bde,USDC,15.300000,0.000000
0x155E7bc82cFE2c4431b367e8f2f568277f3a7dcc,USDC,40.181875,31.244704
0x155aAb2E0cC5356D93C50639C28078981Bd9cB05,USDC,15.011700,0.000000
0x156be8d67B2C7f945C4f01DA3f52280fc0B852Ce,USDC,89.582194,89.582194
0x156c4D3FBA18D38fa9b68174b6e372A4a8c8cB20,USDC,40.062584,37.741651
0x1571903d8fA372689234E6F2Fb8F8c77cA0fb856,USDC,15.014800,0.000000
0x1573acb213172ea01Fa37cB2B54a0F542988d4Cb,USDC,15.000000,15.086122
0x1575F251bf645D3512C4E4AF737bCe6B9A591eac,USDC,49.800000,0.000000
0x15784c2892a2f4c14190CC35D77F317729dc0734,USDC,41.000000,41.000000
0x157Ce42a223f65565d562803Ea3cA9c2a5D8625B,MAG7.SSI,15.089700,0.000000
0x157f56d2C74491193d8e7a48e64A1055dB0FF111,USDC,15.006700,0.000000
0x1586075eF3b649882BbbC958c96B003A1DbCbaf0,MAG7.SSI,15.032400,0.000000
0x158CFd22b02D0B00fC633E8fE847D7bFEa346B0a,MAG7.SSI,29.988525,29.970025
0x158bfdfCdD5B62f2866ba9200E7e301ae709f437,USDC,15.200000,0.000000
0x158bfdfCdD5B62f2866ba9200E7e301ae709f437,USDT,11.023920,0.000000
0x158f09Fe4caabaf1fC73a62b7aBCB804C99bD909,USDC,200.000000,227.962053
0x1592fAa9C6FAe8Ba285a8c4945c7056913470255,SMAG7.SSI,28437.145000,0.000000
0x1592fAa9C6FAe8Ba285a8c4945c7056913470255,USDC,0.000000,1457.555990
0x15A66E4C7E393ABd18D65dEa0939E76F0f649281,USDC,214.300629,0.000000
0x15A66E4C7E393ABd18D65dEa0939E76F0f649281,USDT,49.900000,0.000000
0x15C001B994AEf4b1238C356A72691De226737286,ETH,0.062138,0.061508
0x15C2577a3e3A8969403C254bD1fBdccfDB8D2084,MAG7.SSI,77.078500,77.001300
0x15C7F9Dc52E64595161Ba0fe8a4d31B9Fcd71360,MAG7.SSI,15.049400,19.901358
0x15E4bb58fc65F740C8eb8BC8BB9c196df06d2821,MAG7.SSI,15.155800,0.000000
0x15F197FA9A7064A503724b27320d1CD690E9f00B,SMAG7.SSI,5451.943400,0.000000
0x15F197FA9A7064A503724b27320d1CD690E9f00B,USDC,0.000000,94.844932
0x15a105b6ECa967A438A6930f6859B7E5Dbc134A7,MAG7.SSI,14127.326898,0.000000
0x15a105b6ECa967A438A6930f6859B7E5Dbc134A7,SMAG7.SSI,21573.361000,0.000000
0x15a105b6ECa967A438A6930f6859B7E5Dbc134A7,USDC,193910.000000,179852.276462
0x15aD681a0C6580541635aE0FE2670191d59C42dA,USDC,331.771311,343.839160
0x15b96d3566F1f6B0E20917B69f29C34236bE3DC4,USDC,15.000000,15.045099
0x15d96Ac2b2D496727330968d48B3EebC9fca9120,USDC,20.000000,20.000000
0x15e3F465BD07f65ab5E673dF91d8e07817Fdc1EB,USDC,23.030070,20.166889
0x15fBc65137854a77E1AC58b85e494cd78fe514ec,USDC,32.000000,16.000000
0x15fE73E43A5BB790a57e8722d90376B952c1b9A7,USDC,117.328272,114.980145
0x160166a62B787F0F4AaF274A5799B765F1c7fDE1,USDC,962.701988,952.064051
0x16017e93793966279b8EB0c9077593500AAa9278,MAG7.SSI,29.548486,29.531586
0x1604a58BF6c048d01c0368Dd477fAb7fb2d3b343,BNB,0.012000,0.000000
0x1604a58BF6c048d01c0368Dd477fAb7fb2d3b343,SMAG7.SSI,70.502700,0.000000
0x1604a58BF6c048d01c0368Dd477fAb7fb2d3b343,USDC,220.100000,0.000000
0x160db323edd1Bc5afF2E0f97Be5baDcb55a72cAE,USDC,39.810000,0.000000
0x1611C82460522f6fb04f65A4eB13FBF2491D7220,USDC,16.000000,16.000000
0x1617a4E2F146FeEB3C6A0d08C7c6fDcFa3b7Ca0e,USDC,5.000000,5.000000
0x1625C3B48C21f7a469A4344365a6e7Aa88CCc3d7,USDC,40.700000,0.000000
0x162633cBE1f57312444FfF93Fbf27AFd43deEF5A,USDC,30.363007,30.363007
0x162802DA4437F092e6b43A5257CEB59b0b6829da,SOSO,40.000000,0.000000
0x162802DA4437F092e6b43A5257CEB59b0b6829da,USDC,12347.536095,10567.333565
0x16298459118eb83987031035AF8dc30c4b69E38f,MAG7.SSI,822.097427,0.000000
0x16298459118eb83987031035AF8dc30c4b69E38f,USDC,0.000000,185.650602
0x16326fF987Fb7E9B8dcE4C0FB791f86c6BA0768b,USDC,24.824416,13.860177
0x1635e11AD250443fC3Bc7BEeF75e47a601b25D93,USDC,535.332868,723.515212
0x16386DC71DD1DB8F3787AFeE71F9Fa5eCcEB8473,MAG7.SSI,77.031400,76.954500
0x163D4AffAD203AD9A7f0b3BcD496243957F075ff,USDC,15.022000,0.000000
0x1653dfC454738d0d2c8b9759ADF737Fda7EFd3A7,MAG7.SSI,0.000000,9.995865
0x1653dfC454738d0d2c8b9759ADF737Fda7EFd3A7,USDC,140.761523,78.495440
0x165F5f48d35F3b443fB2b710786453536E7913a1,MAG7.SSI,29.498918,29.479618
0x165b552aDA9CA6bfA9Bc972854C227060f6eD762,USDC,104.200000,103.768106
0x16647684CbD581997A7Ca97d762198EF1331630d,USDC,102.509404,101.939447
0x1669070A2eBD75aaf7ea6A6e8AC8c875f3580d35,USDC,103.799417,95.243263
0x167009b77AD8cb13c7CCA4413C0442a741222445,USDC,49.041929,42.751990
0x16809ceE10128607850894E7308a53c90b91C1Cf,USDC,39.000000,41.302777
0x1688457652E567437cd342CCb95833969266EA9a,USDC,10.359070,9.822921
0x1691Bc46Fc6c038d84C56B75680697CfB7Ec722f,SOSO,2.770000,0.000000
0x1691Bc46Fc6c038d84C56B75680697CfB7Ec722f,USDC,6.260047,6.260047
0x169B16dc8C6F50C4A869dB1392Aea56DBF15357e,USDC,37.000000,38.644110
0x169CB1368F4b9562E4A6E327d1EeDa4e422381cc,MAG7.SSI,75.000000,0.000000
0x169CB1368F4b9562E4A6E327d1EeDa4e422381cc,USDC,835.952724,862.378756
0x169E3BDffA2Ff2C01F8DCd069bDF50Bdf1404680,USDC,376.744930,389.253998
0x169d76C29a4023D2e2aFcC6A36b77CD2142d2181,USDC,5.000000,5.000000
0x169ea6F50939d86EAEd41B7900f1F79E87A0b9E3,USDC,50.986347,31.200000
0x16BA23f4644597aED38dbBa8B4EcA8824b5fa73f,MAG7.SSI,0.000000,75.640049
0x16BA23f4644597aED38dbBa8B4EcA8824b5fa73f,USDC,39.540100,0.000000
0x16BB8354f6f49147D96475a3Df8718D151064f78,USDC,15.003400,0.000000
0x16C38101Aec8d4bAA869c6A0beDea6d06F28C3B7,USDC,38.176348,38.652845
0x16D09112C030eEaccC6B7984aC1efB1b66b6f388,USDC,200.000000,192.404015
0x16D1F2828e6222d69Efe7EedE68e4e63942F457c,USDC,15.010000,0.000000
0x16E6d4Fd272Db4a634cC451A5A7F3d863ae60380,BNB,2.590000,0.000000
0x16E6d4Fd272Db4a634cC451A5A7F3d863ae60380,MAG7.SSI,0.000000,301.000000
0x16E6d4Fd272Db4a634cC451A5A7F3d863ae60380,SMAG7.SSI,9597.478500,0.000000
0x16E6d4Fd272Db4a634cC451A5A7F3d863ae60380,SSOSO,6031.804300,0.000000
0x16E6d4Fd272Db4a634cC451A5A7F3d863ae60380,USDC,3666.181161,0.000000
0x16E73D94CB3181E05b87E6469f5d126f6D1ec3bD,USDC,19.883529,17.068767
0x16EdA81641AEC5C11BE79DA64AB2c9E42751caf6,USDC,39.847000,41.771377
0x16F36b6665D64c6C2ade4F6fe2e649E724D26DD6,USDC,39.800000,0.000000
0x16acbD7dF4dF04eC5d01ddd5d9C3aaB4ecD3eB02,SMAG7.SSI,98.724000,0.000000
0x16c913599c5C52Ad4203F94ddb38e680dE113814,ETH,0.000000,0.015591
0x16c913599c5C52Ad4203F94ddb38e680dE113814,USDC,2178.395062,18844.670956
0x16d91E102fCd8544630A18022DCEa30333D0dB9D,SOSO,30.000000,0.000000
0x16d91E102fCd8544630A18022DCEa30333D0dB9D,USDC,26.224484,0.000000
0x16e9C84CB5e6a75123Ce581a5a4D0163f2CB9206,ETH,0.005000,0.000000
0x16e9C84CB5e6a75123Ce581a5a4D0163f2CB9206,USDC,0.000000,51.106258
0x16eaf6fF6b0D830298c1d160c61b9FD9eE6E5FD9,USDC,16.000000,0.000000
0x17042FB73aF64E71Cc0cA32b7DC984a9754339c4,USDC,15.090000,0.000000
0x1707BA5dec6a463061469bEeA89aA44C14c2cB70,ETH,0.003200,0.000000
0x1714f535150748222C4e17635ce2259f46D543C9,USDC,39.000000,41.300336
0x1719Aff7D4eAec2e3EBB1f1cE32B5bB72C92Bd83,USDC,1987.000000,1983.275000
0x172f2f2F13C25A572bc047ba5EDD87eEBb18fCeD,USDC,38.000000,41.861504
0x17325e5150Ea0B6089Cb789C37D9C347A97F6Cbe,ETH,0.007334,0.000000
0x17325e5150Ea0B6089Cb789C37D9C347A97F6Cbe,MAG7.SSI,0.000000,31.921419
0x173578ec7B683bA0306bB82755904fB0A55B1BFf,USDC,39.000000,41.253535
0x17409110121cDDc409Cd47Cc23387AA5073496B6,USDC,37.461683,41.889632
0x1746aAee098be8c88d30689A7488b374dC8e45d9,USDC,41.220000,0.000000
0x174b0fEC75a0dB1740ff504D30CffBe310ABfEe7,SMAG7.SSI,0.000000,75.133885
0x174b0fEC75a0dB1740ff504D30CffBe310ABfEe7,USDC,38.879082,0.000000
0x1759E191847ce05932F8E02412974adaAC06E9d7,USDC,38.576100,0.000000
0x175EC653E71482d11deaeA16d30a78676da44f80,USDC,39.652100,0.000000
0x1769b47cea731976cF1e817a54d1eBe34446b7d5,USDC,15.006000,0.000000
0x1775e33eb1B9Fe4db8D556fB9cFAd8ede2f7eb35,USDC,39.000000,0.000000
0x177802325c96C7219715d77a3ba1B179a76413A1,ETH,0.062261,0.061731
0x178620B8bc193ec787793D86D3cf01B2bE0467B9,USDC,300.000000,290.972433
0x178d4c2e5CE810aC5834B47d76d8db0475c8fdEC,MAG7.SSI,75.072900,0.000000
0x179dcfAa3eF613553883528bf5199C8e1959Ea51,USDC,61.000000,43.480331
0x17Acecb1Aefa0D5e8908760Dd70f33539B1280f5,BNB,0.000000,0.005995
0x17Acecb1Aefa0D5e8908760Dd70f33539B1280f5,USDC,22.010771,15.320858
0x17C24a96cC4a247b47c00E5606E8b81c8da05c4D,USDC,39.500000,41.777772
0x17C510106cF3C212b04a8001481b0994156121Cb,USDC,37.170000,0.000000
0x17DA47f53fB586568cCC65000ef7e7868A225d22,USDC,17.000000,0.000000
0x17F093dEF911B6E1E7D49E72d585c6c699A4245a,BNB,0.025055,0.000000
0x17F093dEF911B6E1E7D49E72d585c6c699A4245a,MAG7.SSI,100.695200,100.326328
0x17F093dEF911B6E1E7D49E72d585c6c699A4245a,USDC,0.000000,28.684010
0x17ab8Cd7c5c4dC3cF5DD905fEa66Ee5689692631,BNB,0.024391,0.011991
0x17ab8Cd7c5c4dC3cF5DD905fEa66Ee5689692631,LINK,0.000000,0.799440
0x17ab8Cd7c5c4dC3cF5DD905fEa66Ee5689692631,USDC,171.674400,235.184393
0x17b53414C64407B8E014DE0B34f8f5f16BFf3027,USDC,20.000000,20.000000
0x17c268c47da3e35317db8ea4f801D6B46f479FB3,USDC,520.018500,425.984640
0x17cEE368Ef8d459C0222dDB52eFa2E076A1fF59d,USDC,15.027100,0.000000
0x17fC73d0d36d5F810F0304d320A194A5dE7e64CF,USDC,469.057300,402.000000
0x18066D737d0A9936cC627C0B5481183FfD37747e,USDC,639.365548,623.377999
0x18112488FF361953b0213576b0E3E90665118425,USDC,494.456115,483.311534
0x1813dFB29192f0842cFeb4ec6a7fC800ae9A2a86,SMAG7.SSI,141.000000,0.000000
0x1813dFB29192f0842cFeb4ec6a7fC800ae9A2a86,SSOSO,31.500000,0.000000
0x1813dFB29192f0842cFeb4ec6a7fC800ae9A2a86,USDC,300.000000,250.000000
0x181E3bD01b95F021D59C5Add65562bfda10e9FD3,MAG7.SSI,77.319200,77.241700
0x182875124bC9a17a4955B7E32E8ACd8830D0ed0F,USDC,39.155100,0.000000
0x1832D03dc8e51ddbe347cFff450E87f3bdC88774,USDC,30.010000,0.000000
0x18370e8D4C96b8F41C83Ed995394beD4D1BA8247,USDC,36.800000,0.000000
0x185507fC7Be34bdb3f4f4e2287507B4E193e8a75,USDC,39.153100,0.000000
0x1860E2e2D92630C0e5e39725E3f9396A9A3Fc640,MAG7.SSI,0.000000,77.704539
0x1860E2e2D92630C0e5e39725E3f9396A9A3Fc640,USDC,40.560310,0.000000
0x18622089B45b29e5721954c12397451Fc54279C4,USDC,3005.225925,3005.566495
0x18647d67AB6c6877e7c8Dd058F53095f3687854B,MAG7.SSI,15.164600,0.000000
0x1864bF0021BDE6207a9EC2094fC004247c0a53c3,USDC,49.971051,41.494816
0x186b483D539352BcCC2B64e86616D7a681E1F454,ETH,0.007000,0.000000
0x186b483D539352BcCC2B64e86616D7a681E1F454,MAG7.SSI,75.940639,31.439551
0x1874c3B46aBeBda68c083AE96C937351503809B9,USDC,39.961100,0.000000
0x187e2aaD8de3651f29C8eEeaE960Bfa3905FD9E2,ETH,0.017500,0.000000
0x187e2aaD8de3651f29C8eEeaE960Bfa3905FD9E2,MAG7.SSI,0.000000,76.133831
0x1880c8077ce8561b26fc834F7F0C4A86b192D6c0,USDC,101.734312,107.926459
0x1881B5fdC038DFbc0cA031475912741f8fdEF0ec,MAG7.SSI,0.000000,15.070200
0x1881B5fdC038DFbc0cA031475912741f8fdEF0ec,USDC,23.800000,15.856220
0x1881D05b8970F862d9Df80148b16456030Dc3E7C,USDC,16.000000,0.000000
0x1885cCD43D2b70EFBbD4dfe8116e81b504Fa97de,USDC,15.020400,0.000000
0x188C83Fc21b9eee109a1086b43a1CEd1b0674D32,USDC,16.709899,16.926690
0x188E14255fB6489e112EA6756C2Da20f229d4A71,USDC,22.123102,0.000000
0x18903364a5D2f0bb1AE2F21D4d4691B2f5565483,USDC,49.800000,0.000000
0x1894ad0C69be93bF9785d02689223Aff978b2d50,USDC,7.960000,0.000000
0x1895a8B28F9e1048DbB220Ef2A438fCFB8f912Ed,MAG7.SSI,60.000000,42.000000
0x1895a8B28F9e1048DbB220Ef2A438fCFB8f912Ed,USDC,12.000000,0.000000
0x189632D6b521b636d5cEe1BB15fFeefC45DF119c,USDC,44.270000,42.794994
0x189D267DC5C463Ce0F86F24012DA19eb9220Ee13,USDC,15.017700,0.000000
0x189E5CB3DfAf5985188aE8A7DAaDF9c98C192E85,USDC,15.000000,0.000000
0x18A2335C5ae21C2a958A09a15DaBD742754fbdC9,USDC,99.371630,98.239837
0x18Afa6418ABE171684B965c6A26AEE76dF4C9304,USDC,23.084311,0.000000
0x18BB6906552b58aa8Ce0Ad220662c11794e56D1F,MAG7.SSI,0.000000,62.448100
0x18BB6906552b58aa8Ce0Ad220662c11794e56D1F,USDC,31.286704,6.025817
0x18BBA81Bb3B027d0d080a860cD9B53Daa6611497,USDC,49.900000,0.000000
0x18C32b6ef9bdd6fc7Acdd98bA729D0A51507E92a,ETH,0.029670,0.000000
0x18C32b6ef9bdd6fc7Acdd98bA729D0A51507E92a,SMAG7.SSI,6.490200,0.000000
0x18C32b6ef9bdd6fc7Acdd98bA729D0A51507E92a,SOSO,81.185909,0.000000
0x18C32b6ef9bdd6fc7Acdd98bA729D0A51507E92a,SSOSO,11.664800,0.000000
0x18C32b6ef9bdd6fc7Acdd98bA729D0A51507E92a,USDC,86.228015,0.000000
0x18C94A980B8f2f9661881BB67e48EEe5e14B1fC5,MAG7.SSI,0.000000,13.802600
0x18C94A980B8f2f9661881BB67e48EEe5e14B1fC5,SMAG7.SSI,13.818200,0.000000
0x18DA3781f17F1d19469DBD6B3Af90d643C32c31E,USDC,37.000000,38.336868
0x18DEBEDf8cb502a1A21E8e959A00000944dA0D71,USDC,37.087000,40.525416
0x18EAB95853C43C5a25f160EB6338fF87f98B5be8,USDC,123.685122,119.961192
0x18a3a2FD906bF5F87d1C26cC6d8490cD84Df1fC1,USDC,105.734906,103.795645
0x18a4EeA9EA7437eC373A0a34BbE914d7Cf0D3807,USDC,995.735418,985.148027
0x18aACb20752981F65DE94019c991Fd19133Dc3E2,USDC,40.400000,42.540864
0x18d5b5E7d0Ae4Ce64D22973A7301744bE0E7762b,USDC,49.800000,0.000000
0x18e3C6F3A2C5AcA809d4E71756014d677b414F4d,USDC,104.300000,103.869033
0x18f3FFe111FfcdfD26C250cA3b4A879A6707f44D,USDC,38.010000,39.334829
0x18fA0DCd725C5E3092aB8Bf75ACA2Bd8D4CfAC4a,ETH,0.060000,0.030000
0x18fA0DCd725C5E3092aB8Bf75ACA2Bd8D4CfAC4a,MAG7.SSI,465.730511,0.000000
0x18fA0DCd725C5E3092aB8Bf75ACA2Bd8D4CfAC4a,SMAG7.SSI,0.000000,586.910672
0x18fA0DCd725C5E3092aB8Bf75ACA2Bd8D4CfAC4a,USDC,1039.461415,1211.433477
0x190631fee13D7Bb6a41530a659c0e083e774461b,USDC,52.191554,0.000000
0x190b8ec9E478F2532c3442f271c6821Da356c03C,USDC,284.357242,0.000000
0x19176977A72740Bc74d1bAe50c973D4D0FB87aDD,USDC,123.125495,56.355131
0x191E5418E78731a8273175E9106605B7a8E59EA5,SMAG7.SSI,40.000000,40.000000
0x191a3f7B8878B391FF288C58593D2b2B90F93b92,MAG7.SSI,15.024700,15.009500
0x191c533E58dD7C37d430953FC2d45A3C20A0fe08,USDC,15.100000,0.000000
0x1921859164e34827D2624911D8957D0109049FA0,USDC,0.000000,8.469626
0x1928FE17d62DE60D9d1A29428d32119328B4D196,USDC,40199.000000,0.000000
0x1929b7Caed9Fd5FD843D060021ecAF0278CAA25b,USDC,475.924800,410.000000
0x192E633bd9b6709452EAFFc1085a5bfd2f31E3Ee,MAG7.SSI,15.035300,0.000000
0x192F1e3CCFEe0F227EdE89A4AA0Eb72b752B06c4,USDC,17.100000,0.000000
0x1934a7B86124E2B4df79a3e946596Fac604BD298,BNB,0.025000,0.025000
0x1935efc4840eC55357B01A1f15a701346798a08a,BNB,0.025000,0.025000
0x193c46DA1d8C9716801fCb25F1AA8C5E07eb0D25,USDC,53.800000,0.000000
0x193e0F4a346B26583564fDCcBa5392Ce47C2920e,USDC,15.000000,0.000000
0x1945a259BBC59004f0FC2273D99114cE446Da5f6,USDC,15.020900,0.000000
0x1945abafAc570eeD0D667B15A8dE3BF3acDcE81b,USDC,16.630000,0.000000
0x19478DEC6DDF64e2254607cb700cd4d39D075Aa5,BNB,0.025990,0.000000
0x19478DEC6DDF64e2254607cb700cd4d39D075Aa5,TON,39.514399,135.851416
0x19478DEC6DDF64e2254607cb700cd4d39D075Aa5,USDC,23.744798,31.155827
0x1957Adbca185726467ff6da51847dA34011d2421,USDC,38.200000,39.085125
0x19599DFC3a781f0FE3CDD3E3F3e1c40bFA28df51,SMAG7.SSI,1015.344300,0.000000
0x198BcB56dFb7a7acae17614d2762462627e00f7f,USDC,70.000000,53.789637
0x199F49a6c08977A94Dd633Fa93fdAF60F9D8574D,MAG7.SSI,13.724100,0.000000
0x199F49a6c08977A94Dd633Fa93fdAF60F9D8574D,USDC,1571.114823,308.104627
0x199d913BF5b369DbF912e9C5FcA0B1B5FB15c4ac,USDC,16.000000,0.000000
0x19A9ef1F3385C82b0CB9f6EAFF2F663843f14073,USDC,177.676169,0.000000
0x19A9ef1F3385C82b0CB9f6EAFF2F663843f14073,USDT,99.900000,0.000000
0x19BCC6045Fe5A9039E471683cB5483bc04aE2FE3,USDC,110.850014,0.000000
0x19DA398E0f75F46c1f59A28b92CEc5d4a4b1eAcA,USDC,75.862777,74.884256
0x19F05bbb90281fcde3941729cE4C2aF6d9D4E9c6,USDC,180.827910,202.831180
0x19b334b8173B5cb87E80870B047Ab7Ac37aEc4da,USDC,15.011400,0.000000
0x19e311B861B9a972b4f91be005cF83D672576C73,USDC,44.000000,46.245886
0x19eA62265148A0287bED334eFF60cb5338553De3,USDC,408.065158,176.033682
0x19eccB86d2cC09b3dDAd9AC6A64eC4B0fA5DA54d,USDC,37.610000,41.212542
0x19f8F2263d7E1Ad3Bc67C756a1ccA98012522c36,MAG7.SSI,300.653300,0.000000
0x19f8F2263d7E1Ad3Bc67C756a1ccA98012522c36,USDC,0.000000,151.058436
0x1A05588ef373f5F7676dc570dbFD4E8f0C2d1441,SMAG7.SSI,30.000000,30.000000
0x1A0Ad3A59a73CC228eaFdd2B9DCA6b9F94FE793f,SMAG7.SSI,4455.282200,0.000000
0x1A12Cb70fDcBcd27981083C0F38331Be1C636dBE,ETH,0.003000,0.002894
0x1A1593a149d35e1de33a08B243E26E2A1cfdB593,SMAG7.SSI,805.348500,0.000000
0x1A1C01c76e4241091aD0fF9cD4a1a45836c2b6a1,USDC,37.072000,40.532445
0x1A1ed34AC81624630C64cE6C70bb2D2422ac2043,USDC,16.000000,15.142548
0x1A23e85453C1e56338526857C00C827B4D10b1E4,MAG7.SSI,15.883000,0.000000
0x1A23e85453C1e56338526857C00C827B4D10b1E4,USDC,0.000000,8.081813
0x1A336C46934db78d36c3435ED166Fc211a97aB3b,MAG7.SSI,0.000000,96.133715
0x1A336C46934db78d36c3435ED166Fc211a97aB3b,SMAG7.SSI,8.878500,0.000000
0x1A336C46934db78d36c3435ED166Fc211a97aB3b,USDC,45.897351,0.000000
0x1A4907feE2ED3554F25442CdAe298BfA4296D893,SOL,0.044223,0.000000
0x1A4907feE2ED3554F25442CdAe298BfA4296D893,USDC,11.975142,18.944247
0x1A609F0C55DAb56ff2453fA653695fC34910140A,USDC,15.002400,0.000000
0x1A61324b6ff10314b440cac742d5fe484C739d6A,USDC,38.200000,37.346728
0x1A7CF0b296adA21b6fA4988DE1DdEE057d6f391d,USDC,100.000000,50.000000
0x1A8d6D5aBd8948B647C51bb7B071B718fD90D6ff,USDC,3124.201515,2633.005957
0x1AA3eFbFc22A823D674a976f6Bb84EA73fA5d7e0,USDC,40.000000,41.424810
0x1ACC21F3dF4618DE1600d2ef4216c14600488277,USDC,981.213268,970.954163
0x1Ab15cabEa77371C8d47D70c842173E9665e291B,SOSO,36.000000,0.000000
0x1Ab15cabEa77371C8d47D70c842173E9665e291B,USDC,99.800000,0.000000
0x1Ab91b98Cc427367740F5C7C087040E51eD8C972,USDC,25.050000,22.186819
0x1Ad898DdF3d21aaEED766a6E42E7C084BE6d4066,USDC,10.100000,0.000000
0x1Ae04d4D9A3edFbb60Bfff1b2519A6A5a45C26E7,USDC,120.850029,0.000000
0x1Af14523C11beF82c973ceaFFA41e63C113e65e2,USDT,40.090000,0.000000
0x1B34635409E4ceA1d24cE269b4A4Cb4866d1e01E,USDC,39.449799,41.194778
0x1B394a79454A507Cd25862846f01cBD34aF3F08E,USDC,730.000010,620.332318
0x1B3E582f871c87103ffE850732454EbeCbfC930d,USDC,15.000000,15.000000
0x1B4b249bf990bA4a96523F4C15fb2D0cA76d2ecD,ETH,0.007521,0.000000
0x1B4b249bf990bA4a96523F4C15fb2D0cA76d2ecD,MAG7.SSI,0.000000,32.723199
0x1B4f6Aa1430942287A5AeD1EaA872Ce1b5C65086,ETH,0.007876,0.000000
0x1B4f6Aa1430942287A5AeD1EaA872Ce1b5C65086,MAG7.SSI,0.000000,34.069422
0x1B5D09D755665d48a7898fcB78557393D0a42348,USDC,39.700000,38.390000
0x1B5d78A981b6BC8caCdc06c606833D23DCc902d1,USDC,106.748077,97.108485
0x1BB8367d2F35E238985dB482b1ee17f96A0e78B9,USDC,19.500000,10.000000
0x1BCA4E90Fe37728a378CA1e8171724AB11fCDf13,USDC,39.300000,43.130878
0x1BCABbe828fE387E6d503F62757dC618d43b6977,USDC,1098.727328,1088.302217
0x1BCabEd4963577dBf147aD04B251C60c92F22c37,MAG7.SSI,15.050800,15.035600
0x1Ba0b12ED40a726398e2E6f75dCe0129627E7462,SMAG7.SSI,194.187800,0.000000
0x1Ba0b12ED40a726398e2E6f75dCe0129627E7462,USDC,7.734091,210.144407
0x1Bb71B8A67bDCE3743617FCB4986B0bB44F58c6f,USDC,43.169278,46.935764
0x1Bed2A2b562eFFF74621178B3CcD5EE5Ed3Bb4b7,USDC,40.760000,0.000000
0x1C061dC112d74d8ff5A9c51A8797695E6468cfdC,USDC,15.020100,0.000000
0x1C11F09e6c13bcEF14cd5d8909a7DE38877203e9,MAG7.SSI,75.000000,0.000000
0x1C11F09e6c13bcEF14cd5d8909a7DE38877203e9,USDC,888.819098,894.498030
0x1C1599379A79ac77C849837e55EB127b7D9de2B6,USDC,41.900000,0.000000
0x1C1B571B1EdFC35E2d9ec0b26a740a202e73398e,USDC,41.390000,0.000000
0x1C22f50028a313607953fd28c20832eb4ef7619c,SOSO,10.000000,0.000000
0x1C2EF53B9ab491c005C8F9599451ccB2eF87c3cd,ETH,0.032156,0.031600
0x1C423792160228cE316F08c67150F7f23a080246,USDC,15.270000,0.000000
0x1C58763dAcB9108b100Ddc23A6DFE36D9f1CC78C,USDC,81.783613,40.032102
0x1C7Dd098B7836d83b92d32C353bE6fF54799F0cB,USDC,43.366584,33.722547
0x1C817f871c831A4a76AD7210ca401aEFcb8e796d,USDC,15.015900,0.000000
0x1C9c643f6E10E9D2930287f6a73935cc7646b81D,USDC,109.850014,0.000000
0x1CA1452080AC97FA97355ADE30a8fA84267154C0,MAG7.SSI,15.230600,19.932239
0x1CB010Df8b10e0dB3ff5495dEfaCf148fa872cbB,USDC,977.319724,968.394100
0x1CCFf8004cB9300D7308Ba68605988F8DeC81f08,USDC,75.500000,74.163097
0x1CDCd6A6d3ed9e66C7ae039c24770B271D7A0750,USDC,0.000000,14.927204
0x1CDCd6A6d3ed9e66C7ae039c24770B271D7A0750,USDT,15.200000,0.000000
0x1CF0E6EB92D378741E5e87A18BE4eA2257C60B7C,BNB,0.028000,0.000000
0x1CF0E6EB92D378741E5e87A18BE4eA2257C60B7C,MAG7.SSI,0.000000,42.129411
0x1CF0E6EB92D378741E5e87A18BE4eA2257C60B7C,SOL,0.000000,0.199930
0x1CF0E6EB92D378741E5e87A18BE4eA2257C60B7C,USDC,38.713758,41.292461
0x1CF0E6EB92D378741E5e87A18BE4eA2257C60B7C,USDT,23.200000,0.000000
0x1Cd6c3877a2Da882Bf9626553c89182Cff405266,MAG7.SSI,75.513900,75.437700
0x1Cf4B5257DF4f6c42E151FF1666Aa11b3e99e1bB,USDC,22.117500,0.000000
0x1D30A417b6059784B6dC04e6A6fC96df969D0584,MAG7.SSI,12.078010,12.063789
0x1D39CeB94f2F37f75aE492FfA1b1e4D224b35a93,SOL,0.082990,0.000000
0x1D39CeB94f2F37f75aE492FfA1b1e4D224b35a93,USDC,8.600000,0.000000
0x1D43D9d281eC609C1C7Da49b085Bc0671084c8fa,SMAG7.SSI,38.000000,38.000000
0x1D5759D9cdA13fBff88d719904a0E6FFb78f1fcA,USDC,40.107461,0.000000
0x1D78029CD3CAAC0C771707EfCc79210f19b81743,MAG7.SSI,79.020100,78.879000
0x1D78029CD3CAAC0C771707EfCc79210f19b81743,USDC,16.000000,15.940457
0x1D85b090105fdd179Fc3f09Bfd31D7E3eD0e668f,SMAG7.SSI,35.373500,0.000000
0x1D85b090105fdd179Fc3f09Bfd31D7E3eD0e668f,SOL,6.295210,3.530502
0x1D85b090105fdd179Fc3f09Bfd31D7E3eD0e668f,USDC,65.630728,114.472308
0x1D93e750F0E389B73Fb967Cd5E58A5Df4a013Ad4,ETH,0.029787,0.000000
0x1D950f580EcDBEb047B75bA800437e46dc4Ae382,USDC,51.000000,0.000000
0x1DC3ebc1eC171EE626552dc229a893A85357dd7E,USDC,78.000000,15.120789
0x1DDCaeD7974993547513288FB6c864D4bb6e18a3,USDC,100.000000,102.430214
0x1DE65cd8D7093B6C650F98dCb9A21a37325B5560,USDC,7.960000,0.000000
0x1DFc7fC1E60f22CD45446A2875D7339c7b6533eE,USDC,15.009200,0.000000
0x1Da06f4838E46777bE6ac5db36150E2Cc1853D4A,USDC,30.018512,0.000000
0x1Da6A814c63e07aA649Aa8B6C194cef804c0FcE9,USDC,39.653100,0.000000
0x1Dd60399bc20Dc7f62e021F810936043eD3D644E,USDC,38.000000,40.033617
0x1DdEa833460e2000b78B7F6a44AA496A1899d743,ETH,0.017400,0.000000
0x1DdEa833460e2000b78B7F6a44AA496A1899d743,MAG7.SSI,0.000000,75.806145
0x1Dfa32859b235393Ed9278a3BDd443EF67583376,MAG7.SSI,15.023100,0.000000
0x1E0C42be66d9f9F063ecFeA0269163F445eb269B,USDC,49.071062,39.476518
0x1E1935D887D0F06EcB88Bd97047b514EA6761bDA,MAG7.SSI,73.468563,0.000000
0x1E1935D887D0F06EcB88Bd97047b514EA6761bDA,SMAG7.SSI,33.132200,16.816100
0x1E1935D887D0F06EcB88Bd97047b514EA6761bDA,USDC,144.507225,24.487869
0x1E1AA1aB7217e615979B5Db4e5ed177C6B84923c,USDC,42.454989,0.000000
0x1E1B925B6b0fe6f5c47f34E62f1909dA943DbbA7,MAG7.SSI,76.000000,75.920000
0x1E31A57dB8D328C83133c719b30c7EB5Cb239121,USDC,37.599335,63.023752
0x1E446874F1b4De903358dcf14fb1B2A2fd0fdED4,USDC,40.000000,42.222620
0x1E491a6967BA37c1fAC1aa045f60080a72cfE28F,MAG7.SSI,15.102300,0.000000
0x1E523237b9f805B3dA9B0Ad8Bab129f0EcD4Ef26,USDC,1010.000101,1003.831632
0x1E68050b5862Ed1e4216fA35C8b67d24448395eA,ETH,0.025000,0.000000
0x1E68050b5862Ed1e4216fA35C8b67d24448395eA,USDC,0.000000,44.514358
0x1E7717818F277d13BafF7e5f72A366c23ce72e41,ETH,0.000000,0.006995
0x1E7717818F277d13BafF7e5f72A366c23ce72e41,USDC,14.830000,0.000000
0x1E84a1d48A23d73719c371d7DB28adD606596bcc,USDC,15.013300,0.000000
0x1E88e89f04d8f866dEcf2011EfeC0d7e8721dBD2,MAG7.SSI,75.000000,0.000000
0x1E88e89f04d8f866dEcf2011EfeC0d7e8721dBD2,USDC,919.418228,911.389316
0x1E89f573cbf5dEE099fBAa41B2BEdD1e0904465a,USDC,123.822932,78.500000
0x1EAAeff9654d8152d0520F83A16fEa0b39E06b9a,USDC,35.050000,0.000000
0x1ED52919710594a2AD0B2CC198661846A897E10B,USDC,106.781814,98.417440
0x1ED6214F6A7237cf4EAA8Ec550472a89Ece0cE91,USDC,41.100000,0.000000
0x1EDAF36D239A0E60345bCDd6ba7A5Da6F708E3F0,USDC,15.000000,15.364978
0x1EDad2b86D98a66B36FD12E01929a27CE6D73249,USDC,15.100000,0.000000
0x1EDb388a3E811AaC337D75117e33FEa00716c6aA,MAG7.SSI,15.107500,19.449651
0x1EF64FaAC37819D3f90158dF6DAD36f2206839aa,USDC,39.900000,42.723996
0x1Ea2F70a86bE988fFC7cEE538b0e75dFc083Dcf1,USDC,38.200000,39.090489
0x1Ea9A5E86F5bEa309D60f86A696084cfec8B0F3b,USDC,53.058800,54.668201
0x1Ec1f6BF25378d45c1a4cfd353E2B2882a61e4C9,USDC,12.792095,10.166954
0x1Ef0C0B8bA627a640Df4aA82bc5FeCfFe47f14BC,MAG7.SSI,76.967900,76.890800
0x1F0F6B2857acC9737739ad8a6B7E53F6cb7Fe82f,USDC,0.000000,7.712056
0x1F0F6B2857acC9737739ad8a6B7E53F6cb7Fe82f,USDT,21.170000,0.000000
0x1F17e6D2bA24F970E86AD8bcF0cD3aAA64A3eC6F,USDC,39.450100,0.000000
0x1F29c5c506C5865BC375F922Fd70AaB498505d42,USDC,100.000000,97.657858
0x1F3595A273B5d7994938F4E9927bd8993537facc,USDC,39.030000,41.000414
0x1F446dFa225D5c9e8A80cD227bF57444FC141332,DEFI.SSI,653000.000000,0.000000
0x1F446dFa225D5c9e8A80cD227bF57444FC141332,MAG7.SSI,2763796.638115,0.000000
0x1F446dFa225D5c9e8A80cD227bF57444FC141332,MEME.SSI,283000.000000,0.000000
0x1F446dFa225D5c9e8A80cD227bF57444FC141332,SOSO,854940.415300,0.000000
0x1F446dFa225D5c9e8A80cD227bF57444FC141332,USDC,109999.000000,1255023.000000
0x1F446dFa225D5c9e8A80cD227bF57444FC141332,USSI,122000.000000,0.000000
0x1F5F3cdce18e2A00B895EbFfBB140c4725a158a5,USDC,39.984050,0.000000
0x1F65F51E7863E9D94da1470ee755206fD59Bbf0E,SSOSO,9.479400,0.000000
0x1F65F51E7863E9D94da1470ee755206fD59Bbf0E,USDC,46.681613,75.232580
0x1F6A74F6d3E1F21BafDAe4522c5C215c64CE0dEc,USDC,15.024700,0.000000
0x1F8C24902fbe49c235aD89F93d0C06CD699B0dfE,ETH,0.051700,0.000000
0x1F8C24902fbe49c235aD89F93d0C06CD699B0dfE,MAG7.SSI,135.816200,0.000000
0x1F8C24902fbe49c235aD89F93d0C06CD699B0dfE,USDC,7423.089319,3679.000000
0x1F98c72eD29B7b38242cf664C7b3AD66b17d384d,USDC,210.000000,207.539373
0x1FA4685A07A76C1bAfbfB35a5981899031b06041,USDC,41.930000,0.000000
0x1FA589202a6503A7EbdD789C6d66dDFdaE7Ee98D,MAG7.SSI,15.066600,0.000000
0x1FBF4cC7849349cB04a04e96BAEfb22c364CBcbE,USDC,41.360000,39.792820
0x1FBe7279DA134C53Fa521f5EE65891948e775e17,USDC,1000.000000,1277.899363
0x1FBffbCB9cE324604172030DcCd556aB523d8418,MAG7.SSI,14.900000,124.089018
0x1FBffbCB9cE324604172030DcCd556aB523d8418,USDC,54.700038,0.000000
0x1FD6DBb4E247c8B3f27b581EA67e1875AA851c7B,USDC,302.000000,294.042174
0x1FF3B6F4610bae0a5206830C7cA18A2f99Afc956,USDC,15.024600,0.000000
0x1Fd27fAe90a511fE363b859064eB09A083ED55EE,USDC,166.000000,160.865505
0x1a1a0624177911C485b363733eA8C781d9f93413,USDC,84.844585,34.000000
0x1a2b439273c51300531f624C1D8D5394Cc105dF1,USDC,50.000000,46.797636
0x1a2ccC54191f170D1024F4b50843708C0CE1Be94,USDC,67.000000,67.995649
0x1a40DAd617C13f31A144fd76DAa64C057929BACE,USDC,15.044013,8.430982
0x1a444CB655833eF8ABaB1F8927e6F82e262fCc7E,MAG7.SSI,15.353000,0.000000
0x1a444CB655833eF8ABaB1F8927e6F82e262fCc7E,USDC,0.000000,7.813658
0x1a5171a55cFDb8c0A32C15C3d5A6262F54D6916B,USDC,24.500000,0.000000
0x1a62E5150313AC8cD6F31A3950598BC1446fd069,USDC,1346.985000,733.467494
0x1a7de64Bd26dCb05567D41470936aD83b26789B5,USDC,15.000000,15.218532
0x1a84b17366eb2Ac7bA1eF84323caE539C818a029,USDC,197.417440,189.595221
0x1a9a1719Eb970C313239690864c5e609B3fA6097,USDC,16.000000,0.000000
0x1aBE6f39f7149b24456F9c0B4D939f68Fe757f60,USDC,855.968470,845.293207
0x1aEC6ABeB4c29ED5efFa1F656640053b108F9Ec0,USDC,15.000000,15.349700
0x1aEDA47d35146863B67523ef577619678DD9dDE9,USDC,144.000000,154.922240
0x1ab862B9179008c113B2EC2caea47eF08e73AC0a,USDC,16.000000,16.000000
0x1ac89CadDc747fC24a6bc11A4Fb3D6Fc6129e9A0,ETH,0.146000,0.000000
0x1ac89CadDc747fC24a6bc11A4Fb3D6Fc6129e9A0,USDC,178.478178,336.900471
0x1ad5912428De9c4A8694d663E9E7Ec173F89e128,USDC,3960.995662,386.496136
0x1af2372E33cf53A908C3baA49c17DBBB5a6c86eE,MAG7.SSI,76.000000,75.919300
0x1b1ad412c107c7732e2328923385090F1bF3E3Da,ARB,7593.223154,0.000000
0x1b1ad412c107c7732e2328923385090F1bF3E3Da,MAG7.SSI,0.000000,8890.786300
0x1b1ad412c107c7732e2328923385090F1bF3E3Da,SMAG7.SSI,9145.731900,31.445500
0x1b1ad412c107c7732e2328923385090F1bF3E3Da,SOSO,5379.830000,0.000000
0x1b1ad412c107c7732e2328923385090F1bF3E3Da,USDC,14231.413730,6802.257534
0x1b1ad412c107c7732e2328923385090F1bF3E3Da,USDT,5658.000000,0.000000
0x1b3D7Ba6D0E3d0C5089DA4d7503Fad459819559d,MAG7.SSI,15.499600,0.000000
0x1b3D7Ba6D0E3d0C5089DA4d7503Fad459819559d,USDC,0.000000,7.959283
0x1b4d703796379b194b5E1b5782daaE29DB130835,USDC,16.000000,16.000000
0x1b5500b0e4a25F2a9c020b78DB78413E954D9dE3,MAG7.SSI,15.070000,0.000000
0x1b57b73695657B6625Ddd23bA039dc1618ED5D0c,MAG7.SSI,0.000000,102.301892
0x1b57b73695657B6625Ddd23bA039dc1618ED5D0c,USDC,51.000000,0.000000
0x1b594560BEE04262c3455Be680b84cd8940c07eE,USDC,365.451228,356.793615
0x1b5f2059637fbB05Cf7B668785AB2D3d1312975D,USDC,37.950100,36.145622
0x1b6639b495A203Bd7384463620121C2e151c37A1,ETH,0.011200,0.000000
0x1b6639b495A203Bd7384463620121C2e151c37A1,MAG7.SSI,25.172947,0.000000
0x1b6639b495A203Bd7384463620121C2e151c37A1,SMAG7.SSI,5.458300,0.000000
0x1b6639b495A203Bd7384463620121C2e151c37A1,USDC,31.994870,0.000000
0x1b6fecC38db4f4dE335303807341a8Eb91C4ABaa,USDC,126.069024,126.044912
0x1b8Ef9e52449d8182E7F9C45F6fC50cd825DFD50,SMAG7.SSI,28.518000,0.000000
0x1bB8B2b2Bba10388467D2E31A0101dc1bC067500,USDC,37.980000,0.000000
0x1bD9342C048aEaC5EF7D8BDdA1b13F4E54f19Ae1,USDC,15.000000,15.000000
0x1bFBD7994EC1B0FFB2b105B9b15426eD75A4B8e5,USDC,149.799998,0.000000
0x1ba5228bFE1b535F4Ad81Bc20FE54C059D3C6BBF,USDC,20.000000,20.000000
0x1be652Fabb706EBdAb72F2912686589ED9D709F1,USDC,15.026200,0.000000
0x1bf67C5F22Fc5E8fccEd1EB89e6c50b0Ee937382,MAG7.SSI,5.200000,5.200000
0x1c0F993281F0bfb37a48ca96228bEE55BA58e6cF,USDC,915.764121,904.906736
0x1c0dce5AC08fC4870039a4D7f1f65470C9FC92fa,USDC,0.000000,12.857249
0x1c0dce5AC08fC4870039a4D7f1f65470C9FC92fa,USDT,15.200000,0.000000
0x1c21AD9f3102Ef7F2d09BD9EfD1E3bab2c931ee6,ETH,0.003000,0.002895
0x1c3EA39650e94E802932dD3f923d29847A435ae5,USDC,15.007600,0.000000
0x1c3a0D2473685175d5928408Bf605e73cb56331e,USDC,3000.000000,3000.000000
0x1c3ae7B5191E07647bd01D2EB75510C14E1c2136,USDC,15.019700,0.000000
0x1c3b5cd2f68e771d485e17B99265b88cb15309AE,USDC,684.000000,670.011679
0x1c41f3b1FF255C8dc5e6D56c91c768322FdFD487,MAG7.SSI,33.000000,0.000000
0x1c6A061AD76b2a1c581bA45A797Bc1649eE9Eeb8,USDC,15.025600,0.000000
0x1c7244Cc0f5698EAcA5d2e0016bFa5b5a300C3c4,ETH,0.000000,0.005696
0x1c7244Cc0f5698EAcA5d2e0016bFa5b5a300C3c4,USDC,17.497053,0.000000
0x1c853f55ECc2102B00cD3B34d25e1Cb7a066adeF,MAG7.SSI,28.285406,0.000000
0x1c853f55ECc2102B00cD3B34d25e1Cb7a066adeF,USDC,162.000000,88.707191
0x1c8709d2de93FB03Afe5F93fcc16608a5F78B3eC,BNB,0.030000,0.030000
0x1c8709d2de93FB03Afe5F93fcc16608a5F78B3eC,MAG7.SSI,93.164517,0.000000
0x1c96bedbD5a8BAbff0104Fafd945a9AD8a194E3E,USDC,15.010000,0.000000
0x1cC406943EB4FF3171E99B7330dDD63c6141ffBE,USDC,732.882922,722.934690
0x1cDFe55CC85A7d028763a3aA0f54F945e799f7e3,USDC,938.036592,479.886760
0x1cF30069f03C2086F48C6E6Ebb23C1553ea4079B,MAG7.SSI,0.000000,76.108567
0x1cF30069f03C2086F48C6E6Ebb23C1553ea4079B,USDC,37.000000,0.000000
0x1ccc6241a560F11dCB16a4815Dcb992cC813c045,BTC,0.000139,0.000000
0x1ccc6241a560F11dCB16a4815Dcb992cC813c045,USDC,61.600000,5.000000
0x1d02599B687c370Ac7a174C9083eadF20D78Fb26,USDC,15.004500,0.000000
0x1d0b561B4b28B88b84742e2212c32c15B17aA1df,USDC,16.000000,14.148810
0x1d31bBb18F382d6F92f6c5869e6612F77C6a6Fad,USDC,39.500000,41.705876
0x1d3F18DbDAaE423C64C09Abc29456bbC32A385A4,MAG7.SSI,5.100000,5.094900
0x1d45735a028E4d6928dD1770C9F474FCDeE3689C,ETH,1.989950,0.000000
0x1d45735a028E4d6928dD1770C9F474FCDeE3689C,SOL,1.000000,0.000000
0x1d45735a028E4d6928dD1770C9F474FCDeE3689C,SSOSO,14.755800,0.000000
0x1d45735a028E4d6928dD1770C9F474FCDeE3689C,USDC,3879.300300,4121.064366
0x1d4f8c943c3F223bf9499e1dE461A40869C37445,MAG7.SSI,15.753700,0.000000
0x1d4f8c943c3F223bf9499e1dE461A40869C37445,USDC,0.000000,8.079964
0x1d54Ed5b08B523D49c61E153F15520D22B2c7c1e,USDC,39.656100,0.000000
0x1d6A027a1C71Ff4EAa13283542f8FbB9b4Fc72ad,USDC,34730.560372,34807.494048
0x1d6A354A960EF832fBBEE3D6c2135D847e718a29,USDC,15.000000,0.000000
0x1d96591820b82D381B7bf0d01c0D6c7e823692E9,USDC,43.000000,0.000000
0x1d96F4737067c2C733FF741E0DC833130AC17923,SMAG7.SSI,6.992500,0.000000
0x1d96F4737067c2C733FF741E0DC833130AC17923,USDC,45.670168,0.000000
0x1d9E627Be697854a2Ffc387a5524af6B73E457B4,USDC,15.022800,0.000000
0x1dD7934F66f52a809a0779ef5a8cb1612846ba95,USDC,37.950100,36.176039
0x1dbFeef56df38Dac37985E1866a405132d1Ac00C,USDC,16.000000,0.000000
0x1dd65b4670BC06Ecb40e50B0F21d17330343B81D,USDC,40.000000,41.905927
0x1ddAa22f7096A83871aFe285896a50BeB73A39a2,USDC,102.000000,0.000000
0x1e0b210D7EBeF18b854E0622E9ab19951b25E39B,USDC,40.000000,42.067607
0x1e0d6376777c19E4Ff26C5476462258eC836C126,MAG7.SSI,75.559500,75.484700
0x1e127523549311422Ff87c71B49d7F2d36B23125,BNB,0.061099,0.000000
0x1e1843eA82F8420878A8b5d359077A855Ce5B81B,MAG7.SSI,15.061500,19.433664
0x1e2c3CBf54E944AB788FFFA7d43A1Cd6e1562fcC,USDC,41.899989,0.000000
0x1e4972F784C6FCBa809c6E3DbdB026f69Fd6666a,USDC,16.610000,0.000000
0x1e5c699FfF3230f6043F0b80533C16996f75c463,USDC,104.300000,103.178988
0x1e5f58E209D46c8d3b6DEbfDb384DCcd5F2da8Fa,USDC,16.000000,0.000000
0x1e64806346b9B024B74dD4976f1deDc89e2b1Eed,SOSO,14.040000,0.000000
0x1e64806346b9B024B74dD4976f1deDc89e2b1Eed,USDC,31.370000,39.850260
0x1e78C4207de90AAe9c786f59CABaEa02d13B8D43,USDC,98.600001,89.320514
0x1e7dBb2bf85ED60Caff4d2B3934f838C6CB2e770,USDC,39.935925,44.358276
0x1e831a260628351ab54d15Ee16874e797c867486,USDC,39.670000,41.284810
0x1e895afB0c194B5ECCAb921E918f6bf152F4Dd9A,USDC,504.238323,496.046134
0x1e99a1d89A272f88593500c0fFDD428Bf7a79b96,USDC,41.220000,0.000000
0x1e9d6FF6Ff8cf38147f1ADA49655F44206496aFc,ETH,0.002010,0.000000
0x1e9d6FF6Ff8cf38147f1ADA49655F44206496aFc,USDC,36.010300,0.000000
0x1eD59eB800147c105E4C90b198D675AD94dC5663,USDT,40.140000,0.000000
0x1eE5d1C3671F690A74002cfCDefA29D1Ed6a3039,USDC,15.026400,0.000000
0x1ed61EfCF174D3E580f5E55dB4bea8b2B593BFe6,USDC,330.603026,303.738575
0x1eeDBf7A9C434324961Cfd3B7513B96a1c6A714c,SMAG7.SSI,37.460500,37.460500
0x1efB73f48FCC4068942BC2700c226A13d9a9D1a9,USDC,850.000000,838.370000
0x1efb3038DE631CfcE0C0A231952c6B90d5D9cFE5,SSOSO,5.115200,0.000000
0x1efb3038DE631CfcE0C0A231952c6B90d5D9cFE5,USDC,4278.164062,1893.503932
0x1f010dbDC3922192f82d2bFd11215afBe737012a,USDC,104.200000,97.976430
0x1f1459ab31d2e7110082f592FdE0deb967d7CA3c,USDC,1320.500000,1268.280000
0x1f1D798a5E465A248145e98F7A04F06A2f8e0288,USDC,15.017000,0.000000
0x1f2a361bc0b5a76255FB96d0D01528dE3E4DEb99,USDC,148.900200,0.000000
0x1f4a2D39fE171d9A78C8063BB390E89c868D900f,MAG7.SSI,75.231200,75.155200
0x1f65Feb4D02257E1fD262F7fa0576935aF40a746,USDC,130.796920,120.400000
0x1f72b66D3218EA67b6a8Ddf357C861F2a6968ACB,USDC,19.000000,19.000000
0x1f78957791120169FCb80eDE167a3fa6A59D54D3,USDC,40.000000,38.818858
0x1f90f435A5794D230A05090780DF349348c275CB,USDC,30.000000,15.696191
0x1f9519d8EAbA1bd82449Cd8657C37B18EED259ff,USDC,16.540958,17.035690
0x1f994c686A3b9926370bb98FE78f5b8e7dCe7358,USDC,20.781599,12.836875
0x1f9bb39C047c4859dCb330A804E24d7BED126341,SMAG7.SSI,170.326700,0.000000
0x1fA627c134B6ba3aC5a8bc861768e11230B6a6CE,USDC,15.100000,0.000000
0x1fBD097882d69E1b5b64F8b1b7264DdB9B372F67,SOL,0.000000,0.799440
0x1fBD097882d69E1b5b64F8b1b7264DdB9B372F67,USDC,631.680670,611.205998
0x1fD9773d831dbB3a7C820B3e2Ee31b1130578F78,MAG7.SSI,300.987800,0.000000
0x1fD9773d831dbB3a7C820B3e2Ee31b1130578F78,USDC,0.000000,151.530103
0x1fa6b9E6D2850b171619eFABEF79519Ce8719bCb,USDC,39.132143,32.660940
0x1fb1Cc7778321476EC6C2311982C37B13376c1db,USDC,36.470000,0.000000
0x1fb4865eCf238Caf5C40fE246F48126AA720f95f,USDC,39.960100,0.000000
0x1fb630a9680be9Dc2cCb1442C5Bc51Af6D5bE632,USDC,2388.331451,1238.225432
0x1fcf1622F4c86592179a59f3f01c3Ba1b2DACF05,USDC,39.000000,39.597557
0x2001b5A57a21DB884237a6c413E9C3DbAf1c4fF9,USDC,42.487345,43.979373
0x200E6fa550522a4E60E10A028ABf9e1122dbA42d,USDC,24.273496,13.598429
0x20226fB22DcA817e7944173311BA8AB32F668b7D,USDC,268.892030,149.682138
0x202CfE6507f9e030668B077E5442d7c364147b07,USDC,280.107913,53.292240
0x203E84BF3F804AFEFfCaF06b5c77b52b2bd26ED5,USDC,39.500000,41.723151
0x2044C78981E16D5FFf3b4f27A5aF1Fe35616a6E7,USDC,15.000000,0.000000
0x2044c0D66Ad5268DF2F73744F54883741E9BC2A4,USDC,19.918535,20.364326
0x20450Db548765750485C1D7bDF376d247D39cC5b,USDC,16.000000,0.000000
0x2049a01626d3AECEE5fab6822e9dad38135c8899,SMAG7.SSI,46.892000,0.000000
0x2049a01626d3AECEE5fab6822e9dad38135c8899,USDC,160.000000,0.000000
0x204B5b5DF0BA58F019EB39b16E0ba35371d2DCA7,MAG7.SSI,0.000000,77.171638
0x204B5b5DF0BA58F019EB39b16E0ba35371d2DCA7,USDC,50.396771,0.000000
0x204E3C734ef93bBb9B80D215C38b66e793368FA6,MAG7.SSI,77.978575,0.000000
0x204E3C734ef93bBb9B80D215C38b66e793368FA6,USDC,0.000000,40.000000
0x204b0E2A8bAc1Cb2873CB32A8Ab33C5FCaC21961,USDC,15.300000,14.995742
0x20516c76848f88a1255c782CF911eFacC8E9f8D0,USDC,200.000000,218.893000
0x20519d59c746c553f347C7B906e8d1C5Db023fb2,USDC,20.000000,0.000000
0x20594Ac58299730fcFFEb2F6788Ef9Ce7237e591,ETH,0.062138,0.061165
0x207Ec81B0772be70D29B3407ED28C641024f25d8,ETH,0.063639,0.000000
0x207Ec81B0772be70D29B3407ED28C641024f25d8,SOL,0.140000,0.000000
0x207Ec81B0772be70D29B3407ED28C641024f25d8,USDC,9.903000,186.000000
0x207bDcbddFe7b73D863BaeAb14c6fE64C0E9E435,USDC,56.790339,61.588887
0x208605c920DD35984b00aa78afd8fCAb8978B4Ca,USDC,39.151100,0.000000
0x208c2195C3e15d27FE39A80D9C2ebB405a6cf0dD,MAG7.SSI,15.080700,0.000000
0x20AFb880E9aB047D33513eB09F75FB427062E9a9,ETH,0.009000,0.000000
0x20AFb880E9aB047D33513eB09F75FB427062E9a9,SMAG7.SSI,15441.731800,0.000000
0x20AFb880E9aB047D33513eB09F75FB427062E9a9,USDC,0.000000,11552.064210
0x20B73843600339fA9368177CE83322128d2A2319,SMAG7.SSI,5.249400,0.000000
0x20B73843600339fA9368177CE83322128d2A2319,SOL,0.260000,0.000000
0x20B73843600339fA9368177CE83322128d2A2319,USDC,36.470838,37.235781
0x20Bf30EF442cCC89b82E71B8339961d6A9204Dd3,USDC,49.800000,0.000000
0x20D9dd375D0de9EF122DA263161CC98BB641dA7D,ETH,0.028400,0.028400
0x20DAD1E68753d14068bf985dB1a7BDb4aE401B7d,USDC,39.151100,0.000000
0x20Df291BF98A824AEB1254Fe5bE19947C0503351,ETH,0.062138,0.060566
0x20E1DFfccAe69586b8A6d1aC3B0eD0b1cF44Eb91,MAG7.SSI,0.000000,76.662247
0x20E1DFfccAe69586b8A6d1aC3B0eD0b1cF44Eb91,USDC,40.000000,0.000000
0x20EF1E263d14a9F30714a00F79E991DEBcF43EFd,USDC,210.000000,207.702454
0x20F1581127Bd33684B80d45306A4Ff7101D8A138,USDC,39.000000,41.430805
0x20FC75c571d096061F10D339D7431780DDE65de2,ETH,0.003406,0.000000
0x20FC75c571d096061F10D339D7431780DDE65de2,MAG7.SSI,15.031200,0.000000
0x20FC75c571d096061F10D339D7431780DDE65de2,USDC,32.000000,48.631428
0x20Fae21C59A69a50b44c0516dFeEFc27167B51Ec,USDC,39.000000,41.195758
0x20c19C0CD9886bf70743926c65Aa8b56D223fB7B,USDC,20.000000,20.000000
0x20c9D236389b1f87EEDda104E7F0f47e68a52709,USDC,789.927999,650.000000
0x20d308546f1F95EB04223652930D0A39e6C7c46C,USDC,15.010700,0.000000
0x20d766b95DC1e27E7645c2Db218b808777AF914C,USDC,15.210000,0.000000
0x20dE6C5353275B79C7D70501D1E3bEE23Ba7af9d,USDC,41.670000,0.000000
0x21093947278aEC469f300A7e4515999316885783,USDC,500.000000,548.941312
0x2113b1C89A7e16353507fdDAb5fe609f8aB670Cc,USDC,25.235620,25.235620
0x2114d9dC92434A871Fc10A0ab56D3e97686169C3,USDC,15.200000,0.000000
0x21229F0D73810064b4236df4A2646D7314b2d1E9,USDC,118.961192,108.809038
0x212CB321793E2BAd3D8741182A661969752999A3,ETH,0.010100,0.010100
0x212a042E0daA3db3Fc9fc7Fb91b49f8858a1ef1f,MAG7.SSI,78.196600,78.118200
0x212def5661B493039B501b508c101dEe71EDB87e,USDC,61.000000,43.444678
0x2130075b8dff2F97c724cBC76A91f1DCEf62e34D,USDC,395.506513,322.026982
0x2130075b8dff2F97c724cBC76A91f1DCEf62e34D,USDT,6.900000,0.000000
0x2134aAE4BD8fA8A930088383b495EE48120F3410,USDC,34.718788,16.782816
0x213C7E6444535cF9fd51FD9906D55F0E81B38fb0,USDC,38.000000,40.478132
0x214118D012078099423a47606F4E563CA3127Db4,MAG7.SSI,15.186500,0.000000
0x214b5878B71De45Eec9eCa00A07B2D09a891CDCc,USDC,37.000000,38.557218
0x21541271882A267b302Eed69db5346D2ab5f51FE,USDC,39.000000,38.222293
0x215f7219F726C29A519bA08E130443B6B9d1F10F,MAG7.SSI,78.087000,78.008800
0x216029Bf644d35d094fE6AEa1B74D6531689BBA0,USDC,39.900100,0.000000
0x21696e8edF7d5b6206500B308c2d17B81396510C,MAG7.SSI,56.447031,0.000000
0x21696e8edF7d5b6206500B308c2d17B81396510C,USDC,20.100000,41.164201
0x216f54C6d4c15a13ae80c86215b852b184f756E3,USDC,16.000000,0.000000
0x2176033121f87daDC02c44bF3EC3595661f4Eea5,SMAG7.SSI,30.000000,30.000000
0x217DA5EE116db1DA8Fb3c7D1F7548998Da8AA13D,USDC,1500.000000,1528.350000
0x217c40311935E45cE94E2Cc575C330B2B22eD687,USDC,49.000000,46.092672
0x21820070130d54F7850D675Dd968b1fD9336eF8D,MAG7.SSI,37.575843,37.575843
0x21880A8fb895bd1A5e05743a27425fB7aE07704A,MAG7.SSI,0.000000,102.192120
0x21880A8fb895bd1A5e05743a27425fB7aE07704A,USDC,51.000000,0.000000
0x218CE6462d08f7C04C9878e3422d60B13ECADD64,MAG7.SSI,18.715710,0.000000
0x218CE6462d08f7C04C9878e3422d60B13ECADD64,USDC,14.715694,0.000000
0x218f056e3DC57bcCEF56f75d5c05B9b3F4613674,BNB,0.000000,0.542750
0x218f056e3DC57bcCEF56f75d5c05B9b3F4613674,ETH,0.019800,0.000000
0x218f056e3DC57bcCEF56f75d5c05B9b3F4613674,MAG7.SSI,305.000100,0.000000
0x218f056e3DC57bcCEF56f75d5c05B9b3F4613674,USDC,400.614247,46.444100
0x2192ca220538c36fCfd2Fb6888D7B9da27dD4267,USDC,39.960100,0.000000
0x21939696808E0647FdCB047eE478320D80190E6D,MAG7.SSI,78.107400,78.029200
0x2193B656ecc3ad8E4e3Bf7359Ee2E6765Da338b1,USDC,1988.000000,2003.200000
0x219524Ca16F153b1F65bE94cf71Ed350884D9228,MAG7.SSI,5.978900,0.000000
0x219524Ca16F153b1F65bE94cf71Ed350884D9228,SMAG7.SSI,73.241900,0.000000
0x219C434a4F9691e76e934D9F119bc8AaEaDF4B48,USDC,20.243836,9.888611
0x219c012Bf0b003C1FD952b6312f5A37d5215eC9E,MAG7.SSI,40.651788,0.000000
0x21A30aaabad770D5fE56757A0BD20E628FC75Ac4,USDC,41.900000,0.000000
0x21C78Aa5701Df2BA45aF63490f7A0Edff464D660,USDC,0.000000,8.290848
0x21C78Aa5701Df2BA45aF63490f7A0Edff464D660,USDT,16.500000,0.000000
0x21DadEa3ee430017ee7d0671A98a6Ec2Ed16258b,USDC,31.950235,31.950235
0x21E16c734B53BA398a27d1EF97772B7f06aD7d9D,USDT,15.190000,15.190000
0x21E810706bB120c270544066ab2A25EeF0FB9c4f,SMAG7.SSI,534.960900,0.000000
0x21F44e2870B7559280c87F77cc592eC86B89B194,USDC,39.200000,38.466040
0x21FCF3D97af93C22817Cc191E26E2d54e8cD7cD0,USDC,15.007700,0.000000
0x21a48f5CB74C0144A489c628EE064bCb25567aF5,USDC,37.800000,37.467209
0x21a89f65f7dF140a4afd678F47544203CeA08A59,USDC,983.848027,973.149966
0x21b7D91a182Ec9d536F179C08ADe67A11887F465,USDC,39.968100,0.000000
0x21c9918c1c79E1940d4a62DF9277ee6233Ea1606,USDC,95.000000,95.580528
0x21d9c690f009d383e48C0Ac1170317304c70Acf5,USDC,127.138808,116.964906
0x21e6e070546AD4cCBc9f473a7cE41434a7965b99,USDC,45.200000,0.000000
0x21fc4fA55bb20c70a4FB2B21f7d255e8ECDe9D67,MAG7.SSI,15.029500,0.000000
0x2203445C48B586E20755c454824B116e26BB6D9D,USDC,15.000000,0.000000
0x221138445854c46D64Bac12F1Abf713ef2f6aA2f,SOL,0.000000,0.088995
0x221138445854c46D64Bac12F1Abf713ef2f6aA2f,USDC,52.472233,62.549594
0x22124828f64c1e2d71B45e5198DA2515317e6Bab,USDC,40.000000,38.714954
0x2219Cc1591d7C247547f15C2f4Ce6F9E0BDCEc03,USDC,41.000000,44.030905
0x22206A2A9f2908c2B5Df7ed258f0979848Ba1217,BNB,0.000000,0.000967
0x22206A2A9f2908c2B5Df7ed258f0979848Ba1217,USDC,550.042552,550.180161
0x2228f4E1c8052223E3d4bD1d1a4e9e48CAE5A399,MAG7.SSI,15.067400,0.000000
0x2231f019A694368868CC448e47f7Cf68e2cdEC52,MAG7.SSI,15.144100,0.000000
0x2240926e18A5F9C7d26AF4a1f27BEaD31153769e,USDC,111.850014,0.000000
0x224524f9ea5Bb1156B8b1a82de31FFAfBD4070F8,USDC,34.171455,25.344173
0x224721f1DCDEB7E28920Fdb9be20FCA065F4ee16,USDC,16.000000,0.000000
0x2248b995F5Dd82369AfF8CB9865C1F3FdE98A780,TON,3.000000,3.000000
0x224a9ed918f2449040BbF18eBEC9782Cf7c1168a,USDC,21.057099,12.051589
0x22582dDeeC88415DF710148F42A3fD26c0598f2d,SMAG7.SSI,144.102900,0.000000
0x22582dDeeC88415DF710148F42A3fD26c0598f2d,USDT,20.000000,0.000000
0x22588acD8F810f9a0946368b34Cb415C81dB0C95,USDC,0.000000,94.086153
0x2265f60c2c2be44f0aE4Cb6768701f3E62aFB0bd,ETH,0.260000,0.000000
0x2265f60c2c2be44f0aE4Cb6768701f3E62aFB0bd,USDC,2500.071602,2500.071602
0x22734f7aba311b252149C95e7182dd6b4677559A,USDC,20.000000,20.000000
0x2275a8dD8d7F5CB1D533520f9DC49EFE40B298f6,USDC,79.000000,80.935934
0x22840eE5401C4c2968B1B3a3c77EbEe9221Dbb9d,USDC,516.600000,530.166496
0x2286096878BEa066Bf845ee12a8AcD7DbB342277,MAG7.SSI,69.042942,69.042942
0x2287D7C83FC92129E63eE0FDc2efA6ddF7E08840,USDC,5.000000,0.000000
0x22BDB0023ED5F58F80C510Ec2dbFebC4C0b2Dd23,USDC,16.000000,0.000000
0x22C6b488c8063F59E842E15E5535e9697d54Bc49,USDC,41.330000,0.000000
0x22E0A0627C70f42FdD76943a7Dc3D7A84d5eaB78,USDC,599.072200,505.935647
0x22E78C3435cB57e6046e3D4dF8b9bb16954b70cD,USDC,15.000000,15.260880
0x22a28748E2Da31Ec216a5d17007b79C7736785C8,USDC,828.006132,817.453748
0x22a5322A111e91e12318d0dA67453EaE037431AF,USDC,15.019400,0.000000
0x22a6045bd43f4750C71dD23a84682a1Cfa65976c,USDC,31.394428,21.636224
0x22a6045bd43f4750C71dD23a84682a1Cfa65976c,USDT,14.990000,14.990000
0x22a8D39eF6B62B76A8Eb8F16116F57AC061a4c97,SMAG7.SSI,312.550000,0.000000
0x22a8D39eF6B62B76A8Eb8F16116F57AC061a4c97,USDC,69.000000,126.063505
0x22d372a47ca6F6A97D3D5A0096c3f4DE9A92Fb86,USDC,5.000000,0.000000
0x22dedFCF91ED22b270ddC4fA9Ab7aD5D7f9b4577,USDC,864.019753,853.476883
0x2301C16A2a57624Bf3071AF0C8d52FBE614B2901,USDC,43.760000,41.902927
0x231397752614e14b3c9ce39d3CdE0A335d81B9e7,USDC,38.700000,0.000000
0x231A7A8d81e041306DB59704c19044d943e75f43,USDC,40.000000,38.826394
0x231ae4a8A91838E2c0dD6Db502ec726CCc86204A,USDC,41.751990,0.000000
0x232f0A1c72a3e318d3EEf113Ac16e1D3D6438C22,MAG7.SSI,0.000000,76.849869
0x232f0A1c72a3e318d3EEf113Ac16e1D3D6438C22,USDC,37.300000,0.000000
0x232fF80FF3F5478826b061De80d596Cc9a051100,USDC,40.475823,12.567169
0x23322c72B99e4e55721eD53a3e55A3d75A46B90f,BTC,0.000000,0.000679
0x23322c72B99e4e55721eD53a3e55A3d75A46B90f,USDC,49.899374,0.000000
0x233e1925588a4A480993d61397fb1c85ae86dA8D,MAG7.SSI,0.000000,31.105959
0x233e1925588a4A480993d61397fb1c85ae86dA8D,USDC,16.000000,0.000000
0x234BD6a82f587638D7A17a75d12361c0C93416e8,SMAG7.SSI,10.502700,0.000000
0x234BD6a82f587638D7A17a75d12361c0C93416e8,SSOSO,5.000000,0.000000
0x234BD6a82f587638D7A17a75d12361c0C93416e8,USDC,76.889053,0.000000
0x234Dcb6C477aDA645b5c6dfE24BD68225a81D2E6,USDC,15.000000,15.342253
0x2350586a7Ee06a314ecf266E035e62b5DAb125f7,ETH,0.001504,0.000000
0x2350586a7Ee06a314ecf266E035e62b5DAb125f7,USDC,4080.930018,4318.317327
0x2351E4E784ba42b3839695cdb906D0c2F0D6D987,USDC,168.000000,0.000000
0x2351b2e93847Cd53AD9C6f265083471fcF153eE6,USDC,51.410193,49.117509
0x2357DCcc3D21B6D2dDc25824b7c1B978801F64A6,USDC,15.000000,0.000000
0x235901ee7387a582A199056F8B1Ad3DDbFcb2c94,USDC,142.500000,157.213227
0x23590D945C02F18eEc26Fb00cc75DAe0bEF8a30E,ETH,0.037109,0.036298
0x235A5BBa0a50a703985AD51981E23A25AD38Fee7,USDC,51.012512,51.012512
0x235aaAC721c0eA7Ab547c3605297D981A729C6dd,BNB,0.030000,0.000000
0x235aaAC721c0eA7Ab547c3605297D981A729C6dd,USDC,0.000000,18.551410
0x2361b08A53d5C3c3cB6a73813F5a590aeDA373E8,USDC,39.500000,40.832712
0x236C4F1C75833bbb9275a4b8BA97BbbCe1d0fb71,ETH,0.021352,0.000000
0x236C4F1C75833bbb9275a4b8BA97BbbCe1d0fb71,USDC,7.311457,52.097062
0x236b43FCA60b382865047b869B2e05bA8521aDf1,USDC,32.950235,32.950235
0x23708a3c20652c1700df3a0Bd5e18e252a56c8a7,ETH,0.004000,0.003894
0x2378ae6BB6E8EDE6Cf475b4a664021956154f406,USDC,40.000000,42.275030
0x237b00a7eD270a5008Ee4dFd904cB320a4000385,USDC,169.903819,176.958784
0x237f62EBc7b02aDD0C8d8ae9C0218ec273892f03,USDC,5.014672,0.000000
0x23805294E3258F28d9496335899CD97161aC048B,USDC,39.156100,0.000000
0x2389bc113Df779D7EAC1D4ABDF08FfEf1635C194,USDC,38.000000,42.727621
0x238F2c168DE26C61aFfC0E4c9fEA6f6d922dCba5,USDC,15.000000,0.000000
0x2392Dd2Df6E7dFB345380d7604C4A399a557a974,USDC,22.700052,15.832419
0x2396e931B23e6cA51DaD5009a1E73fd79B9af426,USDC,22.118605,0.000000
0x239D9e2b009d587B361653eb235A4E34d0fd3AC6,USDC,102.790559,102.234257
0x23A3FB2d2fEa25428A59047c0e9a8dB12CE08Eb9,USDC,18.200000,0.000000
0x23A6E2493A701Cfc88e1c163F6c610b9A2d9E4Fc,USDC,35.600000,37.076271
0x23AB83F600871262172F47f1F9cc72fdf45ca07f,USDC,15.000000,15.363488
0x23B1e0bF3bC806eEa0D965AB66BA32D514A6efE4,MAG7.SSI,15.019800,0.000000
0x23C4026359605DF37a3E18de87F3Ba3FAD2ac35a,USDC,121.958467,129.861269
0x23C5Fc38090643b410c8c06C4c0F3246059E98EE,MAG7.SSI,5078.477949,0.000000
0x23C5Fc38090643b410c8c06C4c0F3246059E98EE,USDC,1487.066886,0.000000
0x23D1Bb793A22bF37EE59d774844F941CdeBd0bfB,USDC,16.000000,0.000000
0x23DD353B4e67d02a2816a733250d6F024e64791a,BNB,0.025000,0.025000
0x23E61dfC30A888f45388baC567a5802C0dF46193,ETH,0.003000,0.002895
0x23F699259058247DC6F1e9eA0FC66694ED25e744,USDT,10.000000,0.000000
0x23Fb1F5C7cb88a850E1DF55e95A3571b4ac50B9C,USDC,582.530460,578.170616
0x23b32542fAA579768074db45b5Eb5790FF9f90b9,USDC,15.000000,0.000000
0x23bE85AF7F0989Da6F2d7E5EE2bAe7ab69F835Cb,USDC,15.000000,15.049436
0x23c6ae48A4A7710a20708de9a0De9bCD9B8Cb73c,USDC,23.050090,20.186909
0x23dB65cA1d092FA78D64211d2ff8c91c9D2e0B2F,MAG7.SSI,77.177233,77.099933
0x23e3Fd6cdEe3E17499ff4e44eE12B583f206c2B4,SMAG7.SSI,108.587300,0.000000
0x23e3Fd6cdEe3E17499ff4e44eE12B583f206c2B4,USDC,99.957148,50.000000
0x23eA6cb4b75b881c8437070945b4a847986fb50B,USDC,12.000000,0.000000
0x2403444f4E846b9E6D60a73C346E114efdBFC2CA,BNB,0.000000,0.010992
0x2403444f4E846b9E6D60a73C346E114efdBFC2CA,USDC,15.500000,0.000000
0x2403444f4E846b9E6D60a73C346E114efdBFC2CA,USDT,39.500000,0.000000
0x2404b7C47A9CA8C0b0f5d9c48b4d872E0c3c486B,MAG7.SSI,76.150000,76.073700
0x2405fc5F32d24816Cd3F8C5ab86061b945aFaCa2,MAG7.SSI,13.095761,0.000000
0x2405fc5F32d24816Cd3F8C5ab86061b945aFaCa2,USDC,40.000000,0.000000
0x2413bC263C5109ff08864A6C51C59C4E41c8E72a,USDC,15.023700,0.000000
0x2419b34dBc7Cdd0a5f9B8A03db52D278b74Ce6c9,USDC,71.210000,123.270735
0x241cbe3E4C5B8C42E48599404Fc4beCEfB7D3A2a,USDC,88.071709,30.295579
0x242132EDb916f5653d501C7282454583Ea4c66A8,SMAG7.SSI,146.164400,0.000000
0x242132EDb916f5653d501C7282454583Ea4c66A8,USDC,51.000000,0.000000
0x2427a73d387583E0cb17B799e5150485e779F032,USDC,15.029900,0.000000
0x242C5ec59c28Cf680104E3dCc5e7DCbBe391f521,USDC,36.680000,0.000000
0x242D81d468F56c69dfeDe6e059Ad643087a09691,MAG7.SSI,29.998918,29.980018
0x2434A54c54aa6B6d02a03cE931cC407695be61E8,SOSO,605.543600,0.000000
0x2434A54c54aa6B6d02a03cE931cC407695be61E8,USDC,20.859603,5.098551
0x24387C3eF7Ee8258d822A1Af44d38B1f0C98E1F4,SMAG7.SSI,784.004600,0.000000
0x244d38044D6ec716f6632f7E0196a19e0a662360,USDC,200.000000,197.952212
0x245010efE195811a879d0227babCd4c19377EE45,USDC,38.000000,42.701800
0x24510C7c7E652e871068400243B4712486ffb599,MAG7.SSI,0.000000,75.624462
0x24510C7c7E652e871068400243B4712486ffb599,USDC,57.732636,15.778235
0x24550593ceFB394A7D6A662Dcf2A93474783B5FC,MAG7.SSI,30.059979,30.043979
0x2455C6187a1AEc6749636a420C3F7916856cAa8C,USDC,1988.000000,1989.050000
0x24685608b6cFE4E149abbc098BF5626215295a7B,USDC,47.206057,47.101704
0x2475c69aa713d26d4cc9f4640dd99e749C22cB8C,ETH,0.026048,0.027840
0x2476012845dC2fbEc991805e9e19e00806Cd900B,USDC,200.000000,201.791943
0x247645cAF86C4112C813E242cf7EE6296B535B8A,USDC,47.467188,40.600603
0x247a546f3bCB8EF757FEa4697d037830ea0C5064,USDC,15.008200,0.000000
0x248806692C730314B344533EBB273f48AA13938D,ETH,0.030160,0.028752
0x248A4Ef907086CeeAc70829176078bDA06c379c6,SMAG7.SSI,6101.927900,0.000000
0x248d7F7eE65762d5C14C5512E1B5C69ee1C2C3AE,MAG7.SSI,75.636300,75.560600
0x2490e1a98dBED1b022BD76F239b9Fa2F86b8f756,USDC,40.611866,38.828446
0x2491fe0d8F4b9139667647a62e31C763a0cF5c18,USDC,18.000000,12.215268
0x24966E9d44a77c8EEA2a3a1114e23cF65c828933,USDC,15.000000,15.158132
0x249D594EECAe121C9f7dB4E2c9615859d26685ec,USDC,570.950900,505.000000
0x249c3f58e643b8a96793b90DDA8C977E074f227d,SMAG7.SSI,15.551000,0.000000
0x24B0F69d3370406BD891D47b9cecFE93046ddcf5,USDC,39.372387,42.037850
0x24Bb600e706b4823095B0F9B87BaEFbDF4a563D9,USDC,15.008200,0.000000
0x24C97580cF1946D0113A2c42c2C7D9825eE4C29D,USDC,51.919315,0.000000
0x24D3946cA3C8A5aa29199D4b7675a7757A43B47e,USDC,20.477742,20.620000
0x24E10e599503F56474AFF51f4f70572aB9A847e3,USDC,7.960000,0.000000
0x24b6c87A5B0fD1198fbD0B29c337DCf8dBb776e4,ETH,0.007534,0.000000
0x24b6c87A5B0fD1198fbD0B29c337DCf8dBb776e4,MAG7.SSI,0.000000,32.802047
0x24c7737C41411e0d5c8c1a42d23f805783613d97,USDC,15.011600,0.000000
0x24c82e06D820cE36408529197756be102F6CbBC2,USDC,38.900000,38.790450
0x24d337865E9Bff6C8b65397b3c1f61FB78b1F1E3,ETH,0.017800,0.000000
0x24d337865E9Bff6C8b65397b3c1f61FB78b1F1E3,SMAG7.SSI,33.197900,0.000000
0x24d337865E9Bff6C8b65397b3c1f61FB78b1F1E3,SOL,0.000000,2.040402
0x24d337865E9Bff6C8b65397b3c1f61FB78b1F1E3,USDC,444.025519,0.000000
0x24eF8CE494Dc1f2D00F696B7E5f94C7bB52cCd90,USDC,312.434307,298.292524
0x24efF302091AAB4519f53BE8e3CE648bbb10703e,MAG7.SSI,81.532600,0.000000
0x24efF302091AAB4519f53BE8e3CE648bbb10703e,SMAG7.SSI,44.000000,0.000000
0x24efF302091AAB4519f53BE8e3CE648bbb10703e,USDC,100.004400,0.000000
0x24f2De2cb74Efa011EcDA537dd4a71E4A95C99bB,USDC,15.018100,0.000000
0x25009e7c715F3BA1c20834D15749a696C0e56D89,USDC,39.000000,41.457913
0x2501456a2c36044BF480695124ea8b2F34D1E260,USDC,17.200000,17.200000
0x25028Ff2b5618C168fFb64A7924CA5c8a797B5AA,USDC,38.413344,0.000000
0x2507a03aF18aFB02535B93b022e223F93b50B156,USDC,10262.337525,10106.624591
0x25136471a9f209017b7A36138956DCc60813fFfC,USDC,15.000000,0.000000
0x2514f29ddedAE047e82E08CBD4e2270E43F67d57,USDC,15.017300,0.000000
0x2528a2BEA23Cc3257FA3606A450911975495e14d,USDC,20.100000,0.000000
0x2529c85f84707685aa96e40877FD910Ec51FB7Ea,MAG7.SSI,0.000000,76.371436
0x2529c85f84707685aa96e40877FD910Ec51FB7Ea,USDC,40.000000,0.000000
0x252Bfe335E868449B9dE72D4754879B8cd5543C4,BNB,0.025000,0.025000
0x254389eccb7999c283F2e09CfD4994b5be0e0066,MAG7.SSI,0.000000,102.701492
0x254389eccb7999c283F2e09CfD4994b5be0e0066,USDC,51.000000,0.000000
0x254880E1826e4Cd4D26dEA8B4b3F91758d20c203,USDC,15.012400,0.000000
0x2549903767152ba2cE335CeE001014D08cAeB84B,MAG7.SSI,75.262700,75.187300
0x254d76eD4292fc4d28cc67A90d5aE00e6BE5F2aD,MAG7.SSI,75.610800,75.535000
0x2555518246533436A1b5DaE462296a1A3bBe7b3C,USDC,15.000000,14.629471
0x2565D64F8d3f78f8519628e71aa9Ade0EE763454,USDC,37.000000,41.226145
0x2566Fa3a76a43115433eCDAFe63b76b358749637,USDC,15.001200,0.000000
0x257271CAcE50d6889607543883Cb4dA28276b1b4,USDC,27.270085,48.148671
0x257271CAcE50d6889607543883Cb4dA28276b1b4,USDT,31.230000,0.000000
0x257ed020DC12713d43A9d030Ac2d8099323F6567,USDC,108.000000,21.507615
0x25813F186A2dE7Ae3325fb99c8Ce0571950F7B87,USDC,57.758068,54.606680
0x2585722b860FA3f30FF2f1893A6432A5e0e41f4D,MAG7.SSI,179.626642,174.496641
0x2587d4519ee620727632357fc03A18d38d33BCE7,USDC,15.028600,0.000000
0x259385Dedeca9C815b806f2C14aC1C500778202F,USDC,15.000000,15.319710
0x25980C722Ca0fFd05090946Ec09786D0d2C64d95,BNB,0.000000,0.069975
0x25980C722Ca0fFd05090946Ec09786D0d2C64d95,USDC,45.384620,0.000000
0x259f0F388a2Bc7eFcb29915d1CEE978c75fcC40e,MAG7.SSI,0.000000,40.564702
0x259f0F388a2Bc7eFcb29915d1CEE978c75fcC40e,SMAG7.SSI,24.322900,0.000000
0x259f0F388a2Bc7eFcb29915d1CEE978c75fcC40e,SOSO,18.771338,0.000000
0x259f0F388a2Bc7eFcb29915d1CEE978c75fcC40e,USDC,22.000000,5.093457
0x25A04Bc7379FAAbc0bE0421DA74191ea51713c8c,USDC,260.084944,0.000000
0x25AAd6CaA2f087f02995b47481ec94Eb1bfA98f5,USDC,61.067983,62.595320
0x25B17669540cAcB16E4376Daa6Acd65F5C03Fb34,USDC,15.022400,0.000000
0x25C1F8a1db32Ab6A006b4102f0245086B95AE5AF,MAG7.SSI,77.147154,77.069954
0x25E810496BD7a85cA7c35eD5456999196D7B1aAc,USDC,22.212795,63.822002
0x25F471CCa509731245810a0D0F03eC1eC524CBBA,USDC,37.294000,40.717465
0x25FE8Ff977b0cd55ABdF5284b16DD414CbF2183B,USDC,49.800000,0.000000
0x25a78661890c4B053AA40dCBd02a5AF6eCBC8953,USDC,43.100000,45.213176
0x25b149807B590de239F8Ce4b6D8DDcA01ae2D754,USDC,7.960000,0.000000
0x25c233a77831F3e1e7A345a8995AEAB8f7272C83,USDC,15.029300,0.000000
0x25cf03A658E3cef33C02De014a0828F907C26ab1,USDC,1359.971115,750.195733
0x25cf03A658E3cef33C02De014a0828F907C26ab1,USDT,131.415700,131.415700
0x25d7D4ce1a6cCCa22a231D5c53A5DA9a1592809D,USDC,40.383842,12.593586
0x25e7D02a81d9ADFF3667569C316Ff6CdF527D6b6,USDC,20.000000,11.698948
0x25e95Cf927c301FB6270343B05F4Db427Ed772c1,USDC,30.000000,0.000000
0x25f5441394F7171800F94DAC3567A2Ea73ecbdDF,USDC,49.800000,0.000000
0x25fBB1510940456F544183CEd7Bc9c15F657AB0f,SMAG7.SSI,6.000000,0.000000
0x25fBB1510940456F544183CEd7Bc9c15F657AB0f,USDC,16.000000,12.182608
0x261DEF8c5Cce982a3930e1f0044F00E860eE61fe,USDC,41.890000,0.000000
0x263761a93d3851c0b52c20B9666573d068296A35,USDC,20.000000,20.000000
0x263C7eA27Dfe6441031F147bbF735C0176C3E44a,USDC,842.605177,831.503471
0x263afA3c4Bb365E41aa7DCba19b3ED67041AFAe9,USDC,48.742396,7.039120
0x263eCc79403DfFdE8237D7524e2dAc0a3A08Ecc8,ETH,0.140000,0.000000
0x263eCc79403DfFdE8237D7524e2dAc0a3A08Ecc8,SMAG7.SSI,9.422700,0.000000
0x263eCc79403DfFdE8237D7524e2dAc0a3A08Ecc8,USDC,110.000000,100.698845
0x264445059962F92Ec733708a4C498878e943C654,BNB,0.027004,0.000000
0x264445059962F92Ec733708a4C498878e943C654,USDC,83.377916,5.138186
0x26463A6Bea8eb93Dfb3d666B1B59F10C4d8be04B,USDC,75.821838,75.148135
0x264746AE3A3E05CfBB9Ba92A4AA8ce855ec37b76,MAG7.SSI,76.000000,75.920000
0x265Af9F6e001a6dE2b2232358b02D0675f25CE86,USDC,16.000000,0.000000
0x265Be45B54248faf95b281B70ABaB73A5B598890,USDC,45.000000,47.474941
0x265c2a5EE30002e47EF6F8f358E44741EaAa5645,USDC,511.453300,418.982720
0x2669B2d4B611D12eD6155138F6F57f41AD782E03,USDC,50.000000,48.639805
0x2669c20E137A696Fc453BDdDabE26004081BfDc5,MAG7.SSI,10.000000,14.985820
0x2669c20E137A696Fc453BDdDabE26004081BfDc5,SMAG7.SSI,5.000000,0.000000
0x2671d75340c9E306eB9389d3616E1beEB8071709,ETH,0.008000,0.008000
0x2678fb1bC11e95589e162f4719cD564DF802f0a4,USDC,16.000000,0.000000
0x267e54fE02400Fe24Be97A05D4F8D24e4b8B9E25,SMAG7.SSI,235.510700,0.000000
0x267e54fE02400Fe24Be97A05D4F8D24e4b8B9E25,USDC,120.000000,0.000000
0x268f2D4850B5D0C73B47c61e22F7B7f65DD763De,USDC,19.780636,0.000000
0x26A8cC18F44b17288EdB25Fe58A442D1381250a3,SMAG7.SSI,10.929000,0.000000
0x26AA4f668141249Eb3ff68855efFc9543C9D1599,USDC,15.101807,0.000000
0x26Aa591B5a0A95790078524D5D2e19c58f6Dd179,USDC,93.925049,93.366097
0x26C26d70bFebab699A002f38B8dae47215Ea97B5,USDC,383.674760,373.610952
0x26C8721DA7DaC674CA4AcBAc759Bd805A6ECba5C,USDC,15.000000,15.065002
0x26C9694f036737e892C9Bbb894A210653e5d2824,USDC,93.818171,93.197231
0x26D517ECd7316eB1dD4E96a217fdb79F07335498,USDC,37.000000,42.404729
0x26Da68ADfC4D976698bd593aA2e9441b45B0AdB7,USDC,16.000000,0.000000
0x26FEEeF4224580626b84A3a2285cBC7d829C96cb,BNB,0.890000,0.000000
0x26FEEeF4224580626b84A3a2285cBC7d829C96cb,USDC,95.500000,66.624081
0x26Fc05A365Ff6391B17FdD89Be2E5b84d8D83444,USDC,21.950235,21.950235
0x26aa01daa5a8AE23B24D04253789ad54FBB1a95d,USDC,38.000000,42.741440
0x26c64D89B96A4aC23B3282751CD4DD8B8A34D53E,USDC,39.500000,40.824172
0x26cdC8A83afd96B7acAdf35D7274da124FE6Aa25,USDC,15.800000,15.800000
0x26d48287C1b91E936D6fb64bA4804E26809E4667,USDC,41.200000,0.000000
0x26d82ECacE3eA30A8F61CEc406aD8b8df5c7DE2d,USDC,2000.000000,1983.793724
0x26d8e3765342851FFC899bc5e0fcC64c53e9169C,MAG7.SSI,40.000000,30.000000
0x26d8e3765342851FFC899bc5e0fcC64c53e9169C,SMAG7.SSI,10.000000,0.000000
0x26d8e3765342851FFC899bc5e0fcC64c53e9169C,USDC,134.912914,128.757242
0x26dD0f8337B61625379edcAA41C2F164bb45A1Ac,USDC,41.800000,0.000000
0x26e0AD4dC945Fec0D6fa8E719a0ACaE35709725F,USDC,40.000000,31.298002
0x26eb2340f443cc2CC881639b5F50a487A8Ab1dd7,USDC,16.000000,16.000000
0x26f628B56f9e184747B0A862F9f210497a63b214,USDC,38.020000,38.867230
0x26fDB9d7E37D3B5C8c8e17521D3a4b6ac075429E,USDC,92.140941,92.680635
0x26fe19b9A1F268EB21eF803bCeDdD7F8E441FAe4,USDC,15.130000,0.000000
0x270B015dDE6192027ef163196d6fCF86e2Aa7324,USDC,17.808923,0.000000
0x270E4ed4a30692a1b74474c0B8daBB03C8DFAc96,USDC,15.000000,0.000000
0x270ef666B9429B7f1a9F6748df169cB613b37A21,USDC,15.990000,15.092934
0x27141a355cb7037e80f258044873bb05AF8E8322,USDC,103.214234,104.448570
0x271Aa9CcE68e56579278868023a60A550c2b7772,USDC,42.000000,0.000000
0x2720E081Afbd776eB5c712b7f5202788e578382A,MAG7.SSI,75.000000,0.000000
0x2720E081Afbd776eB5c712b7f5202788e578382A,USDC,918.651176,909.380912
0x2720d12d298d5f51D657E11a7f6A23194db0242d,USDC,17.062440,0.000000
0x274Cdacdc2edC53f1197f0b0c751fEeb2Bd92B57,USDC,39.400000,33.415000
0x2754F152a8798dD55acD3b3409e252BebCaD3F15,USDC,15.019600,0.000000
0x2758188397948CF2628Bf87DC13fa033005767e7,USDC,15.296224,15.296224
0x276F3D649A8AeF296a55500C0e41Cc22E5115F0D,USDC,343.000000,0.000000
0x27788E628F95039DBEa4D897c4b360F033bfc28c,USDC,109.850014,0.000000
0x279136F236e83219bc4DC57a4a402A91D07Ec5c7,USDC,15.001000,0.000000
0x2791adBEc90d8372BbC754B387a4428aa1eB9f37,USDC,38.399356,38.399356
0x27AFcD9Ed7d82Dc710E639047f9Fbf1dD8Cd3e4f,MAG7.SSI,16.134300,16.634300
0x27AFcD9Ed7d82Dc710E639047f9Fbf1dD8Cd3e4f,SMAG7.SSI,16.716000,0.000000
0x27AFcD9Ed7d82Dc710E639047f9Fbf1dD8Cd3e4f,USDC,0.000000,20.762530
0x27B01719e3c530e45F4B5357205336aF279c99F7,SMAG7.SSI,7.359200,0.000000
0x27B01719e3c530e45F4B5357205336aF279c99F7,SSOSO,15.241800,0.000000
0x27C7003552c66102FABfb5e79ac71b3B29e68E44,USDC,104.200000,103.768106
0x27D0176811Fd44b388C2C02CB1ABaaCB8919a37D,USDC,41.760000,0.000000
0x27E0F800381C3789dC7fd1AFbA470363AeDd33cc,USDC,15.003700,0.000000
0x27E70d53522Cc59Aa4B8A817B90A1226B7f7C5a5,USDC,40.074125,34.161437
0x27FeB8d086A1f56fBE78dCE061Fc2fa7Df571D9C,USDC,40.000000,38.947284
0x27b109e62a22D7cE8420f7d6840cC8e13402FE3D,SOSO,4.000000,0.000000
0x27b109e62a22D7cE8420f7d6840cC8e13402FE3D,USDC,111.000000,0.000000
0x27bf0718480Aa087F572268F9d14cFFC0C8E96D4,USDC,40.000000,38.627137
0x27d05ACb79f69b498BE58C6e20F3eC130625724e,MAG7.SSI,75.110000,75.034800
0x27dB83A7960776D3BF605b45Ad333aEeC7C0a9B5,MAG7.SSI,41.940280,0.000000
0x27dB83A7960776D3BF605b45Ad333aEeC7C0a9B5,USDC,69.000000,0.000000
0x27dE17b74b33A629F01752fC2F9745EfcE700039,MAG7.SSI,0.000000,15.068918
0x27dE17b74b33A629F01752fC2F9745EfcE700039,USDC,65.257329,58.157329
0x27da076327Ae8859aBca94B2df9DbDf24B59Ffa6,USDC,2746.185567,2752.398403
0x27e0E14E35603FE41F165e39662937b64bea0Ad1,USDC,39.500000,40.824797
0x2809F93a1905D958EE239F0CAE91f65958368ab1,ETH,0.008900,0.008900
0x2809c7499cF89F385e13ff9591D3Cb64E38A3Ada,MAG7.SSI,37.220995,9.732675
0x2809c7499cF89F385e13ff9591D3Cb64E38A3Ada,SMAG7.SSI,34.082438,27.082438
0x2809c7499cF89F385e13ff9591D3Cb64E38A3Ada,USDC,16.000000,5.000000
0x2810503C2AC0b331b44F28c096CC934953715005,USDC,19.000000,12.630481
0x2829F38D40ED83eC20272B95b8D494423dDd5Fae,MAG7.SSI,0.000000,76.682234
0x2829F38D40ED83eC20272B95b8D494423dDd5Fae,USDC,40.000000,0.000000
0x282FdB69504191cF554b81509309B7fE5359A487,USDC,15.160853,0.000000
0x2837f748B8ab20C9781aa732749D0b4D1C43611f,USDC,39.453552,0.000000
0x283988Fd8c6EDF62c21faE21A69fE1ef35e7b946,USDC,58.362530,38.440639
0x28473ab756572256F8Afb508120eAE6e570c48eD,USDC,15.584178,0.000000
0x28499f00cBcbcD32A31786aCDa26da30e7D2c95F,USDC,20.000000,20.000000
0x284e5f2823F81b39CC7c6E9786116c2e35fBBbE7,MAG7.SSI,16.839725,16.752962
0x2853C73ECb6149b5A7c9758ECfb393387f64115A,MAG7.SSI,29.212763,29.212763
0x285A35BA3Fec48f2461dC60B82cfdC9fA1f49335,MAG7.SSI,75.670400,75.594000
0x286A991E2e55E19488c9dd9e9CE124Dcb48eEfb6,USDC,5.000000,7.008941
0x287498B23a826a0a878de588Ea54a2E3c6D72005,USDC,15.015500,0.000000
0x28780E2F34CCA714fF45da00BbaDe04a4e0B861e,USDC,39.000000,41.548009
0x28782247a268fB93157b0658fd39755D9E9DD71c,USDC,576.096100,507.000000
0x2887a8c68F52215311D17907851D265165f2F299,USDC,36.830000,37.816175
0x288aC7410bd018C483B598410e828b63B849Bed3,USDC,39.000000,41.123803
0x2894f013C548e7D942D4989A780EA13b0E135408,USDC,37.735000,41.223995
0x289F809481b8B66510EaA3Ebaa8BAE230814DA1b,USDC,40.000000,42.213778
0x28B279Da3e2Fff070808b4c109c4401a200E83F0,MAG7.SSI,29.548486,29.532086
0x28B3d7B7f1F98cE48A6C9B1eEf02135b7C3F4CEF,USDC,41.000000,43.322844
0x28B8424EC809Bd101BCd3a946970A8a4109C112b,USDC,478.718800,408.000000
0x28C809b40Ab24F2B527c22147D0e9DaCe039c5Bb,SOSO,1.000000,0.000000
0x28D80cc1C2dcbA6d2BECfAddc3C8118fab06442d,USDC,57.800000,57.351091
0x28F34D7Df1151e03a65584916612f2ED5b67A555,USDC,39.950100,0.000000
0x28F67819D2dD454722a33388aFadfbF970Af8903,USDC,30.000000,0.000000
0x28b757E3F9968A2f339e59861C862BAe70dB4A91,USDC,16.000000,0.000000
0x28c2A2Fee229167021A8687EF6c994060e0D411a,USDC,38.600000,38.513075
0x290019e24d1372E207852fd3F961BC1c78F42518,USDC,50.000000,48.672954
0x2902a850FD45eCC5Dc68EcCDD006EC939A3d5569,USDC,40.000000,42.203316
0x29034B4eFf219a326525bAeC14957A93FBC7D255,BNB,0.025000,0.025000
0x290f552ce47dEBBf9Be0f2389EBd53D5e893DC2E,USDC,15.027100,0.000000
0x2919560635B8A23d8F590F33d51b2e4EdAB596d3,MAG7.SSI,0.000000,5.729500
0x2919560635B8A23d8F590F33d51b2e4EdAB596d3,SMAG7.SSI,5.729500,0.000000
0x291CdF37CF6Fca99C0f320966E14E10ffaDe0dFf,USDC,42.130000,0.000000
0x291a4E3Bf4E89cF2b39555eeeE9D52f76584C3db,USDC,100.000000,0.000000
0x29318751E084a54ab4f53234b09259D110c46a53,USDC,11.019413,0.000000
0x293213E49Fe4f9070a4d0a479FA86221DFA91725,USDC,15.028100,0.000000
0x29357C347e15633B8722f01096382413DbB60479,USDC,17.000000,0.000000
0x293586782553B8B928C5F748Ca90aCFaD97d4f5f,USDC,64.431217,65.205694
0x293A2BE275741A16Ed9691DC5992DE7A02CBa3C8,USDC,580.013179,571.334331
0x293AC3Dc6f61700d906fb28F6F081707e69E7151,USDC,37.000000,38.600273
0x293Ee942F4eC31CbcDD9DF1Ed49e919a0F9AD6a4,MAG7.SSI,15.115700,0.000000
0x29473b336b435D6eFFfa3a9A75961749Df8d83eE,ETH,0.013000,0.000000
0x29473b336b435D6eFFfa3a9A75961749Df8d83eE,USDC,35.567164,55.338781
0x294c0745262aF68eb324Ee4964Bc2799bAC32120,USDC,188.595221,178.947535
0x2952542c760f236e0A5d0599cdEA551316C82B88,BNB,0.050000,0.050000
0x2954328eFfE513bA29d6AA9503185391EE01D908,ETH,0.015634,0.000000
0x2954328eFfE513bA29d6AA9503185391EE01D908,USDC,391.595308,0.000000
0x295AC80255a072599E2cE5a61DE4E7bc764f726B,ETH,0.014000,0.000000
0x295AC80255a072599E2cE5a61DE4E7bc764f726B,USDC,12.127339,9.574088
0x295b9b5e631DADf73899e2d7eeb87C08a1420576,USDC,15.001300,0.000000
0x296C7BE3836b38CD0687d56D96a57c87C4a5e0B6,USDC,15.027200,0.000000
0x29751ad59D4c6E8537b555fd9E1C594fdE2eF0D7,USDC,18.056063,12.559061
0x297E5909aF02a8D11A8825ff6b8BBBf71c207ECe,USDC,9.000000,0.000000
0x297f42A839E379c762f79Ed081B0205842f57077,SMAG7.SSI,992.000000,0.000000
0x298a5968FaFe0849f10a29A89Dc3Ab466b94a92A,USDC,16.000000,0.000000
0x29939Fc0D3F45a05bBBEB1E707aa079CD7be9B4a,USDC,39.000000,41.341120
0x29977B55fe1118AB3F44DB6250A4145e74Faa053,USDC,7.960000,0.000000
0x29B74D6099dB7605CC1134798446b4e8D417CEBE,USDC,200.000000,193.314315
0x29B83b5bCE2C965CaA2A6e8C73d66f4f2b636Fb7,ETH,0.012000,0.011575
0x29BE3F2c4C41B3538575E3c61821965AD63D01Db,USDC,36.800000,0.000000
0x29Bf24c0cEDC3b68E0c134D7EA65027D0ad6C580,MAG7.SSI,207.121000,0.000000
0x29Bf24c0cEDC3b68E0c134D7EA65027D0ad6C580,SMAG7.SSI,320.000000,0.000000
0x29CB6c23E68232b860395Bb70FB2993F7d3A5A11,USDC,20.000000,0.000000
0x29F3CE390F1a5C14b62A5619A1212B0ED02A0ea4,MAG7.SSI,75.509000,0.000000
0x29F3CE390F1a5C14b62A5619A1212B0ED02A0ea4,USDC,0.000000,39.049189
0x29bA794bf660593beE6FA5b2061954D547545F1a,MAG7.SSI,15.172800,19.744762
0x29bd03261c7b1D667b29CB7e8354a28B54DeefD0,USDC,17.000000,17.000000
0x29ccC63EdE1a0ad108Be56ECE9aD76BC3d0d64cB,USDC,20.000000,20.000000
0x29dC2D042b0c5DCBd0252eAA00aFb8802257B5AE,MAG7.SSI,15.010000,0.000000
0x29e40bc48f14ECBd5B4C3202F9D403b3Ed31f2c8,USDC,5.806051,0.000000
0x2A0d00cC64be32476d8016A2f4b1959f3e770734,USDC,32.867152,16.100000
0x2A16B93CB32808Aab24e88a02190162822ddE8c9,USDC,39.000000,41.279197
0x2A2F619578296132e9302c5fDa686C6Da7a67650,SMAG7.SSI,101.340200,0.000000
0x2A35AAd101aC0dcaDfD3cA60afDA60779Aa4d0b5,USDC,16.000000,7.520000
0x2A3B57A3B456BA644732dd1c685062ABE59D8D6f,USDC,229.000000,226.709167
0x2A4986d6Ff42118504A14dBD42D431a07E5D2da4,USDC,1046.613532,1034.762679
0x2A4a260f900440Eb67A5e2FBFf74b9d56a241A6E,USDC,6.000000,40.673926
0x2A5Aa1fea97D15A4F0F9EA7A912bE3b7204D1e64,BNB,0.325000,0.230921
0x2A5Aa1fea97D15A4F0F9EA7A912bE3b7204D1e64,ETH,0.000000,0.003997
0x2A5Aa1fea97D15A4F0F9EA7A912bE3b7204D1e64,SMAG7.SSI,16.279300,0.000000
0x2A5Aa1fea97D15A4F0F9EA7A912bE3b7204D1e64,SOL,0.100000,0.000000
0x2A5Aa1fea97D15A4F0F9EA7A912bE3b7204D1e64,USDC,279.266844,252.676967
0x2A5Aa1fea97D15A4F0F9EA7A912bE3b7204D1e64,USDT,107.730000,0.000000
0x2A678825E9fCe9f5d5ac7F44bCd4282ae1a0Ef53,USDC,131.595590,100.648306
0x2A68AEB58621262Fddaf573E19404E0c34BBB6C2,SMAG7.SSI,17.906900,0.000000
0x2A68AEB58621262Fddaf573E19404E0c34BBB6C2,SOSO,42.182650,0.000000
0x2A68AEB58621262Fddaf573E19404E0c34BBB6C2,USDC,165.982329,16.161488
0x2A70E46AC2F7175702d091d50ABcf7FE3bA41F0d,USDC,15.012000,0.000000
0x2A765671313a28795978B93A97A89600e8e763A1,SMAG7.SSI,14.317800,0.000000
0x2A765671313a28795978B93A97A89600e8e763A1,USDC,40.901470,0.000000
0x2A86a4614137e1217f748BA6F72edC62D0698023,USDC,11.000000,10.985354
0x2A9F072D306906606C0A5FEE2c493737ef44cFF8,USDC,49.800000,0.000000
0x2AA8F4E69917e87b0dcFbBdf657aF27d32e4C5bA,USDC,533.158060,533.588000
0x2AAdA9F6c51b7eC3A911aF41dC80E3dE883d05F3,MAG7.SSI,0.000000,15.048337
0x2AAdA9F6c51b7eC3A911aF41dC80E3dE883d05F3,USDC,20.200000,12.790885
0x2AEBfAdcf00480FFF0A4B69Bf603ab06a549a00d,ETH,0.017400,0.000000
0x2AEBfAdcf00480FFF0A4B69Bf603ab06a549a00d,MAG7.SSI,0.000000,74.936611
0x2Ac0691105E21B7D3Db4e1ab9cfC07c8b30b7d82,USDC,152.480000,165.550949
0x2Ae39f344Fd25da7a0e351924BC6139B305C7bAe,USDC,20.000000,20.000000
0x2B10706125EE979bCc7E158f01eCa80a287EdCe7,SOL,0.237143,0.000000
0x2B11E70353c90C176330c15CaEfBe022E06298B4,USDC,15.008600,0.000000
0x2B1272C52FE0A59E14Bf0b3AEb277e8Abb9e3228,USDC,99.865879,99.674992
0x2B3211A2C4EbDcC0C6537730A8C8a293b580ebaB,USDC,39.000000,41.027535
0x2B36FfB84d7592f6EAFa86C2BE53637E08F9B686,USDC,15.000000,0.000000
0x2B424BB39Ff195dF19873859eAa9B596D78169B0,SMAG7.SSI,6472.179400,3233.214679
0x2B424BB39Ff195dF19873859eAa9B596D78169B0,SSOSO,4587.364500,0.000000
0x2B424BB39Ff195dF19873859eAa9B596D78169B0,USDC,165.000000,0.000000
0x2B71Cd88836BF7Ade67ABe46dD4ae133C9586187,USDC,44.450197,55.915484
0x2B7DD8e47CAea188eE58D62AECc46E8b8c1C29B0,USDC,15.013300,0.000000
0x2B8A5cA44a3497E1B809a97751dC4466ff95d6fc,USDC,106.433574,99.444533
0x2B8C0F426f53e25FDA0Ab734d91b6260E218E106,USDC,15.000000,15.053403
0x2B8C965e66633F81a4d30b728f75F5AEe7f42c25,USDC,900.930821,890.580430
0x2B8c9E0821b6C7258fd69D10f95F1aA1B6DA443f,USDC,39.639141,0.000000
0x2BAE9826aF54d04b83078fe71603cEdCe8a800d6,MAG7.SSI,76.750400,76.673400
0x2BB1b0fdDcD9fD5Cd029465c56cF76abC0320EBb,MAG7.SSI,15.133523,0.000000
0x2BB1b0fdDcD9fD5Cd029465c56cF76abC0320EBb,USDC,16.000000,16.000000
0x2BDe8A562013eDcac502eaB95B27f831Bbe50Df2,USDC,15.017700,0.000000
0x2Bd3f0e8Ef70160a362920f4E50D41bD1a5787f3,USDC,232.000000,69.203846
0x2Be98b316b74Cb2C49FAeB68E311598197f564bc,USDC,15.026500,0.000000
0x2C02b49B2115e09B78Eb5f1120f367A7378F3eFE,USDC,22.050011,19.186830
0x2C0493F016967a6d3E19e716a98682A7688bd818,USDC,15.000000,15.037569
0x2C07C169551934a24ADB34A7194fa234309700BA,USDC,20.000000,0.000000
0x2C0908f04887379241d875d75DdCa523f0338612,ETH,0.003000,0.002894
0x2C2c945ff0b3b8452A2D6E009611662CF099205a,USDC,44.852200,0.000000
0x2C3cb55F3C7A94189E2F37edeB29b9B630dA39b8,USDC,40.000000,38.778458
0x2C572EF25f964996964C5D946CC2b7ab1DA958DE,USDC,37.100000,39.107644
0x2C6B4242F4766eF470289B4a2A038d07E5E3d85C,USDC,15.200000,15.200000
0x2C84D9281def8c066A726F6158851c34253aEb94,ETH,0.003000,0.002894
0x2C913c340730F000c5E6F41bbb0Baf21717a2959,USDC,28.000000,0.000000
0x2CA1d9f021420DF28dD19eAFc5C4a650693Be2be,BNB,0.025000,0.025000
0x2CA62c15fAB03EE7344516734DECe8f06F5BB3c6,USDC,52.000000,54.908874
0x2CAd1e8BE78C66480408d96FA13e068c00c08e4D,USDC,16.000000,0.000000
0x2CEA0B2bEb2F4661481F93a199CF843E0951fcBf,USDC,38.564401,0.000000
0x2CEB70136f0F5A44D52b7fB65b39e0b402A2cc50,MAG7.SSI,15.027600,19.889565
0x2CFD818023B08d805f0B69e65cb730FF9e2Df0cf,SMAG7.SSI,22.501700,0.000000
0x2CFD818023B08d805f0B69e65cb730FF9e2Df0cf,USDC,46.530000,0.000000
0x2Ca95C75519d931130e75e9251985D9209421f0F,USDC,15.003300,0.000000
0x2Cb8065a548da21Fa9C12C46AE08913fF3Ac1C05,USDC,6.554353,0.000000
0x2D01FE5c815F778374898a7aaaa48e86c84F77b7,USDC,612.420493,602.554747
0x2D3AdACBFeF4896cEf9f161FaFd95987f910B94B,SMAG7.SSI,14.976400,0.000000
0x2D4065F243364540c37213190f91f7B5FcBEEB9C,USDC,42.000000,0.000000
0x2D44BaB4949AFA1e89190c86E33f440A17d00e39,SMAG7.SSI,8.020300,0.000000
0x2D44BaB4949AFA1e89190c86E33f440A17d00e39,USDC,60.638399,0.000000
0x2D464FB76116000D06ED242ad27800120182f297,USDC,15.000000,0.000000
0x2D4dEa0FfAd2236eb1f7f13e8D7DaF34b8b8d422,ETH,0.062364,0.061933
0x2D6e60F1d189D25cb0B273aE8c4cAa497381EB4C,USDC,17.000000,0.000000
0x2D6f144Fc98Ed26a9dbDd0C54b27B830B71B6308,USDC,37.598591,42.374122
0x2D7949363f9BabD1818731398A665fB50a66a27f,MAG7.SSI,75.000000,0.000000
0x2D7949363f9BabD1818731398A665fB50a66a27f,USDC,888.218723,853.809653
0x2D9651e307E6D0b99ba9dBD254704Ec1E251dfD3,SMAG7.SSI,10.000000,0.000000
0x2D9651e307E6D0b99ba9dBD254704Ec1E251dfD3,USDC,3140.000000,0.000000
0x2D9F5a7A40c1E14d75166EC496dFddF96f9aB077,USDC,40.900000,0.000000
0x2DA62529C5dCF9C0Ea4C555960748Ad0F9943B73,USDC,37.156000,40.655088
0x2DE471FA5F9389B35CD26586169A2B478464D64e,ETH,0.024592,0.000000
0x2DE471FA5F9389B35CD26586169A2B478464D64e,USDC,1892.315054,293.252200
0x2DF55e0fd3A0b1f00C6DE17b12d96E7351Bc0744,SMAG7.SSI,2212.103100,0.000000
0x2Db4625A9eCe077CB432D1A84b85b03c15721BE6,ETH,0.012368,0.014362
0x2Db4625A9eCe077CB432D1A84b85b03c15721BE6,USDC,0.000000,12.084261
0x2Dc38fe8Cb2dd31ad90caaCE9aa27e450DAB3EaB,USDC,53.012004,55.684517
0x2Dd9E148599611B965Ad8163c76B50766071f817,USDC,156.799998,0.000000
0x2DdE9c08AaD46bFCC2C355F1D8Cd13851F4B6399,MAG7.SSI,0.000000,11.789000
0x2DdE9c08AaD46bFCC2C355F1D8Cd13851F4B6399,SMAG7.SSI,0.000000,4.995024
0x2DdE9c08AaD46bFCC2C355F1D8Cd13851F4B6399,USDC,30.000000,17.626156
0x2E07e120663C46bE8e7BBEadcFbfE9e31c3Ac4dc,USDC,35.000000,33.835380
0x2E1531c10054b22d2564e020Dc3a95dcC0d940cc,SSOSO,11.946400,0.000000
0x2E1531c10054b22d2564e020Dc3a95dcC0d940cc,USDC,27.000000,0.000000
0x2E15aCDAC0A3Bfd49E345f23D091D8539D485573,USDC,15.650000,0.000000
0x2E2607490866989012fDA735797cCFF226FF761e,USDC,15.000000,15.377062
0x2E2afa79178b395eF2ea2a4376DAB9c91F025B00,USDC,54.364362,47.684300
0x2E361440428C4535CB83c0E6e4ceD0e0a786ac6C,MAG7.SSI,30.650000,0.000000
0x2E37beBe0aB307eb032548160658348a4D386434,ETH,0.007539,0.000000
0x2E37beBe0aB307eb032548160658348a4D386434,MAG7.SSI,0.000000,32.724099
0x2E3Bcb684C18Bedbd3D5A2F5f6E2dE781aC5B906,ETH,0.062395,0.061023
0x2E49EeC313938C40f60848b8e59d612D1CE0426f,USDC,44.061200,0.000000
0x2E4aFFfEA435097498c8D65e04F3DEc7098ad3f4,USDC,37.988000,41.501915
0x2E52Cc9a646634165Af8778e93e3893939C55397,USDC,54.940988,55.794301
0x2E5b36569af5BE4b5058E442e0DB88C59B611b2C,USDC,17.792596,0.000000
0x2E5b36569af5BE4b5058E442e0DB88C59B611b2C,USDT,16.000000,16.000000
0x2E659fdCEB77cF71d2342b467bb0B8CC077288A3,USDC,15.015600,0.000000
0x2E8C3d76bb8d74048b5266816F89C2D53ccAB4DD,USDC,25.500000,23.834323
0x2E97bab2aE170e1977DE262BfA2aA0E3550F0DA7,BNB,0.400000,0.000000
0x2E97bab2aE170e1977DE262BfA2aA0E3550F0DA7,ETH,0.130000,0.000000
0x2E97bab2aE170e1977DE262BfA2aA0E3550F0DA7,SSOSO,200.000000,0.000000
0x2E97bab2aE170e1977DE262BfA2aA0E3550F0DA7,USDC,10006.772516,1143.290623
0x2E97bab2aE170e1977DE262BfA2aA0E3550F0DA7,USDT,2697.505550,0.000000
0x2E99B03e7b5041838182EB940fc72b5aeB36E002,USDC,37.168000,40.633549
0x2EA4882744dc9317C81E52d6f7BF046F7C258F94,ETH,0.010000,0.000000
0x2EA4882744dc9317C81E52d6f7BF046F7C258F94,MAG7.SSI,15.000000,0.000000
0x2EA4882744dc9317C81E52d6f7BF046F7C258F94,SMAG7.SSI,10130.000000,0.000000
0x2EA4882744dc9317C81E52d6f7BF046F7C258F94,SOSO,20.000000,0.000000
0x2EA4882744dc9317C81E52d6f7BF046F7C258F94,USDC,5625.000000,5562.710615
0x2EBCE442251CF22A8a61F9aE3E433d4250F2Bd4E,MAG7.SSI,29.528849,29.512249
0x2EE568b64E9Ba8864FC3C61F3dB074dd14439997,USDC,104.300000,102.671697
0x2EEc16A440E4cCCFDeb8F3E4F96F108E957e0648,USDC,18.298000,9.569890
0x2EF0295A93eB9079744e9Eb1D23cb35268D78F11,USDC,22.113906,0.000000
0x2EF2f7D0cFe531C285BE61D5d548fC2777a76380,USDC,43.627187,42.778983
0x2EdE1Eb7075eE398Eb52FD878c8D467D41fBd0F2,SMAG7.SSI,575.146900,0.000000
0x2Ef0e38E78242c6992c882308f0ef9622Ad2E8fD,USDC,16.000000,16.000000
0x2Ef7207091FE2445e8B63C83dcFeB23Ddc839C95,USDC,15.000000,15.315236
0x2F0C21Ca931f5e712718C641082De9B35D0965b4,USDC,46.871758,45.518815
0x2F18373425B8e224076172Ebc47D26f6b432f07a,USDC,15.018900,0.000000
0x2F1890f91Cbb422dD8ad268647d06f87C724c122,USDC,61.000000,43.394454
0x2F26003ca99F608f8cE7f2099b80E78F3003B889,USDC,38.000000,38.716780
0x2F2E7e24dbfA2846b6C407025BD801CCdc58eb5e,USDC,15.022200,0.000000
0x2F451b8fE1630D1216FD090f2D581e8dF48f6D3a,USDC,15.008200,0.000000
0x2F49a5Dcf4B62E53Ef69f3E0F91b05518c1c36e2,USDC,1465.234341,1638.095301
0x2F51A1a7A148bF7f73163b032Bf891ead370C8E4,USDC,49.800000,0.000000
0x2F554cc12F7Fc113288E3D0153891973651feE59,USDC,2493.697728,1514.000000
0x2F55A2F565A56A5873BfD3Df4361D22Cf0a814BB,USDC,37.000000,38.626517
0x2F5CF21239b0676B6242289D8EBb005c7EE6c662,SMAG7.SSI,9.783800,0.000000
0x2F5CF21239b0676B6242289D8EBb005c7EE6c662,USDC,60.000000,59.944624
0x2F61021ead72b9493b425B28a5aCdA9b59e0B65f,MAG7.SSI,29.569973,29.552473
0x2F61E971e10dd4E35Ed5267688efAF0e3855840D,USDC,151.150907,150.420487
0x2F64132474E2D7a41523EB775c24C0336AbC5501,USDC,257.628173,318.387374
0x2F75325eaA6A1aED5972e8d6bF40D536B4C545d4,USDC,39.560795,37.772329
0x2F9Bc95F665B5E25b54508Ba8216F793C0e09fE0,ETH,0.000000,0.015888
0x2F9Bc95F665B5E25b54508Ba8216F793C0e09fE0,USDC,50.200000,30.000000
0x2F9a75644bbe3BAdd82c98423A0378e1B64a8F4C,USDC,0.000000,13.318105
0x2FA736d11e109214fAb06450f69ab23e727cA7A4,USDC,20.000000,20.000000
0x2FBD02dbdE8cb22943136bfc08c46557898fC6ff,USDC,6.180722,0.000000
0x2FD0db0ac0d89edfBC44e28231FC9Dd68135b03a,USDC,15.013000,0.000000
0x2FeA40c92787d1CeB6Cb5803cd919F951810730f,USDC,11.000000,10.437948
0x2FeDa5a068875B51cCd69412477Bb7e07191C750,MAG7.SSI,200.150096,0.000000
0x2Ff0Cdef36ff3D9D31A2B255f9139F5EfbB21E2C,MAG7.SSI,75.533100,75.457500
0x2a07bFedBAB47c97D13C916cc6BB18f5df31CEaF,USDC,66.822938,18.031952
0x2a1d54B133D5b25b1A39def0F4Fad638eA2278C2,BNB,0.018247,0.000000
0x2a1d54B133D5b25b1A39def0F4Fad638eA2278C2,ETH,0.006000,0.006000
0x2a1d54B133D5b25b1A39def0F4Fad638eA2278C2,USDC,111.780317,13.885050
0x2a33DD28B4d085f7c72e42ed16dB2524c276A78d,USDC,38.000000,37.968497
0x2a479FCeF881b7dc79A2b57c54C6fF3e73A42A5B,USDC,15.000000,0.000000
0x2a5a84eb447230835e441D5851B18A963F746B61,USDC,15.300019,15.300019
0x2a6F7e00d0b8F3Cb7f1cF371C0cfd4A421F2c333,USDC,40.075348,0.000000
0x2a7B3D3efCDA2198f74B816a6c26Dd2Dc235A2eb,USDC,15.010200,0.000000
0x2a8E826fAC11f58FE076C5f9B7Fa7E14e1693eC0,USDC,23.018058,20.600957
0x2a8F9CbfF7F73862f7cF0214F1573E9978a40B54,USDC,16.000000,0.000000
0x2aB05a2adAFE4D0D178A1B4f50d32D250D666464,USDC,39.500000,41.705499
0x2aB13ac8328ca5dB07B06f8123804459edDd73f1,MAG7.SSI,17.204900,17.187800
0x2aF67AC4D4e6c58448257fb3340D9E91Af0C077E,USDC,15.005000,0.000000
0x2aa845D5120C3e5BDb7C11c31F8cd01D96C2eCF1,USDC,48.032818,39.454102
0x2ad795b64F9A6EF9FB3db1AD949d1aE97b5774DE,ETH,0.022347,0.022347
0x2af720a981592dfE9478eea57def88c4E8Aba6D9,USDC,16.000000,0.000000
0x2b0d7395aE434A5A10e13CA35d2ec613Aad989Df,USDC,40.000000,0.000000
0x2b1717b7c8420b31843EAb691EB871A615822803,SMAG7.SSI,45.000000,45.000000
0x2b23E4E377f2494955089040c1d56A116cF55956,USDC,1018.000000,0.000000
0x2b46Ca73fD60434ab9cCeb42ff82eCafaFCd076F,USDC,54.800000,50.714738
0x2b80C6868926b790bBb29258E4Dc1E61caCE7f3a,USDC,39.900000,0.000000
0x2b890ffF35ca1680c74E5fBE1563c0077E5007e3,USDC,43.765200,0.000000
0x2b9115AbB961a41FA11A4846806c77AE7C94e7a5,SMAG7.SSI,822.744500,0.000000
0x2bFfc95811D0A50047F3B81D6a1716f317b33140,USDC,15.000000,0.000000
0x2bc692e4E152C8E8d39456D26E7740C693d8d31f,USDC,40.000000,39.062762
0x2bcB42395E1F6d6BDe726c427050a1b6FA2aF017,MAG7.SSI,6.000000,0.000000
0x2be57a3ED7b48E83289cB08683d57cf44cF09616,USDC,40.000000,41.874461
0x2bfc9F7afef56110BC82823EE75219c9c69b0329,ETH,0.019773,0.000000
0x2c0f149C469A289F928575eA582453cf70197D01,USDC,16.000000,15.957855
0x2c133A8B91e8AbC3506E09094f96edf0e0F54fB1,USDC,38.000000,40.492691
0x2c370e49D489A0475937BAc6D3AA3F92150d3EC7,MAG7.SSI,15.078700,0.000000
0x2c6B42671C543E534ea0EFcb186f66c9Ff75e22E,USDC,15.010800,0.000000
0x2c6D7dFB4f1196E155DC2F0FD30a898EeAbBE400,USDC,21.000000,0.000000
0x2c6DF3be10FBc6878CBc911dCb1Fd2DaB61764ed,ETH,0.022116,0.007996
0x2c6DF3be10FBc6878CBc911dCb1Fd2DaB61764ed,USDC,77.378888,75.935870
0x2c7E9d0F6354cC05351D6B35c15B303eB1740092,BNB,0.050000,0.000000
0x2c7E9d0F6354cC05351D6B35c15B303eB1740092,ETH,0.005000,0.005000
0x2c7E9d0F6354cC05351D6B35c15B303eB1740092,MAG7.SSI,12.745738,0.000000
0x2c7E9d0F6354cC05351D6B35c15B303eB1740092,USDC,9.000000,8.543648
0x2c882a9F8153d75848a10E9a0c980724467f5704,USDC,105.131554,104.567440
0x2c8cE2F2DB7b7ECA694B46c7984b7140BC27D803,USDC,15.027500,0.000000
0x2cC1dF477726371517a0769348e66315d370eAf5,USDC,20.000000,20.000000
0x2cC59D0e61d8c8732EF03A0a5B854613Ed752e0d,USDC,22.000000,22.000000
0x2cD9c6D106288D6e3Acaa42b209bc2EBD3Eb6F6D,BNB,0.000000,0.060975
0x2cD9c6D106288D6e3Acaa42b209bc2EBD3Eb6F6D,SMAG7.SSI,523.476200,0.000000
0x2cD9c6D106288D6e3Acaa42b209bc2EBD3Eb6F6D,SOL,0.274023,0.000000
0x2cD9c6D106288D6e3Acaa42b209bc2EBD3Eb6F6D,USDC,494.949795,0.000000
0x2cEFe54d8bFD12e501e5CCf2B3a4851C9FEB09f6,USDC,29.008498,27.499577
0x2cEd32fb190923badBFC14c75FD850d60A1F19D0,ETH,0.006938,0.006938
0x2cEd32fb190923badBFC14c75FD850d60A1F19D0,MAG7.SSI,0.000000,16.150550
0x2cEd32fb190923badBFC14c75FD850d60A1F19D0,USDC,10.169889,0.000000
0x2cbe08eC1C8AFbc05d9F6eA62F3D8FA483F578E3,USDC,37.950100,36.259065
0x2ccfc3bF22FCf2c083b4428F3913f0B66851683e,ETH,0.003500,0.000000
0x2ccfc3bF22FCf2c083b4428F3913f0B66851683e,USDC,32.986275,0.000000
0x2d0b1a0f343b3cb90D367547fA0d08312EDF7aE9,USDC,229.000000,226.891158
0x2d1611fbF5D24F6F1127C41CbE8fEB7DdC212c47,MAG7.SSI,15.148294,15.136693
0x2d1611fbF5D24F6F1127C41CbE8fEB7DdC212c47,USDC,6.000000,5.357887
0x2d24c4bBc0F500EA20073b032aCC2974c3aF3513,MAG7.SSI,6.318582,0.000000
0x2d24c4bBc0F500EA20073b032aCC2974c3aF3513,USDC,28.373517,0.000000
0x2d30b2666C83942A37282a9022b06CAD61b07623,USDC,49.800000,0.000000
0x2d5D390556a60a7158eD5eEFAC87a9E9cE465d15,SMAG7.SSI,18.505200,0.000000
0x2d5D390556a60a7158eD5eEFAC87a9E9cE465d15,USDC,9.620000,16.154854
0x2d5ecBB26Accb0FE671B0d1975E4dCDa998C0f72,ETH,0.053965,0.000000
0x2d5ecBB26Accb0FE671B0d1975E4dCDa998C0f72,USDC,1279.675055,270.886766
0x2d6f2f4094796783d89C07b98483e8e0AC0453CA,USDC,164.784000,0.000000
0x2d75D57ccc5c705eDddD5e207783072C467a43ed,ETH,0.003000,0.002895
0x2d772eC29bb747617E89DE36F274e8b2651748cF,USDC,15.018900,0.000000
0x2d7D3F43Df487646E6ECA34eF76f33C7730b4eB5,SMAG7.SSI,102.866200,0.000000
0x2d7D3F43Df487646E6ECA34eF76f33C7730b4eB5,SSOSO,96.944900,0.000000
0x2d7D3F43Df487646E6ECA34eF76f33C7730b4eB5,USDC,102.599845,0.000000
0x2d91265e48562b7C1f71355dc4c17a7c9925C711,USDC,146.014659,99.493176
0x2d9150bbD8ce3Ed2B7848f2274341Cda509a84C1,USDC,22.016273,17.000000
0x2dCc474C98dba5C3F828cACc5308f7546805731D,USDC,41.500000,0.000000
0x2dF81c01A54384d289396d217c632E8147a3C28a,USDC,151.263201,33.723412
0x2dFAd9D8cdB8B96607046e30Ca5C8cB0ae8bf57c,MAG7.SSI,15.060400,19.412677
0x2da24e9fA8e28e7DBDd8BF70Ee942aB2A88bf461,USDC,40.000000,38.873649
0x2daD8cD2905eaeBECD1504BBa3Bc2B72CF49198A,USDC,77.000000,15.453833
0x2db110d98E74B07F9466a82353b8B7a2C86082Db,USDC,5.421208,68.532890
0x2dd5D68dDC760Bb616Abe5401A1E0d5B46946613,ETH,0.032162,0.031728
0x2df957E13066129133CbBa975033d09cAb9bAE2B,USDC,164.000000,150.762431
0x2e07370F273b6Fee154AD315068589ECfF8A85d3,USDC,15.000000,0.000000
0x2e160Fb9b2Da9C93dbA0C46f409bd219bD78EC33,USDC,25.188381,25.188381
0x2e385F1AA381962A8B4cAF694700ee94aeDbE92E,MAG7.SSI,0.000000,75.994722
0x2e385F1AA381962A8B4cAF694700ee94aeDbE92E,USDC,40.000000,0.000000
0x2e3Ea9Ed630342Ab91Bf31AF9D74AdB7C44520B4,MAG7.SSI,5.100000,2.121439
0x2e3Ea9Ed630342Ab91Bf31AF9D74AdB7C44520B4,SMAG7.SSI,0.000000,15.934377
0x2e3Ea9Ed630342Ab91Bf31AF9D74AdB7C44520B4,USDC,66.600000,24.191015
0x2e3e2D01d2c088d2c2380736ffE77BE5f9C36Ddb,USDC,15.008900,0.000000
0x2e4369d66C9d89c6Cf5047F06655a7443fFd9A4a,USDC,39.000000,41.248031
0x2e4DC84804344E5d10e22eddA42FE8c38C419D80,ETH,0.058415,0.006811
0x2e4DC84804344E5d10e22eddA42FE8c38C419D80,SOL,0.359000,0.833595
0x2e4DC84804344E5d10e22eddA42FE8c38C419D80,USDC,16.900000,67.290000
0x2e4DC84804344E5d10e22eddA42FE8c38C419D80,USDT,7.637800,0.000000
0x2e4b2e892165bbEE8601aF7de3DC900d96C24b40,SOSO,30.000000,0.000000
0x2e4b2e892165bbEE8601aF7de3DC900d96C24b40,USDT,39.000000,0.000000
0x2e4e49452f77708D851Ba8A7F2DaB3492E1B35de,USDC,5.210000,5.210000
0x2e5063C4dBF8Ac23DF95f9E4C9Fa54eC1054f150,USDC,15.008000,0.000000
0x2e5251dFc61CB83C8eF014dC90917b945bEBad8F,USDC,15.600000,0.000000
0x2e5b246FC629404E5B7a10CEF1919B4419EFE0a9,SMAG7.SSI,748.231200,0.000000
0x2e5becD1b16e55D47e972886a40B9fb1f2213ee6,SMAG7.SSI,5.100000,0.000000
0x2e5becD1b16e55D47e972886a40B9fb1f2213ee6,USDC,246.322357,197.068611
0x2e5f7f2B2D82e183F335C99F29E0D6bb4870287A,USDC,234.100000,0.000000
0x2e794460AD9BC76Dab3fFdBc33d58514A5Fe8d67,USDC,38.000000,37.900225
0x2e79f31809CE7D4Cc62B25e7a5ec3A443F7939E7,USDC,13.800000,11.315987
0x2e7C8850C9C76102E563Efe10695f2f7206018a3,USDC,39.964100,0.000000
0x2e7D5f6A12968fcB1322b4FBbB67068f1D158B60,USDC,272.000000,0.000000
0x2e8a4bFC3013ACd4cB3c1963aA3Ddaee30c29B39,USDC,15.000000,0.000000
0x2e8b08334A52Fa86B204f56D5FaAB44262EFe308,SOL,0.060000,0.060000
0x2e8b08334A52Fa86B204f56D5FaAB44262EFe308,USDC,77.163319,50.048470
0x2e9Aa849609C84e66b78b9a0802b9df900C7091A,USDC,16.000000,0.000000
0x2eA4Ef32DF81b8c4803366B84eAbA6F079f0d169,MAG7.SSI,30.442870,0.000000
0x2eDDb39d072Ce6cfEEBa258477c3375660b4A27A,ETH,0.010284,0.002282
0x2eDDb39d072Ce6cfEEBa258477c3375660b4A27A,USDC,5.132345,24.405181
0x2eE59Ae2bFCb798AB3C29a51F58A71AF8D5F0437,USDC,5.959727,5.174724
0x2eEC8D5dcA3B79dF98C50AA2d09394a771D71CEd,ETH,0.003500,0.003392
0x2ea5aa343B65996bc258Af9bce9aFd7A710f16CA,USDC,583.359125,575.776129
0x2ea69358d051a3eC69e9Aa81c9cA7eF3102c7497,MAG7.SSI,15.100000,0.000000
0x2eaEe780D57761096bC67525928De9de2bf3Ae8e,USDC,10.000000,9.124540
0x2eb98ce0786b8cE21835fB8E957736f11e47CfAe,MAG7.SSI,134.835282,0.000000
0x2eb98ce0786b8cE21835fB8E957736f11e47CfAe,USDC,69.692339,137.535295
0x2ec6b4738017e743550A62e2302d5e54F1919362,USDC,37.059000,40.499069
0x2ec729bec08175888a67659e9243BfcD3A63faFC,USDC,767.893751,757.366585
0x2ed81C3Bd2fF64DE75302136Dd77d748ce2bd161,MAG7.SSI,78.928500,78.849400
0x2eef0EdEbC999E5383890aA966769Ef770a744e5,USDC,189.249105,0.000000
0x2f1112a24210466A045e2b33B590D3d485E5993F,MAG7.SSI,31.598189,0.000000
0x2f129B9d76AF31cB9d50C3Ea293C2e62955fB033,USDC,50.000000,10.000000
0x2f19C272137308d33aac4AF49AeE4D7A36064215,USDC,41.200000,0.000000
0x2f1a86315425bfE81Dd56DB8f7d1Abe5606E65ee,USDC,10.000000,14.747821
0x2f2039Ce490928DEd1B86468B298770E0D59D9A7,USDC,39.000000,41.584354
0x2f3cc81d65d682F5ACCd1efa14c3755F04a5257f,SMAG7.SSI,2121.163100,0.000000
0x2f4d92eA5aaB1aCFd24CC6b9a1577c084c956C0d,USDC,15.019800,0.000000
0x2f82A6133297C5078dC9287352aDB7EED5c04232,SOL,0.000000,0.079923
0x2f82A6133297C5078dC9287352aDB7EED5c04232,SOSO,12.077410,0.000000
0x2f82A6133297C5078dC9287352aDB7EED5c04232,USDC,0.000000,30.261541
0x2f89085AC93d4e653Bd4aE48950d8c44f3201cD5,USDC,572.889164,563.001032
0x2f94Fa965A089285E91aDd60f63623f98b52074a,USDC,85.063962,89.138450
0x2f98608874343A520ce3a04a9b63F07e31165ddF,USDC,44.400000,42.130000
0x2f993eF46Fa4bf6d1DE810633E4939DA9aCeC2fc,USDC,16.000000,16.000000
0x2fD962123D9C2de40606a6aaFcF9846FE95170Af,MAG7.SSI,71.310989,0.000000
0x2fD962123D9C2de40606a6aaFcF9846FE95170Af,SMAG7.SSI,30.201500,0.000000
0x2fD962123D9C2de40606a6aaFcF9846FE95170Af,SSOSO,516.693600,0.000000
0x2fD962123D9C2de40606a6aaFcF9846FE95170Af,USDC,155.000000,15.000000
0x2fF45242cC6e1ED9988cf3d52d54d8b7F0203DA5,USDC,22.114347,0.000000
0x2fb950B053C17245297f0A4a0C62317DDE9D8B4E,ETH,0.013000,0.012665
0x2fd68b2731c8312ed4eBD6a73D1268ef1168cd1b,USDC,40.000000,38.999968
0x2fe120ACBfa8714e97340850C8fEc2CE9D076cd9,USDC,15.000000,15.334581
0x2ffC95855Ff1e659e2e8Fd43e0F2AeC3696A5d3B,USDC,200.700000,0.000000
0x30135E288189ccC6F7B5C9Cd39CB14b38C265056,USDC,37.038000,40.637229
0x302Ba5c729bE1066aCF21f1146E7148c132453F4,USDC,80.249548,78.162365
0x303E36b90Ce0c84bCC19939789C0d9D1b18F4ca2,ETH,0.062364,0.061833
0x303b5770c9ef251079531DFDc69971f278038B7A,USDC,33.672905,25.910031
0x304193a1A46499532D663EF6aaE9dd3F1a344c74,SMAG7.SSI,273.036900,0.000000
0x304193a1A46499532D663EF6aaE9dd3F1a344c74,USDC,27.070631,0.000000
0x30499D665AD5853777F43C9dfd27Fd80Bce18D38,USDC,19.873110,13.196316
0x305833D0B07b509FC0489Bf1d8AAe5b971b3A59f,SSOSO,60.339500,0.000000
0x3058e84B4269F7f2aA8F47baEe66aCB58D7F0fcE,USDC,39.000000,41.634250
0x305C60006cB990F8EFB85610009323feE0C56F12,USDC,208.700047,0.000000
0x3061e8b0a790260Fe64259bCcE077978dE66D3e4,USDC,20.000574,0.000000
0x306E17B00752141d52ea7e33712F2C29dd601F39,USDC,614.130954,605.382733
0x3071dD1C76874fc33a63C81d8366B25113d833Ba,BNB,0.308892,0.164884
0x3071dD1C76874fc33a63C81d8366B25113d833Ba,SOL,0.000000,2.078954
0x3071dD1C76874fc33a63C81d8366B25113d833Ba,USDC,200.500000,90.463793
0x307550B10142eD612DfB91E16Aa4d793c5F8C4cE,USDC,23.973533,15.101093
0x30767A898b7447F51C90AFB2F7c769983A2d78f9,USDC,230.000000,100.000000
0x308110838DD758617F7E32A428d1AaB6Be86B65B,USDC,39.755100,0.000000
0x3098B4702db25767EaB805352f67e0A144e5519c,USDC,41.400000,0.000000
0x3099cee02f6150d747BE21fA6e7920c54dE6622A,USDC,274.750000,120.639432
0x30BD70773213B934493eD8D3da12cDE2B5942472,USDC,200.000000,191.576579
0x30C1CCB943c287BEcc5EBcC493f431043269582B,USDC,15.018300,0.000000
0x30D8A964B3e952e374Cdb3Ec197d546aD8F16b7C,ETH,0.010000,0.000000
0x30D8A964B3e952e374Cdb3Ec197d546aD8F16b7C,MAG7.SSI,210.000000,0.000000
0x30D8A964B3e952e374Cdb3Ec197d546aD8F16b7C,SMAG7.SSI,320.245900,212.288646
0x30D8A964B3e952e374Cdb3Ec197d546aD8F16b7C,USDC,0.000000,100.225765
0x30a4E980D1F5A960a0e10c09e0B16972E96B880d,USDC,39.152100,0.000000
0x30b6f1aDdE8C69eAEcAe54E004fe1E44719698BE,USDC,159.003647,152.176809
0x30c842b5091BCA284e6Ce48f3a07d6957F17B225,USDC,1400.000000,0.000000
0x30d23f009Ef1ea78096D82E5acFEAA54F787FCA4,USDC,15.170000,0.000000
0x30dF06315e751ACD6B5C3FE78cb252C5Ea90776f,USDC,25.000000,19.855305
0x30e9DeBF2F693f3a2835A9fb83a0defF3c6bde3F,USDC,49.800000,0.000000
0x30fc0eca17B40a6c00D8695A8B08B857070df275,USDC,15.000000,0.000000
0x3104F6238CCe447C549383bad787b00faF9717f7,USDC,199.871125,188.581050
0x310f14C4a263EEb578a3Eb853512D861D456C40D,ETH,0.000000,0.039169
0x310f14C4a263EEb578a3Eb853512D861D456C40D,SOL,0.000000,0.306810
0x310f14C4a263EEb578a3Eb853512D861D456C40D,USDC,307.806000,166.985145
0x31163EE9AF9c9E3Bc993baafa06fd06097257f4D,USDC,44.500000,45.658206
0x31171A087de2290A9D2Af07e2bc2bb581bfF0b81,USDC,0.000000,195.291693
0x311ed12Cc17893a0124eb59dB26B130f9FC98eD0,BNB,0.018639,0.005985
0x311ed12Cc17893a0124eb59dB26B130f9FC98eD0,USDC,231.784295,135.008252
0x31200B4BccD33C255fd8c329B278EB8933bc4D8a,ETH,0.063429,0.061954
0x3125038552aE09FA0501B14555385A5f82Dd5e6A,MAG7.SSI,30.640000,0.000000
0x312792d99773b279A0ACEcA5059C528e22fD7807,USDC,20.000000,0.000000
0x312b00D557E8Ec311011962d76590628513abF77,ETH,0.007962,0.000000
0x312c89d8108337e7020ED4a747eBcEc81E9D3679,USDC,16.160722,46.787436
0x312d305b2dED7E4dE07A6661E65bfDcac7e55A93,MAG7.SSI,15.220500,19.352616
0x3133f12133dDf2859fc139969785f882cDAf2943,ETH,0.004400,0.004400
0x31390C32Ec89Eaa00248Cf6dD5B726f820D07a5B,MAG7.SSI,15.000000,15.018500
0x313A7c502D4825e3eA8d097007DB1cA531cF4903,USDC,15.911693,15.911693
0x31406C442c55166e6c1cAcB420ECDaB2018Ac74d,SMAG7.SSI,930.169100,0.000000
0x31406C442c55166e6c1cAcB420ECDaB2018Ac74d,USDC,300.000000,0.000000
0x3151d1D833D6170fA79C5601CdA667fb9B4BD9C5,USDC,39.000000,41.205796
0x3154E28082a1eb26d555dfE7B8Cce38f0709103C,USDC,41.800000,0.000000
0x31573eDdb268C0A2bf04B4bB93Cd3323BedF5241,USDC,15.000500,0.000000
0x31592Bf99637e6410C1e64AcDA8CF5aCD6d8F822,USDC,41.964010,43.474276
0x315ABBEeB7A7976DBa157B2F029Ef3972b54Bd95,MAG7.SSI,30.145321,30.145321
0x316181a1DFA5fB02A8839cdd9f19496a3D4fA52a,SMAG7.SSI,216.126100,0.000000
0x316181a1DFA5fB02A8839cdd9f19496a3D4fA52a,USDC,658.400503,0.000000
0x3162229f98c9BC50903fB4b5c63B3D994f7E658e,USDC,41.790000,0.000000
0x31686ECCfBf0d98601D21C619783fF522862Eadc,USDC,40.095142,0.000000
0x3168C96dc907A59dc33b760335c7BE5B62abD02e,USDC,94.128806,0.000000
0x3168ED8871572540d0621B23952E82130CC5db2a,USDC,35.100000,30.152955
0x316fF75411872BeF4D8a34Cf9a92bF1Bc6f17767,MAG7.SSI,14.107520,14.092588
0x3176d790851518663Ae8e0A12AD84bdD01475905,USDC,1160.537284,1152.241573
0x3177208695ADB9AF4bA4Cd1C6045F4bFc826DEC7,SOL,0.330000,0.000000
0x3177208695ADB9AF4bA4Cd1C6045F4bFc826DEC7,USDC,1031.877060,299.780000
0x317805a428e4Ffb4b33fF8BD62D441F370584Df4,USDC,40.072793,0.000000
0x317Aee208B7E7aDcb783f2053271df878ba982a9,USDC,217.450000,0.000000
0x317b889fd88BA31cFf460F84906D129f713Ee89a,USDC,38.100000,39.084544
0x31804Af80B967FAE71C4b9fA677041bB246D3A25,USDC,50.905805,54.383728
0x3180501B0e8A11CB5612177A99Bedbe99098B98c,USDC,49.800000,0.000000
0x31865aee6A00260f0bb7a4BA9e7eA8bd808d858b,USDC,574.122500,508.000000
0x31891DAFaFe09D64a3fF1fCDA9dFB19A399a242E,USDC,15.018900,0.000000
0x3195c3F94154364E897711e501e104f40D8e23fb,ETH,0.116200,0.083351
0x3195c3F94154364E897711e501e104f40D8e23fb,USDC,80.736385,158.962411
0x319D78860360e3c363fc63bd88d1A1ec575F6ac8,USDC,15.000000,15.162662
0x319bF7Cd09281A59F9575F8a82e5AFC9af493744,ETH,0.006440,0.000000
0x319bF7Cd09281A59F9575F8a82e5AFC9af493744,USDC,1114.882284,890.000000
0x319c8FC662fdBf1642F95ECC0Db43BA24c923399,USDC,16.000000,0.000000
0x319ef290Bf6bd3d393B16d73b2C74877e8C3d9aE,USDC,41.530000,0.000000
0x31C351f1487Ecf3C28335C529a2EdcD833136afc,MAG7.SSI,31.550000,0.000000
0x31DDceba0C8B67478E2A0A190bbb3Be00665d096,ETH,0.027600,0.027600
0x31F1Bb3F450f9114B3f91958dff1Cb32D7286B3E,MAG7.SSI,76.294190,76.218490
0x31c9DC088c4240FD8C8CAe9994aB87B3c9e49629,USDC,300.000000,290.882605
0x31f3110266BC0183012a7aBdF56B856d431c0eEa,MAG7.SSI,5.000000,0.000000
0x31f3110266BC0183012a7aBdF56B856d431c0eEa,SMAG7.SSI,5.000000,0.000000
0x31f3445a0f470E0A36265809cBD4feF37f8C3852,USDC,15.029700,0.000000
0x31f370a3627f1B7925E2BeF4c2A4074aFe6D84B4,USDC,137.970734,141.316449
0x32033670EBe4D7FA9bcc73d005276B6f07509e0f,USDC,16.000000,0.000000
0x32049203b5F5CBBA2F40C8aAE4faf3570E78FA59,USDC,15.300000,15.588032
0x3205FB0Fa1f3946e94741ceD6Ecb84C232662f6e,USDC,15.865073,18.235973
0x3208b197eE6160276502eaB90Ce2FA529dBB827c,USDC,8.291208,8.966338
0x3209DA638bF3C6F5Bf4B69f94cAaBDC9AbB3Aa5d,USDC,16.000000,16.566117
0x320DeCadF8fB842E7CdA09668Ea7e487ab89E280,ETH,0.062395,0.061522
0x320fFa528a14E408C05CFC36eabC363282D6ba92,USDC,50.007727,48.163045
0x3212272F0cdA9323F7DA57562D21D5C4987D0CBA,MAG7.SSI,75.042942,75.042942
0x32185D8aB48A8cB46204c98093032eF645D713E1,USDC,200.000000,197.249100
0x3228921210BA9e0c36F725216B1d8fFF04518283,USDC,37.000000,38.977275
0x32305796D08370Db1C5cf5fcd398a86B3A66a191,MAG7.SSI,0.000000,76.762476
0x32305796D08370Db1C5cf5fcd398a86B3A66a191,USDC,40.000000,0.000000
0x3233BD1f22dCb7652cdA790d9A99d18542B5C42A,MAG7.SSI,15.134900,15.119600
0x323Db0Ce83E08EE6c6bbEf4Ea8c59DCFbd79dE57,USDT,16.797800,16.797800
0x32441a27cEDa2c70CC43287fC24F39F3ceEd6eC3,USDC,15.000000,0.000000
0x324618710603a9c0f341cEAF3F04092537c9E263,USDC,15.000000,0.000000
0x324C05722e84D4bd2Ee35Ffc7b1df3329D86A546,USDC,10.000000,6.246736
0x324eDf19dE61FF433B5bC4aEcB04F56bb7Fb2aC3,USDC,15.028700,0.000000
0x32519a3B639FBD76A2458A5B6cE8A4b916Ac9100,MAG7.SSI,0.000000,123.446502
0x32519a3B639FBD76A2458A5B6cE8A4b916Ac9100,SOSO,158.785200,0.000000
0x32519a3B639FBD76A2458A5B6cE8A4b916Ac9100,USDC,15.052640,0.000000
0x325B124Dabd8C6034C029EfA4627f89ea0a1Ee0a,USDC,15.000000,15.367050
0x325BcAf831DCE5227349d5D9fAFa9d3F52000dd1,USDC,903.606736,892.651249
0x325b8B8Ad23f2AD7166511c9fb5fbCD8cca618A5,USDC,10.300000,0.000000
0x326107587c4a162047c6891D933e37C6aEc0E7AE,MAG7.SSI,263.532200,0.000000
0x326107587c4a162047c6891D933e37C6aEc0E7AE,USDC,64.222526,0.000000
0x3262d6b67509Ea65bc9716351f515C2cd9079616,USDC,39.050000,10.540000
0x326AFAA78F0b69d71ea11Df29FdCdF91Db7D9873,USDC,38.000000,41.969396
0x326Cb8228DBF82cE6ba018Ac74968EE1D8081e05,USDC,15.013700,0.000000
0x326c0EaE02FFa810Ce518be4bBDF2aA6b0d2dAc5,ETH,0.006808,0.000000
0x326c0EaE02FFa810Ce518be4bBDF2aA6b0d2dAc5,SUI,0.000000,5.696295
0x326cC1d740Dd7Da864a8C084aeA53Ad6972C1Aa1,USDC,39.500000,41.622005
0x3273e1497b8F48B667611c6eC7450E652b777d88,USDC,42.000000,0.000000
0x327721cCC55E0d94AF003334E29Dbe0fab5e6165,USDC,49.800000,0.000000
0x327b4C3D76761B6D01f5F14B84757f184c99753D,USDC,15.005000,0.000000
0x328055D7313683C16c66dd227455f8A139Fb9417,MAG7.SSI,0.000000,102.232010
0x328055D7313683C16c66dd227455f8A139Fb9417,USDC,51.000000,0.000000
0x32879DeCa32d72F9020C7321Dd03f1D7fb4E9491,USDC,574.243800,504.000000
0x328d29Bf0360CAC1F4df2c8f661e793c7156B56c,ETH,0.062371,0.061341
0x3292Ac55da89e1593E86150C423620d4751C879E,BNB,0.008805,0.000000
0x329467E74d31aA9f9B433255F7739719FE9C2050,SOSO,70.000000,0.000000
0x329467E74d31aA9f9B433255F7739719FE9C2050,USDC,85.734117,0.000000
0x32B0e32f438Ab35ce837cDa72E118D2c691F4af5,USDC,710.850608,702.531044
0x32C103c8c82D79a7005179eAA2A32Eb60Ca04AA1,USDC,15.152088,12.225952
0x32D4F3d74Ba77F8b70A0D8625CD7b52F7d55d22C,USDC,39.000000,41.594014
0x32E2b5D22DAD3476119b467088e085331b1A881f,USDC,45.000000,0.000000
0x32a25b4Bb6CF7435D2Bc049F8382A46973F9D669,USDC,15.110000,5.302806
0x32c4A3dFa0583391c30755c8dE045a1c691f2354,USDC,15.023300,0.000000
0x32cE207f69E1E9DA15e39237B2A897aF10BBAeD7,MAG7.SSI,76.000000,75.920000
0x32cd68C6E109606B5224F145F30807FfD35A8c41,USDC,73.318857,61.040467
0x32de6a085651dC14BF3A7594044CfC2eFb5c636D,USDC,43.769200,0.000000
0x32ea661F7cfBEBf5505fED3C40666143860a528E,ETH,0.012000,0.011675
0x32f20564e772EE1DDD90B9Df5C72097471515071,USDC,10.000000,6.887810
0x32f72DAc1C6C5556bE3B1ae98cbFa31620030808,USDC,5.300000,5.200693
0x32f72DAc1C6C5556bE3B1ae98cbFa31620030808,USDT,10.001196,0.000000
0x33081798D79dd45966E89C13A5D7B47a1347b75B,USDC,15.013900,0.000000
0x330c86FffcE27f3C9862223C739b0ed53b59cCb2,USDC,37.530000,41.197495
0x331cdeaD79e809E829846f874E034a52A8CC2817,MAG7.SSI,0.000000,76.503490
0x331cdeaD79e809E829846f874E034a52A8CC2817,USDC,37.230000,0.000000
0x3320BBf07741369D64B5B7F0C0E51a59C56306Fe,USDC,15.108924,0.000000
0x333Cb2F88e16dc6C9E33829a58FeeB5a45dB3d92,USDC,44.094739,19.174626
0x334A9963c19357051F4059C7F50CF5B3A25C11Ef,ETH,0.017400,0.000000
0x334A9963c19357051F4059C7F50CF5B3A25C11Ef,MAG7.SSI,0.000000,75.826132
0x3353f8a0eB25603d048e15b150e34258511E9ffA,USDC,374.996200,370.640307
0x3362deA9C3754A024008CB8DC852CcE70716478e,BTC,0.000499,0.000000
0x3362deA9C3754A024008CB8DC852CcE70716478e,DOGE,793.102027,0.000000
0x3362deA9C3754A024008CB8DC852CcE70716478e,SOL,0.342900,0.823664
0x3362deA9C3754A024008CB8DC852CcE70716478e,USDC,0.000000,16.470626
0x3391a8580d587636B1676057ddeacea4efE1128E,MAG7.SSI,10.846535,0.000000
0x33977b51F01701d0551B944f150E7184a584F977,USDC,17.000000,15.696330
0x339d7412d282b97d04a57D9D7e1D55E43ACA0c64,USDC,20.000000,20.000000
0x33C2C3E5dba94D07b9149d9FB36a56988225C308,USDC,39.753569,37.980533
0x33C978d6146549e54D3Ca60f09A76833c258577a,SOSO,19.059920,0.000000
0x33C978d6146549e54D3Ca60f09A76833c258577a,USDC,28.528474,12.949725
0x33E3c007d1D48e2B645C9ce22570267b0C82f578,ETH,0.630000,0.000000
0x33E3c007d1D48e2B645C9ce22570267b0C82f578,USDC,285.791079,0.000000
0x33EEE81A8eE3AF22192d999e3E2b73767C8D7381,MAG7.SSI,15.027300,0.000000
0x33EeCdB98089c7F045Cd0C111529343E78Ba6cC2,USDC,5.511606,5.511606
0x33c00E221B848B5f1b6a378f9c40fbDC0C85e7F3,USDC,16.000000,0.000000
0x33ce2E047b8d19a0802A176bf45d59F8B428c814,USDC,115.900019,0.000000
0x33db47B7958D4B7540A9d4badE2efA78dBC7E7c2,USDC,40.000000,0.000000
0x33e34399564B093C3B1840DE84b54317Ea94CEbC,USDC,300.000000,294.580125
0x33f1d2eDaba92CF27D25904D892144d44313d8d4,MAG7.SSI,5007.209740,0.000000
0x33f3D4cB7e4799a722E65536597c30A27dc6c26e,USDC,15.000000,15.227588
0x33f6449D712e89f163cF79D6730886A039a9bfC5,USDC,37.416000,40.855318
0x33f7B5C957644d341c6b28364f56DdbFA311Fe38,USDC,15.801359,15.000000
0x33fdC8AC486A7e392E9d33681ca3113530ABE998,MAG7.SSI,75.577600,75.501800
0x3402Dcf9B07655e7fe9af3bf4ea5c4fbF4F32B97,USDC,208.000000,207.192703
0x34042cD42Bee7b8390a9B731e518d0967Ad0c990,USDC,15.005300,0.000000
0x3415084871B401A237fc2F0312fe0cfb22647984,USDC,49.800000,0.000000
0x3418B6cC12523C3ac7fC9e9b0da9fc239Ae57800,MAG7.SSI,0.000000,80.067670
0x3418B6cC12523C3ac7fC9e9b0da9fc239Ae57800,USDC,37.735000,0.000000
0x3426F21A0d2bf32Df12B17d5eaf7893904a3c06e,ETH,0.010983,0.000000
0x3426F21A0d2bf32Df12B17d5eaf7893904a3c06e,SOL,0.000000,0.283815
0x34271726a63c87BD07229045A1A92C90b96CC512,MAG7.SSI,15.062000,15.046900
0x34290c18f80A7A1F696aeCC6eA9303d49c2D83D2,USDC,8.079604,0.000000
0x343156B62aE5a96c2Ab7A02b7F1aF8E1864a37CB,USDC,37.001000,40.451118
0x343a6b07397bD571C7Dbc05426F441481E2E18DE,USDC,819.866017,809.865213
0x3441a75c4e7840B005B8732a781bEA336b397738,ETH,0.003000,0.002897
0x34461a99E9A3646fA294C6d5f861c95f45557662,USDC,61.000000,43.518496
0x344A9da76bcDEf80AcacE68B635F7387eCAA4b86,USDC,45.534664,0.000000
0x344bAD2A29630Ddb3892D1049A4CCB9F9120875D,USDC,39.000000,41.205362
0x344c85ec789B66b494dCe0Ea5F5f41785dAE096e,USDC,49.800000,0.000000
0x3452cfC61C51d9F48BDDbE54b7103F3684643b33,USDC,37.000000,42.209454
0x3454686e7Ef12904D20b32a57222572D196C662c,USDC,101.000000,0.000000
0x345E106FA14a3E173002A99BD5DA615FDE4dE8af,USDC,321.856268,322.006913
0x345cC8DE32420E30a3A1b2C319a0906E752b1d6A,USDC,52.142246,10.585757
0x3461067c19D18B0D6DDfc1149f3d9C74069d504D,USDC,15.000000,15.304642
0x346135Be3910655BF62237b74464a0E1C0871e5C,USDC,31.633548,32.733258
0x3461985Ae86bfc7DDFaF40821Ca966b269CE425E,USDC,298.500000,0.000000
0x346acf809bcD216e26E7CF88Eb9905fd168f0c69,USDC,15.584378,0.000000
0x34703F7d9b860727EC3d2C900CA80DEB27E22332,USDC,49.800000,0.000000
0x3479DfB41f8Cd2a09e026a00265B8eadEd20554D,USDC,120.850014,0.000000
0x347B667967DB9e3Dfb95d604b0A0Bb25C20dDd19,USDC,32.707168,30.267242
0x347dB02882d55609cF4B63D51fAe51cA2773B7C6,USDC,16.000000,0.000000
0x34819f0e0dc415253b2270AF02986C5700A5f59f,USDC,41.390000,0.000000
0x3488221fd677BbdcbdFa42a9D84856F8FF2123ff,SOL,0.580000,0.759468
0x3488221fd677BbdcbdFa42a9D84856F8FF2123ff,USDC,175.272562,21.560162
0x348f4a9D3b08Ff937653d6743f89028cE330e37F,USDC,475.405200,407.000000
0x3494c85958ce73Dd979366347278dc68C8C4CB64,USDC,15.000000,0.000000
0x34994FBFbF9dcf3b37f85Bb10cd743d0721E0335,SMAG7.SSI,118.930300,0.000000
0x34994FBFbF9dcf3b37f85Bb10cd743d0721E0335,USDC,306.532117,0.000000
0x34A3442545f81b79A8d93c6F2951646083684763,ETH,0.020100,0.019395
0x34A48DA9c9057B199569c559e68fb12D4237E7CE,USDC,15.993076,0.000000
0x34AA591c6ccAF6550aD1D85D4b0350BD9F07536e,MAG7.SSI,19.293363,0.000000
0x34AA591c6ccAF6550aD1D85D4b0350BD9F07536e,SMAG7.SSI,17.476900,0.000000
0x34AA591c6ccAF6550aD1D85D4b0350BD9F07536e,SSOSO,26.000000,0.000000
0x34AA591c6ccAF6550aD1D85D4b0350BD9F07536e,USDC,21.649374,55.181176
0x34AA591c6ccAF6550aD1D85D4b0350BD9F07536e,USDT,57.136624,0.000000
0x34AC82cd66226920B0bEAC91b2DE250f4E23EEd0,USDC,15.001200,0.000000
0x34C00D9697610f1FB28a1288Da122a799dd8e8f8,USDC,138.537258,136.279575
0x34C2cEa7534fC0f5E5fEe07D77E6e9F3570B4Ae7,SMAG7.SSI,5.315200,0.000000
0x34C525677B99D2D7D1E4f3Db34a8eF5873000C88,USDC,57.000000,15.439490
0x34Ca9096aC7CB9cF750c0cF9a167E731E7E7268E,ETH,0.017388,0.016580
0x34D070BE2723833b45FE936a3c7a20Bb860Ff210,USDC,63.337326,102.194657
0x34D070BE2723833b45FE936a3c7a20Bb860Ff210,USDT,31.682751,0.000000
0x34Dd4ec56fd87Bf19D5E7383e1c6076478e4E001,USDC,996.334646,995.818746
0x34F9C0B11e67d72AD65C41Ff90A6989846f28c22,USDC,40.000000,0.000000
0x34a02DCc30c51883104a2113bf09dDBb6C8B752E,SOSO,2.000000,0.000000
0x34a02DCc30c51883104a2113bf09dDBb6C8B752E,USDC,100.962379,101.545094
0x34a7C8EDcC27cA3672876D08af88070031043499,MAG7.SSI,310.060000,398.734846
0x34a7C8EDcC27cA3672876D08af88070031043499,USDC,45.000000,0.000000
0x34b70c6e15CF1D5f53F0aec42599a6491F0136D1,MAG7.SSI,0.000000,15.109404
0x34b70c6e15CF1D5f53F0aec42599a6491F0136D1,USDC,101.031566,93.331566
0x34b93384c61e0e22376e1204e2c3ECbc9a5d9Bee,MAG7.SSI,0.000000,76.922717
0x34b93384c61e0e22376e1204e2c3ECbc9a5d9Bee,USDC,37.450000,0.000000
0x34dd42d9a8B5cF7EE0e2a83FbE322842585AfbA2,MAG7.SSI,15.101400,0.000000
0x34f72DaBa260cb9c7012631915DdC7bB1D057beb,USDC,40.429916,12.541919
0x34f882d9DbBBCbD7C504A7255C4dC8113341FE8e,MAG7.SSI,75.000000,0.000000
0x34f882d9DbBBCbD7C504A7255C4dC8113341FE8e,USDC,885.023864,878.518723
0x3505730afbe5fD6cD76f61b93D5d28EFeF1C551B,USDC,22.121505,0.000000
0x3505fFCFBe6c89aD8A4c19EFb94625a5095e445D,USDC,15.128765,0.000000
0x350f2D1e727d015Cb8f47E9D636CBb55dc93337F,ETH,0.003817,0.038578
0x350f2D1e727d015Cb8f47E9D636CBb55dc93337F,USDC,331.899316,254.148872
0x3527866eE739C6eB1C71Cc82F2bf81e45eF5c2C7,MAG7.SSI,0.000000,92.033270
0x3527866eE739C6eB1C71Cc82F2bf81e45eF5c2C7,USDC,45.790200,0.000000
0x35295847172CeE2d85Cb5c330fe3D66Ec94Fc044,USDC,13.653821,62.337418
0x35295847172CeE2d85Cb5c330fe3D66Ec94Fc044,USDT,53.900083,0.000000
0x352f1F5972aF5D547C6DFB2A34cD20B94a6d4598,USDC,5.697675,5.179763
0x3532B9dEcf0Bd534f760f749150f093863237fED,USDC,15.500000,6.569922
0x35355bb8DE03667aDFc1B658D6FC6d0C9BA51FE4,USDC,228.132206,0.000000
0x353604F57Fd994Ff3DB9f05638101764FFf9c3Bf,USDC,40.960000,0.000000
0x353761bC4906BC7B262Dc2baFa3632E029a3865C,MAG7.SSI,76.750500,76.673600
0x353A7bD06baab175f3ee9C3c32AC131166419a31,MAG7.SSI,30.000000,29.970124
0x353a6615e14aCba5Cc73b6603dDa938475355DE0,ETH,0.010033,0.000000
0x353e0CBcE7acb5Fd8ad4Aa3B4f17cC52d010Db5d,SMAG7.SSI,4000.639300,0.000000
0x35435e18179A6208F1e9b83102B8780c7AeA36A8,MAG7.SSI,16.119879,0.000000
0x35435e18179A6208F1e9b83102B8780c7AeA36A8,USDC,19.974000,19.974000
0x35456f81CE7cB537dD4E8875Ab1e8aA560DA626C,MAG7.SSI,0.000000,15.014296
0x35456f81CE7cB537dD4E8875Ab1e8aA560DA626C,USDC,76.657329,69.157329
0x354BAb4d9191375da145E5bc3C1f67E6d3d70231,SOSO,10.706071,0.000000
0x354BAb4d9191375da145E5bc3C1f67E6d3d70231,USDC,117.041225,64.405988
0x354C5b59C41c40e3d4f5deb02c42CFDa10D9CbaB,USDC,15.300000,15.607666
0x354fa2aEbb529E68eB3845288D3d019a922b0eD1,USDC,15.200000,0.000000
0x3553E18D6E3b6E142142a37Af0F94e8B2d8B0D1f,USDC,16.000000,0.000000
0x3554eaa9702F7545068932aEfdbE0519cab52853,USDC,15.330000,0.000000
0x355C6F4f0c911A65C9cEF2df540807efA9fD1D6b,SMAG7.SSI,30.000000,30.000000
0x3561689a5b593Ec9abc1E61F212C34E42be9F727,USDC,41.100000,41.810407
0x356333a3ebA1a510d60575d706c424B59cBA4FB9,USDC,39.000000,37.686069
0x3573993375666601D6d2CEee1dbd72D50Ac6bF09,MAG7.SSI,70.000000,586.858513
0x3573993375666601D6d2CEee1dbd72D50Ac6bF09,USDC,320.000000,39.318609
0x35745911D203985539A3291812c6CEc9e87C306C,USDC,54.874288,0.000000
0x357A7114017cd296F8EEf88917485f0F63b8620D,USDC,15.013900,0.000000
0x357B184ee545FE02858027dfEc9Dd9E097a435D8,USDC,42.200000,43.877314
0x357B78eCf489916E10747894e26924739ee6d2A0,USDC,318.501670,309.523679
0x358E6dFCEb4e42f616C01BD8A02A3630dB8D9106,USDC,57.000000,15.428318
0x3592D99C02003301C68619964d9426Fa4BE5768b,USDC,37.470000,41.057173
0x3593B97d2333103cfa670fbAB2E8293e7DCFd193,USDC,49.800000,0.000000
0x35A12CF84F6EC494238eaF45Fa6f9f5443b10a98,USDC,39.157100,0.000000
0x35CE57830C4BcfF83009ea9708e60DCFEc1B6686,ETH,0.108480,0.000000
0x35CE57830C4BcfF83009ea9708e60DCFEc1B6686,USDC,135.000000,66.000000
0x35Cad30bB56ad1148443bf4b24D0E4Cc48a3B206,USDC,39.000000,41.139368
0x35Df37B278FcfD45F35c34a76a47b52ABf3d5d7D,USDC,40.000399,0.000000
0x35E416136bDFC79Ad05D71a4dAAca66bb99F6fe6,ETH,0.008000,0.000000
0x35E416136bDFC79Ad05D71a4dAAca66bb99F6fe6,MAG7.SSI,0.000000,34.460968
0x35E481320c4d8c6F544A45A7D413251e90Ca7c20,USDC,76.110100,0.000000
0x35Fc908F4192809BEEDE4AD6c9E2831f7fa76A06,USDC,20.000000,20.000000
0x35aE8f23f174f3B9dB4F525160C4Bc44EDE552F0,USDC,44.068200,0.000000
0x35b067891afd66917b5FABCB2A67C3f34A7c0de6,USDC,105.071004,104.548507
0x35dA5f2EaefdDF4C630F150E2f9547Bc5b1db0a4,USDC,39.000000,41.217681
0x35dc651B99B25B14daA5B10Ce51603d1feE9aA14,ETH,0.003000,0.002895
0x35e31979ee735f9bCe1ddec2ea95c37197DCd7EA,USDC,30.950235,30.950235
0x35eAc17Ea95bb5a58009A834a19dbDA6A0705E65,USDC,18.349276,18.349276
0x360D3E84AE3C10edCb65971484edCf4ea352190B,USDC,58.184935,53.326794
0x360b2D2dfC9ef71dd6CbEEdf397BC9FfaDE40f58,USDC,500.000009,487.225527
0x3612c97aD6817F5BbFcA3ce57fBC62e435655bd6,USDC,20.843617,5.194816
0x3612eB174530201622D1cD07f73B103ae7640F82,USDC,45.181008,0.000000
0x3613Da05428b2523b78bA608eE01692A0526Ab86,USDC,50.000000,98.655681
0x361635fdda9ee303aCfd7c3B69314858D5D61DBF,SMAG7.SSI,18.538800,0.000000
0x361635fdda9ee303aCfd7c3B69314858D5D61DBF,SOSO,100.000000,0.000000
0x361635fdda9ee303aCfd7c3B69314858D5D61DBF,USDC,184.000060,0.000000
0x361bd1b16f1E987cA5Cc0f7B6465629dFa3540b8,USDC,15.000000,0.000000
0x36217Bbd06cEc3ddB92E7ba91F98928b1b6783Bd,SOL,0.354190,0.000000
0x36217Bbd06cEc3ddB92E7ba91F98928b1b6783Bd,USDC,15.000000,0.000000
0x36217Bbd06cEc3ddB92E7ba91F98928b1b6783Bd,USDT,42.330932,0.000000
0x362afEFE31AF31f3ba13949aa59911fA3B98a21B,MAG7.SSI,20.000000,0.000000
0x362afEFE31AF31f3ba13949aa59911fA3B98a21B,SMAG7.SSI,100.000000,0.000000
0x362afEFE31AF31f3ba13949aa59911fA3B98a21B,USDC,27.000000,0.000000
0x363700d10ca9C4809aD7034F5B21650A9A5E34bD,USDC,16.610793,12.654133
0x3643870bF698BE76a527750480B306E3B58eD0Fe,USDC,37.950100,36.252083
0x3643d49B76B2542F87b1c916b08094561b2A509a,MAG7.SSI,75.667867,0.000000
0x3644FfC4AC652D9bCfF38039e05bEB56fe10dfE0,USDC,1002.750634,933.803698
0x36576E2c7771c63ECf42b9d6c179D963E5C99E0B,USDC,16.000000,57.011266
0x36576E2c7771c63ECf42b9d6c179D963E5C99E0B,USDT,38.000000,0.000000
0x366017cCacf43fF62A2dc9fe927137D2472A6B05,USDC,39.155100,0.000000
0x36604ECA496A3345C51407F770bA65127aD8Cf29,ETH,0.012400,0.000000
0x36604ECA496A3345C51407F770bA65127aD8Cf29,SOSO,18.140776,0.000000
0x36604ECA496A3345C51407F770bA65127aD8Cf29,USDC,28.230000,49.258402
0x3668cf81C2AD94C7f9B02e5B52b4d7ADa28cBc27,SOSO,231.173184,0.000000
0x3668cf81C2AD94C7f9B02e5B52b4d7ADa28cBc27,USDC,47.959251,90.063809
0x368698DEC35b990ACd940d1Ec5c7bC5C420dCf64,USDC,53.739248,19.973973
0x368F7199f7B3d3654bB8aaD4bDf413F3d5849ea4,USDC,80.000000,76.390350
0x368d1D55828F4d9Ec8198311515bC0A01ef5d380,USDC,499.000000,0.000000
0x36912dFE373de2Fa2fD800b5D754A44a7e1AAfA6,USDC,16.000000,0.000000
0x36956f55D367C76718890cfd4269a125e4a2EDB9,MAG7.SSI,0.000000,55165.461552
0x36956f55D367C76718890cfd4269a125e4a2EDB9,SMAG7.SSI,54641.662000,0.000000
0x36956f55D367C76718890cfd4269a125e4a2EDB9,USDC,290.000000,0.000000
0x369cE93d8023c01d960cd0CE463870b98deC79Da,USDC,1342.690856,0.000000
0x369dc7DBa904450bBa53A4B603a633177a929D55,USDC,104.200000,103.546739
0x36A0736ef44DE7e4977548edb3DAd8077CcBfED1,USDC,18.814942,14.247986
0x36C0339751d3501441D16ae8415Ade791050a2F5,USDC,7.000000,0.000000
0x36Cf1ABe01b1dF9d9C9977096a8C7D3Aee98893b,MAG7.SSI,214.791121,27.160974
0x36Cf1ABe01b1dF9d9C9977096a8C7D3Aee98893b,SMAG7.SSI,26.140900,0.000000
0x36Cf1ABe01b1dF9d9C9977096a8C7D3Aee98893b,USDC,633.739453,632.796544
0x36DF086A993Df3623145a1E730220730EB03eae9,USDC,15.013700,0.000000
0x36FCde42B307915a94542132AbE5b273bFfF4376,USDC,5.000000,0.000000
0x36a33feaf1350829ae623E81D152f5ecB6204F63,USDC,15.000000,15.328758
0x36a5281B2da01b939Cb1363c19e782A91F40C6B3,SMAG7.SSI,107.745000,0.000000
0x36a5281B2da01b939Cb1363c19e782A91F40C6B3,USDC,98.298465,77.139863
0x36af2BBdEc89B8c38F11eC467C4A5A27122e653C,USDC,41.000000,41.984063
0x36c49C0E3712e1F166ED44464d9FeEE08436b86D,USDC,15.300000,15.652946
0x36c66fbB9601546Fb110714B45F56e9c9f2Ae90D,USDC,49.000000,51.074907
0x36cf19218b4a51890c587c66354a91FF1e675872,MAG7.SSI,15.047500,0.000000
0x36dCecFf77ed8E61D5758e42A7B150492714B134,MAG7.SSI,15.070500,0.000000
0x36e3154DfF41a9f325F5ca1E1FF72A9C79560dC0,USDC,24.500000,14.892464
0x370775206DF52B63161e36c1f0cea3f3cB657b86,USDC,15.300000,15.936350
0x3709E70F972358dcA8464E02c93Ac4E6a6Dbb117,MAG7.SSI,0.000000,78.915724
0x3709E70F972358dcA8464E02c93Ac4E6a6Dbb117,USDC,106.420947,0.000000
0x372eDE9Ce679d332D25C8146127031918640905A,ETH,0.000000,0.000500
0x372eDE9Ce679d332D25C8146127031918640905A,USDC,9.367951,5.100112
0x37327a851CA6BE933Bf1b14f78523BfB3179b9AC,USDC,215.400000,0.000000
0x3733b7bC2072d9ae9843C6849119623278c50106,USDC,15.000000,0.000000
0x3739884eB6152150bFf6aF2bf93250018C5d31Ca,USDC,6.000000,0.000000
0x373Be5C65607257Fbe0567B55a34F9a42117779D,ETH,0.028127,0.021913
0x373Be5C65607257Fbe0567B55a34F9a42117779D,SOL,0.953458,1.648765
0x373Be5C65607257Fbe0567B55a34F9a42117779D,USDC,75.783596,0.000000
0x373d027DfE2A1af0886e12055D059f71354c5D24,ETH,0.000000,0.004714
0x373d027DfE2A1af0886e12055D059f71354c5D24,USDC,2728.767846,937.000000
0x374B4206f36D03CbBA59FDcD31d955fd7E6557e9,USDC,16.000000,0.000000
0x374F0000aDADeceCf6C2d0f1324B2D2A80f494e1,USDC,107.847797,107.272390
0x374eD4BC0cf3E3d1B7B02B995512b362342eBaB1,ETH,0.032335,0.021619
0x374eD4BC0cf3E3d1B7B02B995512b362342eBaB1,USDC,198.509620,1392.465701
0x3756Bf530Cb6BdC579A836Cc766bFe95165d24D1,USDC,6.000000,28.340730
0x37578587CD01e6f340589cC7aE1cdeABAc4e78AC,SMAG7.SSI,9724.531300,9675.872484
0x3759513D02c64F7600176d1Ed59B3f17fa57A96E,MAG7.SSI,76.000000,75.923800
0x375C56500BD6080E9341aaFdFD43ed53b41eC188,USDC,39.500000,41.604741
0x375CC10E54dFB44650fa63C06070d15A8CF1052A,USDC,39.700000,38.400000
0x375E9727affcC81D9A9Fe33b1A7574B5291B3F53,USDC,7.960000,0.000000
0x375aa6E46721Cd8e98Daf2125Bf9460f811f7Ec7,USDC,16.000000,16.000000
0x3763974a4520F4D9cd7C83839B3a72C71df17fE5,USDC,57.000000,0.000000
0x3763e10a58B64c51A960Af23084FB3e48a01cB18,USDC,149.542672,0.000000
0x37700447CDF8A499f425544e8315019Bbd15af92,USDC,1058.137001,1048.827645
0x3774132CBfb61d02A9795f732c7Fab4bF339A867,USDC,16.018090,7.427771
0x3775f175E3754442Bde9878cdcb1d701F1D89C9d,USDC,15.001900,0.000000
0x377b9f76de78b865566E07b267c228cf5f25C559,USDC,38.800000,37.870915
0x3780723CDE5aE4f5f3703ee0761a934C42954594,USDC,39.000000,41.142538
0x37889e963F9B804Ef571a0ced25eD39590aFdB89,USDC,129.850014,0.000000
0x378f071927bC86efE96DAAe3D3671715E9AedfCd,USDC,15.024200,0.000000
0x379e69f4Fc5F35E4AE15aCB94Fb3352822119f15,USDC,15.310000,0.000000
0x37Ac1EC6Dcd984aCA6EC618A07ab0645f298256c,USDC,16.000000,0.000000
0x37B71D814668e9761851bEc08d625868d5cCecf9,MAG7.SSI,29.988525,29.980025
0x37D5d3D51ddF365b70Dd379B15Bc924416B7A114,USDC,39.000000,41.277466
0x37DC68A035d5bC44d5A493C83ce3A50482D2d53D,USDC,19.000000,0.000000
0x37Dc7be58a6640309AAE32e4d97eECD1A8b23457,USDC,39.666000,41.566049
0x37Fa9035B8C8c74B9fAF434EDa4097bCec5dDe18,USDC,16.000000,0.000000
0x37Fc6CB4d368e0c6086A266648dd9d2066D0b66e,USDC,101.000000,94.080837
0x37c78F9A8401b753a6e5b30239C72Ba706360BEF,USDC,519.146100,427.984640
0x37c8B17eB8aC92447c83b0652C8a2022cFb61308,USDC,104.200000,103.546739
0x37d32C136FB3cec83c5cDAE8BAA55388a0552521,USDC,15.000000,0.000000
0x37dd4CDb9CeCfd5136DcCbF73125ba18bfF94131,USDC,15.009600,0.000000
0x37eACC75b3CF50a9579412aA3aEdfF5892B3Fc2b,SOSO,2.820000,0.000000
0x37eACC75b3CF50a9579412aA3aEdfF5892B3Fc2b,USDC,30.232181,38.456003
0x37eD448e3e3C1937229F4F06784D6997d733d8d9,USDC,39.000000,37.831426
0x37f04A155D7342868d6ae0E0E533936E6C8DC2A9,USDC,125.214521,34.445461
0x380f41e8815a7D203CeD7BC7439bdb06DEb5Bca7,SMAG7.SSI,39.500000,39.500000
0x381205DC0Ab7225C7871663F5905335a1B23Ed26,MAG7.SSI,0.000000,101.910360
0x381205DC0Ab7225C7871663F5905335a1B23Ed26,USDC,52.000000,0.000000
0x381b11E7D1cE892812c9f1A5F6AbDa266961Ea2D,USDC,60.000000,51.884969
0x382086Be67623d403A316890968336BE2CD0fCE1,USDC,15.025900,0.000000
0x3820E3583367edA9fF743de7e5132CD9A6C84357,USDC,24.597103,12.648067
0x382c83Aa4C9aA11F86E890361D208B78C2d9B3EA,USDC,784.988083,774.426682
0x3832c771feB41E999fd320F01eF4aA6a117b9BA8,SOSO,5.022485,0.000000
0x3835b5692664c025a6CE5d2D254a0508C6B5111E,USDC,15.023000,0.000000
0x3837B6c5337F051C544662772b816453D1322A85,USDC,15.150000,14.764860
0x383809cD96013ACA236E9aE472B1CE6708d4361F,USDC,39.550100,0.000000
0x384cAdcd89f1E7ca02bbA3F21f2fA3706929238d,USDC,38.000000,40.392046
0x385579652246e8d2f34b8Dbc09250f65696dfecc,MAG7.SSI,0.000000,76.391423
0x385579652246e8d2f34b8Dbc09250f65696dfecc,USDC,40.000000,0.000000
0x386951f513b7df7d13C47AB76A0E8e209ce5A9e5,USDC,16.000000,15.434718
0x38711A7Ea02706dBe9D973FFA7fEaF90cD76659E,USDC,45.000029,0.000000
0x387c15a2F8C008ac737061d078B6195CedB9C4CB,USDC,964.000030,993.124520
0x38831C01544eC903664fB8254e8E523B20B52d58,MAG7.SSI,0.000000,15.523112
0x38831C01544eC903664fB8254e8E523B20B52d58,USDC,15.492641,7.748741
0x3891A023f976f6B610Bc89db2B310d29fEb2e018,MAG7.SSI,75.349800,75.274400
0x3895a973e39841870E90ECDA1ec150221674db6C,USDC,37.000000,42.474221
0x3899e586fa9D5334d1A646B6B0a5A5C68a1eb166,USDC,15.300000,15.576328
0x38Ab2F1f1d89e6a732ae07aB2683CcE581E3fa20,USDC,1000.000000,1176.075349
0x38B75CeECf0a430Fc2cb4e4Bb751c4A7353fD6F1,MAG7.SSI,5.100000,5.096800
0x38BEd6B67B0F5f1A8D38534e5468c10F4Ec7C6C7,USDC,40.990000,0.000000
0x38C8a0f68B1f6857c9af3682bc4963FDdd53DF0c,MAG7.SSI,15.175388,0.000000
0x38CDD6521FFe5BE55d0887aba2d938F1c053F1fa,SMAG7.SSI,5.259400,0.000000
0x38CDD6521FFe5BE55d0887aba2d938F1c053F1fa,SSOSO,9.694300,0.000000
0x38CDD6521FFe5BE55d0887aba2d938F1c053F1fa,USDC,49.526685,47.608041
0x38CbB0a37b4367faB1F55D58ff9bE204e02aD026,ETH,0.002687,0.000000
0x38CbB0a37b4367faB1F55D58ff9bE204e02aD026,USDC,18.970000,24.533378
0x38Cfaf5E636E183302D2ED9df0dE0a13c54251C7,USDC,15.107009,0.000000
0x38D135145fB052a1294f902ce1e214ADAfB2dECd,ETH,0.130910,0.000000
0x38D135145fB052a1294f902ce1e214ADAfB2dECd,USDC,0.000000,10.737594
0x38D5a01597aa379be3663533A2871B0e09Cf7Ba6,USDC,50.000000,49.566828
0x38D7D38610959DFB1D950f72b45ab03b8c39EE50,USDC,41.495700,34.266214
0x38E7e7584Ad5cf2491857681f30C605cf3B986FE,USDC,15.005100,0.000000
0x38FAc14AE9d36d2113D9916c6c2dDcb2661F18e3,MAG7.SSI,75.230000,75.154800
0x38b2ceA040D1846a3dD28494BCA901995fdA88ED,USDC,39.000000,41.318916
0x38cAB9F6061bfB5c83771b87255c5Cbc94A20290,ETH,0.029570,0.028762
0x38eb9A72C853EB52cE55181C395219499a1ee5a8,SMAG7.SSI,398.914100,0.000000
0x3907537A0375906A4e0a64c0aC5B16fe71126AdA,SMAG7.SSI,13838.393900,0.000000
0x39117D73BBBC40057802D37030d7c51C7aa5CcF0,USDC,460.199800,465.096200
0x392B3441cBf757Ef0532B7ea10a0aE6984ddef91,USDC,37.950100,36.168435
0x392C79C23FaFe981331a20BcfBF1D825DE285401,USDC,210.000000,207.538176
0x39369cb030903a593aBC4ac40E7ee3dd17500B8C,USDC,1090.042720,1079.732268
0x394043930f3214e9B46E041d5E7A9dA10B0d4B17,USDC,42.138000,36.370619
0x394Dccb64dCabe053C43E38b1026aFAb0f292420,USDC,42.366734,28.818447
0x39536a38540219cE4A934edEc42de1A714308c88,USDC,99.754234,97.460770
0x3957a44Db81538713904C4f7aF1AE9ad196daa4F,USDC,53.974817,28.191458
0x3959C404DB1BcF6832c96B088f6BC818a82589C7,MAG7.SSI,81.826900,0.000000
0x3959C404DB1BcF6832c96B088f6BC818a82589C7,SOSO,142.806500,0.000000
0x3959C404DB1BcF6832c96B088f6BC818a82589C7,USDC,1617.073727,343.151922
0x395A915C99dBb7AB96055E66962AB5368d070274,USDC,15.008000,0.000000
0x395E0c1f72920448a85A293506E4dfFc184553A4,USDC,39.640072,42.219323
0x395E0c1f72920448a85A293506E4dfFc184553A4,USDT,38.000000,38.000000
0x396334fD0bfb9FD9d8EB2Bac6134EA037Ff12080,MAG7.SSI,76.549400,76.472700
0x396648E0A8E222F4D45Ca98cfe4f2acac3088A85,MAG7.SSI,0.000000,221301.436800
0x396648E0A8E222F4D45Ca98cfe4f2acac3088A85,SMAG7.SSI,222503.694700,0.000000
0x396648E0A8E222F4D45Ca98cfe4f2acac3088A85,USDC,0.000000,13786.882631
0x39667EEF192867a4693e3509b75939652f47cFD6,USDC,15.640000,0.000000
0x396cfabDfD3DF001D691F45a5376Ca4C691D17FE,USDC,648.773100,582.495000
0x397027957889132D3bF3F1CdB0cdd09718Ff5c91,USDC,722.730787,0.000000
0x397027957889132D3bF3F1CdB0cdd09718Ff5c91,USDT,86.260443,0.000000
0x397F2e7E970EA90389dc68C23EB02F24F4550731,USDC,39.070000,39.240623
0x397d6A3712Ae2d66b6Ff5670896604fA0c3DdF16,USDC,15.022900,0.000000
0x398530A6136cA7E8Daa9C5F072FF3c3243E18Cc9,USDC,40.349709,12.545149
0x398f06ADb25A0f7FeA559E0dF6864C731Fd2D9DF,USDC,41.200000,0.000000
0x3992d86463c3E4fD6815A9504B2EDB4a7BeAB52C,USDC,20.500000,13.279541
0x3993D0BC4C04c64bfC3204C25663A2b048cF32f7,USDC,15.000000,15.325294
0x3994A3f427d335eaf1f6fF44b702889f285F4074,USDC,37.499000,41.030851
0x3996928C20b81297CcbA63bFf48318eD9048EF0A,USDC,42.700000,0.000000
0x399B691c87d2D973735238CA9113336a6Fd05E8E,ETH,0.000000,0.002194
0x399B691c87d2D973735238CA9113336a6Fd05E8E,USDC,1801.105942,1607.459888
0x399B691c87d2D973735238CA9113336a6Fd05E8E,USDT,6.000000,0.000000
0x399bBd30cD98D562c31E042625B8a834492fBbCc,MAG7.SSI,15.125500,19.707382
0x399c0a3ae4F38722678e27fDD5A781ED7f7fA7Cb,MAG7.SSI,28.796697,28.743697
0x39Ca1fC4a4c914Fc1Aa2a530cB7405C271e105BB,USDC,39.870100,0.000000
0x39DC7974FE6282012EE63f4f26B35beE54906b27,USDC,15.211157,14.296745
0x39Db514dDb52E7299Da69d0eb5e4898f660EaF69,MAG7.SSI,75.614700,75.539000
0x39E65CdBDFaD3510eC9b16674EF97746bE7EFcC1,USDC,128.754546,75.731921
0x39F7cc9E321a227a52299928e62C4d46ED42b193,USDC,496.577900,403.982720
0x39Fb7660671699274b6BBd397dEE3f00297F4862,USDC,393.700000,50.000000
0x39a0A5e400Fd9554509dfD3B6Ab3C15360e1ba7C,USDC,237.852426,223.636146
0x39a5E295e11A68B03064373AD1edf06C582044c1,USDC,58.300000,59.289691
0x39a986A0c815b656BC3A74A7028e593652eC521f,USDC,1037.000000,995.581574
0x39c53aF93cd75821D89C93B9019C8a29C3DD5b04,USDC,50.000000,0.000000
0x39cb6589C9dA0F550Da1e2B5e61b21EC62f5c5c3,MAG7.SSI,15.015700,0.000000
0x39d4D8c306e243F2a6b8784eEf6A3E88c725a71c,SMAG7.SSI,34.960500,34.960500
0x39e5925e10942d061fE0f264f28Db03773bC5D2E,USDC,99.950000,313.893185
0x39f861aB4E1943A47b7808893a37B434Ebcb21bE,ETH,0.063399,0.061924
0x3A0Ed845BdE4d3438B53ef47Aa7E7e0Fe534ff19,USDC,39.754600,41.616986
0x3A11D9ea99c10b9c7f59E00189a14A4D86BE8fE4,MAG7.SSI,54.685633,0.000000
0x3A11D9ea99c10b9c7f59E00189a14A4D86BE8fE4,SMAG7.SSI,21.361900,0.000000
0x3A17978E49325fBfCC97800934623AAB4D4245da,SMAG7.SSI,209.476100,0.000000
0x3A17978E49325fBfCC97800934623AAB4D4245da,SOSO,8.510900,0.000000
0x3A17978E49325fBfCC97800934623AAB4D4245da,USDC,241.352377,0.000000
0x3A2c4cdD40122edd2547ae2dAa7D198e3D9B51b1,USDC,38.910000,38.180766
0x3A409c895267fc47B5F32f6d1DA5C5FB4ea23b9E,USDC,24.000000,0.000000
0x3A409c895267fc47B5F32f6d1DA5C5FB4ea23b9E,USDT,15.938765,0.000000
0x3A72055361187a2B52229C6560E9De463d69f907,USDC,140.000000,133.734321
0x3A7393700669F22660d2DF966968E77000EE083B,USDC,198.000000,18.000000
0x3A7611d4C4Ad0aD31F2206Eda29c896167BFcD20,MAG7.SSI,0.000000,15.135417
0x3A7611d4C4Ad0aD31F2206Eda29c896167BFcD20,USDC,79.657329,72.157329
0x3A8346F61D29B127986CC1e5277027F24a3C6552,USDC,39.968100,0.000000
0x3A8e81C97B6Be5cd64fdb5E783ef2C88B28756f8,MAG7.SSI,75.450000,75.373900
0x3A94C3d7EC14E79080c9a0aac284ccaD657d6a13,USDC,39.500000,41.588793
0x3AA6bd9a0faDC02BcE9f4B4D6Ba24412F4795A86,SMAG7.SSI,32.960500,32.960500
0x3AD4Ed59Fdbcfe6706AE5FB40a86b9b92EbE7cba,SMAG7.SSI,33.460500,33.460500
0x3B16eEB2d6e0D5a29c3c989E5D484726e34c7db0,USDC,1338.721731,1326.044563
0x3B1e45c5Cf98d743734606A0C97b03708d7AF4F3,USDC,20.893729,20.711283
0x3B254b895239DFFAeAF029eb7EF01ab16724E237,USDC,49.800000,0.000000
0x3B264d5A779BBaC48bf9cCDE56b79f3F8E54cA07,USDC,47.143765,45.611954
0x3B27816D8B781cA802922a30E98521538938e86D,USDC,39.486465,42.656514
0x3B28b798492e29aEEEF0046825AeF50B638533ea,USDC,15.000000,0.000000
0x3B2f98A22284016BA3b1A11571CC7aC316441d73,USDC,744.465138,734.182922
0x3B3124Cf5e8f1C5B97b8ff363Bb7892BA51AEBeD,ETH,0.030000,0.000000
0x3B3124Cf5e8f1C5B97b8ff363Bb7892BA51AEBeD,MAG7.SSI,0.000000,468.178404
0x3B3124Cf5e8f1C5B97b8ff363Bb7892BA51AEBeD,USDC,251.000000,63.507062
0x3B368bFe0c2825B0D89ADB76FB29D7F54Db2cc1b,MAG7.SSI,7.943998,0.000000
0x3B4bB032a06D199233834342F1f3284D85892481,USDC,1450.500000,1376.490000
0x3B5CAEB6D9d9542b405d6829A606986E565F185e,MAG7.SSI,75.563400,75.681400
0x3B732edD2C860c7Fb1067D9B47a23440b5fbA608,MAG7.SSI,0.000000,76.791856
0x3B732edD2C860c7Fb1067D9B47a23440b5fbA608,USDC,40.000000,0.000000
0x3B735Bcf54ae663cFB97cA5b0fdb18a10c285016,USDC,44.063200,0.000000
0x3B79D2dc5Ed77015bf6190c7ae83838ea58310B8,ETH,0.002982,0.006180
0x3B79D2dc5Ed77015bf6190c7ae83838ea58310B8,USDC,70.185700,101.672480
0x3B865EbAc986Fc333C0CEAf1413246EE266c6F62,USDC,15.019600,0.000000
0x3B999498D355CF5A41EaCb6f37FdACc9e5C58d8B,MAG7.SSI,0.000000,577.850600
0x3B999498D355CF5A41EaCb6f37FdACc9e5C58d8B,SMAG7.SSI,580.587300,0.000000
0x3B999498D355CF5A41EaCb6f37FdACc9e5C58d8B,USDC,0.000000,32.693460
0x3BA3Ee1Bfb4e15d279151F1771F83477D7413A10,USDC,40.000000,42.066159
0x3Bb19e243359155eF32cEef0eAC5d4dE92566aE1,USDC,40.000000,39.914559
0x3BbFf61F70311AB5615fdcfa7C26d087ad0aa660,USDC,40.500000,38.813716
0x3Be7815F8865e3a279Bfb303D1F53F6C60CD82F9,USDC,100.000000,87.042188
0x3C1E2D3336F0Be0C73a9b0A88b23501273765d94,USDC,49.800000,0.000000
0x3C221C466dBe72397D2275ddd315Af69EE86cd3F,USDC,38.000000,40.403397
0x3C2355740F9B7Cba9D076aC0F48E936f06b291C4,USDC,38.972438,41.609319
0x3C6486C18aB1aBd9BF0A73d7791Fa39f5C9df293,USDC,41.990000,0.000000
0x3C6F6fbbb9667DE05729483e0b31f33219210297,USDC,215.355921,157.047078
0x3C774c6bC56EF5E6253D7320e15d18Bb24506d53,USDC,20.000000,20.000000
0x3C82c9371d889d8A79C5bA6ab3222326A9b4A4c9,USDC,15.300000,0.000000
0x3C86F7E0826da1eff897D505a0E34E24B8C53383,USDC,16.000000,0.000000
0x3C950FB91A4E4A0ba0191EF05B7da8d86f61d87f,USDC,39.000000,37.722970
0x3CAF2BBAb1366626a0805D50A562C7655Bc93cf9,USDC,15.080000,0.000000
0x3CD730c168e93AE4AC6b855CEa87315c71943247,USDC,15.000000,0.000000
0x3Ca97252ccC9bf73eFB5f23c1d596F708FcB7b90,ETH,0.014188,0.000000
0x3Ca97252ccC9bf73eFB5f23c1d596F708FcB7b90,USDC,245.600182,154.485665
0x3Cbd2e8AA2E3E0A723e752Cf391688789368f45a,MAG7.SSI,15.064500,19.676508
0x3D01e23E6895cE36DB7005b9AB121699FB0A80f5,MAG7.SSI,5.000000,0.000000
0x3D146FB63778674b7eaeF7290558B74664db5Ae9,MAG7.SSI,0.000000,15.109204
0x3D146FB63778674b7eaeF7290558B74664db5Ae9,USDC,52.865783,45.165783
0x3D1992691cCd64CbC688f0ecAc7491A45100e6f2,USDC,1027.525419,1019.937905
0x3D1A3aAb040C789111AEcD64751eA304a5c46952,ETH,0.002200,0.000000
0x3D1A3aAb040C789111AEcD64751eA304a5c46952,USDC,15.081838,11.130655
0x3D271d3e1987f06B8acCd818066A98e391c2C1DD,USDC,49.800000,0.000000
0x3D42c4f196e08727Efe4E4b1505c5269Cecf8391,USDC,39.157100,0.000000
0x3D485b026375096DD9b793f45050Cc09DDA86962,USDC,15.000000,15.158132
0x3D5EdF8A288B49c704d789A00EcAC23A1964D559,USDC,40.000000,42.244316
0x3D66410c7Caf7EeB9808a3A3a2e4698A72E651Bf,USDC,7.960000,0.000000
0x3D66d45D3E8d031aAa5B4960137A05e4FA0EeBcC,USDC,39.000000,41.329161
0x3D676D357f4ebD584B70c0b256364f4A3F255cD9,USDC,44.200000,42.920407
0x3D68783fD6b0e172CD5411503499AE5308fCe79e,USDC,15.000000,15.324244
0x3D9cE2F87724b6Aa839884841675d9FfAE516cAE,MAG7.SSI,45.412161,76.300017
0x3D9cE2F87724b6Aa839884841675d9FfAE516cAE,USDC,16.000000,0.000000
0x3DB4c28CCf650509b6c913E9C1C9c51d639823D5,USDC,131.000000,117.938245
0x3DE8607cDB659a6F474173e300A86eb611c1417c,USDC,59.800000,60.529961
0x3DEA199BBaF72E5e172bCb4179fC6eCe9723AB7A,USDC,15.014400,0.000000
0x3DEbA135324C948B0F5629E8F7703a3891e6923D,ETH,0.012500,0.000000
0x3DEbA135324C948B0F5629E8F7703a3891e6923D,USDC,293.583868,468.768538
0x3DEbA135324C948B0F5629E8F7703a3891e6923D,USDT,392.662781,10.673790
0x3DF32Cb47459A44009eCCda8A771CbBb94E93AB7,USDC,15.022400,0.000000
0x3DF8DBcBffF109FFd397B1543D0d39BDD9A2ca04,USDC,45.000000,47.280438
0x3DFAeC815c8007709C37f2bf20b851ec7a9407b1,USDC,37.020000,40.487147
0x3Dcc0796201EB9ee038879091a59723A2089df7E,MAG7.SSI,0.000000,76.722108
0x3Dcc0796201EB9ee038879091a59723A2089df7E,USDC,40.000000,0.000000
0x3De93a9E29c61293de3C098D89A1359Db3Bb9cf0,USDC,15.003200,0.000000
0x3E0A3Cf8074E2DFB399bA7c8A6FbFDb6d7aF944f,MAG7.SSI,77.177000,77.073900
0x3E0A3Cf8074E2DFB399bA7c8A6FbFDb6d7aF944f,USDC,145.000000,161.568947
0x3E0A5fA364867512812E57752d00F7Da37f5B19d,MAG7.SSI,7.351700,22.533755
0x3E0A5fA364867512812E57752d00F7Da37f5B19d,SMAG7.SSI,5.700300,0.000000
0x3E0A5fA364867512812E57752d00F7Da37f5B19d,USDC,8.249077,33.420650
0x3E0A5fA364867512812E57752d00F7Da37f5B19d,USDT,28.863300,0.000000
0x3E3461065e4b4e0334b57E15AAc65E31ba888B53,ETH,0.005977,0.000000
0x3E4ad218584dCa577666796339D7bD6257794907,USDC,40.063794,0.000000
0x3E51B1a94778023F47e5D3C39ca111070157cC52,SMAG7.SSI,19.820400,0.000000
0x3E51B1a94778023F47e5D3C39ca111070157cC52,SOSO,16.483800,0.000000
0x3E51B1a94778023F47e5D3C39ca111070157cC52,USDC,166.485932,0.000000
0x3E55DfDB7a7c2e81C3da2820c8685C3474ea7B19,MAG7.SSI,15.040000,0.000000
0x3E5BBF43890D8ded986a59B5414867636b1E6352,ETH,0.007401,0.000000
0x3E5BBF43890D8ded986a59B5414867636b1E6352,MAG7.SSI,0.000000,32.293679
0x3E66A35A27252A9BF7EcCed4D25097b220A4A3c3,SMAG7.SSI,71383.065900,0.000000
0x3E66A35A27252A9BF7EcCed4D25097b220A4A3c3,USDC,40000.000030,0.000000
0x3E6eba739516da138914C307D3aD817Df8Ae6e43,MAG7.SSI,75.157030,75.058289
0x3E6eba739516da138914C307D3aD817Df8Ae6e43,USDC,11.790000,12.389101
0x3E76eF336bac4195bCe77485f6C1667E99c16823,USDC,41.500000,0.000000
0x3E7D30a622F94E807FC87C696c1360b84Fb8284b,USDC,39.000000,41.453876
0x3EA044f934614CD00578eC01caa18549fF12EC3f,USDC,20.450000,12.624360
0x3EAcF8Edc5338E4f4d22006055A49D24C9e4884d,USDC,69.525935,55.495468
0x3EC968c4D0154328d99b491953C8B2193401a06A,SMAG7.SSI,26031.902100,0.000000
0x3EE416296D807154397aF075f4bFAeac394772D0,USDC,174.481288,167.997356
0x3EE582B020E078e7168d23cC490Dc61794c041dc,USDC,15.260000,0.000000
0x3EEfe3c598D8947A4224B8A368cE6C1db2458fAa,USDC,30.000000,0.000000
0x3Eb8ab5A91D75fF962aEeb742dc9218c93A6EbA1,USDC,37.475000,41.086722
0x3Eb94726E178d4B5f71b0b415A2d828E9c48632c,USDC,25.046105,59.622094
0x3Eb94726E178d4B5f71b0b415A2d828E9c48632c,USDT,30.990000,0.000000
0x3Ef515Ef1136eBF6eC6b1e1f0aBA7a292802Db3c,MAG7.SSI,42.391228,42.391228
0x3F04256Af7a5F8EB15d4fE9753b8354d9Ad81Fdf,USDC,39.500000,40.857343
0x3F31f23E7de1b9EADCbbB9561348a33F3AAa437c,SMAG7.SSI,5.182000,0.000000
0x3F31f23E7de1b9EADCbbB9561348a33F3AAa437c,USDC,68.035289,337.094337
0x3F34bc5F744d794678Ef2Df2DdB8e0313553Aaa9,USDC,15.026300,0.000000
0x3F37D9eEaF21cD1739E352de43DF044E277573C7,USDC,152.000000,0.000000
0x3F3d0c9Cf53227E24621dAb8F353bc52936B5D2D,BNB,0.000000,0.000992
0x3F3d0c9Cf53227E24621dAb8F353bc52936B5D2D,MAG7.SSI,0.000000,15.963800
0x3F3d0c9Cf53227E24621dAb8F353bc52936B5D2D,USDC,29.446910,31.904258
0x3F4D63beF39496F56c1C6Edc93ECc8eCA502df43,USDC,41.643000,0.000000
0x3F4c83B0e1aA83d01F04738395848A8701f55574,MAG7.SSI,0.000000,75.175555
0x3F4c83B0e1aA83d01F04738395848A8701f55574,USDC,39.000000,0.000000
0x3F6e91d9e5914Ef1A1342124bAEe9C4CED4643c4,ARB,110.182895,0.000000
0x3F6e91d9e5914Ef1A1342124bAEe9C4CED4643c4,ETH,0.007405,0.000000
0x3F6e91d9e5914Ef1A1342124bAEe9C4CED4643c4,USDC,51.860502,31.000000
0x3F75a847eBEA6DeCf69C7BAB445e9b08F4e86aF7,MAG7.SSI,30.048686,0.000000
0x3F7fd9786E9e75AB64f648b4b4146B3b8A380Bec,MAG7.SSI,76.000000,75.925300
0x3F9b972Cff8236bDa874EA6384043BF69a46B4ab,USDC,96.469393,95.894719
0x3F9eA79CA31cb5F91D59046B85591B4f615a9d39,USDC,41.820000,0.000000
0x3FB145112A46c4D326f72EF637C7DD491f16A1C1,MAG7.SSI,0.000000,40.860130
0x3FB145112A46c4D326f72EF637C7DD491f16A1C1,USDC,65.893729,0.000000
0x3FCc7f20ee885e48C9F91270149D9AfDB8E560aF,USDC,85.679350,36.496919
0x3FF25cEDE478FdeF16E95e6A44bBB2cc93C78A4D,USDC,39.600000,38.336000
0x3FaBd92729AFEE4E3738Be1C7C2Fd9fA1787211D,USDC,198.520738,285.540354
0x3Faffa39D819dF876C9fcb0b173F2D2F4bfAB76F,USDC,29.123844,34.310648
0x3Fb4dc66f8dc37e3dA94B4eB370442eB954Fec60,USDC,15.100000,0.000000
0x3FbEa5C1FcF21aac7f9273874BFae81a7056B875,USDC,39.500000,41.817041
0x3FcA705048581d014Cb3978a65B41ec949fcB3D8,USDC,43.900000,43.006815
0x3FdBd3EF6D7aE4e986dB656601e59D451aD88fA7,MAG7.SSI,15.264600,0.000000
0x3Fda2304A44dd4BaDa026a3f99c07D421E22F18D,USDT,21.706728,21.706727
0x3FdcE882E8761fAC59954B3Cb79d9E5feD630079,MAG7.SSI,10.000000,0.000000
0x3FdcE882E8761fAC59954B3Cb79d9E5feD630079,USDC,26.930423,5.527853
0x3Fe6eFdc25D08E54a579108a4ac005FF2949738d,USDC,15.100000,15.735738
0x3a000dB230320cc977C1c84643648F1247207Cd4,USDC,15.000000,0.000000
0x3a010B4b7CBdB6EDD5C185D866B6A889003C9502,USDC,16.000000,0.000000
0x3a047B36287a1149eA59e566E9d3fA50a27C2779,USDC,6.468624,0.000000
0x3a059bd3d6fD85158D19fDA569870ecE195392a2,MAG7.SSI,30.450000,0.000000
0x3a11Bb38D86979ce5f3B0FbF186B5cE70fCF042d,USDC,15.102660,0.000000
0x3a1Ac289FC99Ff6b5c2401E90A74D227439F44dD,USDC,15.000000,15.210982
0x3a252a6edE5470C93F5a8FD632B1Ee10297776D6,USDC,33.950235,33.950235
0x3a3BaCc0692c6271E28d260071aBB616B3e1a2eF,USDC,41.000000,39.783368
0x3a484f1BA2B1D2E07e6F68069186775ae4615202,USDC,0.000000,4.278193
0x3a68C29B4a3Cc40dA5171271D665975A7073fd58,BTC,0.000999,0.000000
0x3a68C29B4a3Cc40dA5171271D665975A7073fd58,SMAG7.SSI,10.450700,0.000000
0x3a7C74d59Bc79C11BDff7Fa78Cdbb1c456B70E67,USDC,39.000000,41.462174
0x3a89F294A15129B4757eB84B83B18f7732c4E568,USDC,15.009300,0.000000
0x3aBd1b18f4fD22dfa5420f9Ff160588A694F5bd9,USDC,1057.108931,1047.913532
0x3aD2e8C8E82ff320d16064a6717b13d52A761746,USDC,16.000000,0.000000
0x3ac861835E8070C2B7Fa62818B0B1D9e3BEfA0a1,USDC,20.000000,20.000000
0x3af3181b36c1aC265856f9e151dA9F65DfA0bb93,USDC,15.002200,0.000000
0x3b06212F814843E8f8956646af08b3324cF61543,USDC,119.865830,115.443768
0x3b0e6776d0fc770b26eC1cE309ED28CF288ad7Dc,USDC,20.000000,20.000000
0x3b1AeeFeF1350CD42Cd4cC2d6b3b4edd17A87251,USDC,37.000000,38.616811
0x3b43556855790f6C78AC569Ef971Ce052eAe1288,USDC,41.323908,38.033924
0x3b488C9FC612001e8Ec3Ffba6d163fb067D1F5A7,USDC,38.000000,39.774479
0x3b527c5D96f5Cc63506307E2101D63a7802a1512,ETH,0.013369,0.012948
0x3b55383C924D813B1016d24821C31114498c2514,USDC,15.010000,5.000000
0x3b6FfF7bcE876C4a1e0a41298738E159962FfAA9,USDC,35.000000,33.837798
0x3b737e00F818dBec7Dcfc124c680745273cDA51B,USDC,15.015300,0.000000
0x3b7d5b3dfD685b6CF2af164925307a3f39Aa9Fb1,MAG7.SSI,31.634321,0.000000
0x3b895C2f1AA3273f29CB798793841FAb5ff352A4,USDC,19.000000,8.500000
0x3b8e627994fA7981f38C90590941Db5Ed1aA8278,USDC,144.025754,152.902338
0x3b9C8c512aB2aDa2FBBe3C6939B0f38d576288fc,USDC,29.712230,8.110000
0x3bAa12E8eb976417E416A690d9f168FAfe432539,USDC,76.525885,46.495326
0x3bC55eB33e5771c285CD6cf51F3085cc4ba6c2b3,BNB,0.025000,0.025000
0x3bC649774cC84D1Cb07c6302cB6FB8653fe93D9C,MAG7.SSI,15.009500,14.694400
0x3bC9af5B801a9c7eE5dd202504274536bAC77299,USDC,49.014170,5.444947
0x3bDda82fe3F9c901918BCcbd27561314370889d6,BNB,0.025000,0.025000
0x3bE0c7E94a946aA76E5FC0c20F7c542264a73D8C,SMAG7.SSI,312.071300,0.000000
0x3bE0c7E94a946aA76E5FC0c20F7c542264a73D8C,USDC,50.000000,0.000000
0x3bea436046892929F5202a4A8CA15dbC06cC8b50,USDC,15.013700,0.000000
0x3c0b274e6d014E6D335eE79961E4eb4682bDEa71,USDC,16.000000,0.000000
0x3c296D915aeA784c6BfB393140c69f30716CED65,USDC,15.025000,0.000000
0x3c2FeC191b3FeA8C2EEe50A159F0271C26534628,ETH,0.009000,0.009000
0x3c319EB7e2Bb40fA8e45a14D9b8A34E96F70320a,MAG7.SSI,15.051400,0.000000
0x3c40cE9b2676093fF752cC11c9AB4993F4CB3f30,ETH,0.003000,0.003000
0x3c40cE9b2676093fF752cC11c9AB4993F4CB3f30,USDC,10.000000,10.000000
0x3c530126b8efE51AC1aAE2ed15aee818436b8322,USDC,40.000000,38.892573
0x3c6200905fEf2672646F0D145CCb68A2d8A4718B,USDC,50.001200,0.000000
0x3c89CF1d577E28c468c68f3b473aA4D7505980A6,USDC,11.045440,10.627172
0x3c9A6E24487F9076C26baF226112e962e2b93e98,MAG7.SSI,0.000000,8.958728
0x3c9A6E24487F9076C26baF226112e962e2b93e98,USDC,6.392757,0.000000
0x3c9fa3183deD22A957B66F6d252c77033c655dbf,USDC,960.196506,949.405655
0x3cB001e337ecE152b95e572Dd3Ca6accD1639a11,MAG7.SSI,15.100100,0.000000
0x3cB597a597c807010F73a0D5B4434664F6bcECC7,USDC,16.000000,0.000000
0x3cB6E9E0b2086906aa8CB9fCa183A64Aa3F31D93,MAG7.SSI,5.000000,0.000000
0x3cB6E9E0b2086906aa8CB9fCa183A64Aa3F31D93,SMAG7.SSI,0.000000,4.997284
0x3cC7361B4435DB1b92E926fB8E044340055fd278,MAG7.SSI,76.880300,76.803200
0x3cFea9015FB91258df8fFb8c9a5e5e9582656CbF,USDC,37.950100,36.191248
0x3cd982052Dc3CeA14C573b6c4a53b8016F2D79f0,MAG7.SSI,166.408829,0.000000
0x3cd982052Dc3CeA14C573b6c4a53b8016F2D79f0,SMAG7.SSI,85.443600,0.000000
0x3cd982052Dc3CeA14C573b6c4a53b8016F2D79f0,USDC,0.000000,44.949136
0x3d1ac1430Ac76E3ecBB0Db8B579D2548bB2433bB,USDC,30.000000,30.048483
0x3d2069b77F68E30e5c47e3C8ca193C4f4797456f,USDC,39.000000,41.343541
0x3d21E295CD5F432544329FeCBE705D846a648B71,USDC,15.009500,0.000000
0x3d2EB961Beb9D8fd157327F30965645F9b1649aF,USDC,229.000000,226.638441
0x3d4595C8742d0a58173a9963c05755B59A8f8255,ETH,0.045000,0.000000
0x3d4C8B1264580C9CC37f480021ccdEc2E83CB56f,SMAG7.SSI,171.102400,0.000000
0x3d53588E1978D2627824B2B8E1b1499F876fe468,BNB,0.009483,0.000000
0x3d53588E1978D2627824B2B8E1b1499F876fe468,USDT,40.990000,0.000000
0x3d59D403741857610A48b8C25De78000d8d804F8,MAG7.SSI,75.000000,0.000000
0x3d59D403741857610A48b8C25De78000d8d804F8,USDC,971.752313,936.703677
0x3d6d0f82622DEE0d99DfB5cBE7941C4Ec9A6834f,USDC,74.503000,78.796103
0x3d7046F5a518eB1f08d50862EC7D398ee50B0Ac4,USDC,7.960000,0.000000
0x3d73eb1387EF9F5e45d01ECcc2663404bA2B21ee,USDC,183720.941441,183006.664465
0x3d73eb1387EF9F5e45d01ECcc2663404bA2B21ee,USDT,26999.795794,26999.795794
0x3d7C6aE59F84E1C84c608FECeD45362B4260C80B,USDC,15.098927,0.000000
0x3d8123B9968357ADca3a2C744e1298FE0aD804f2,USDC,15.500300,15.868332
0x3d8CA50023A449B3e2b9b164ca49F914b32EFdB5,USDC,999.858594,0.000000
0x3dAa2B6Ec92e07eF17780B92ffD90D82c0581c57,MAG7.SSI,0.000000,15.049025
0x3dAa2B6Ec92e07eF17780B92ffD90D82c0581c57,USDC,75.757329,68.157329
0x3dE388C269296670520FfF2A98e5111a630c876a,ETH,0.062201,0.061671
0x3dE5026Ccb8693D8956AA35031a6391C653f25cE,USDC,37.714000,41.277268
0x3dc93d299Eb73deeC9967422C003f06Ff51aE883,MAG7.SSI,0.000000,75.104576
0x3dc93d299Eb73deeC9967422C003f06Ff51aE883,USDC,39.880000,0.000000
0x3dca521bF8fBedfb4E604A820C34EEB3BFABf44C,USDC,15.000000,0.000000
0x3dd4B8fD089EA6e8D068fbb43365A878E94A5dCB,USDC,37.480000,36.541678
0x3df75023a8A8D6bACb90330119913C379c1C55Dc,ETH,0.007984,0.000000
0x3df75023a8A8D6bACb90330119913C379c1C55Dc,MAG7.SSI,0.000000,34.549910
0x3e2ad44c8Ceb7E0F45618B91eE5F4856567B962f,USDC,268.000000,266.160000
0x3e4DD358fBd926D9138FD067B6CCAa5Aa3692358,USDC,15.006900,0.000000
0x3e4c43c260b64d7F58c51c0EA505761E04c154a2,ETH,0.062363,0.061134
0x3e583AF426FeD0c8Fd5ab67Ad2519F013fe9Fa75,USDC,44.062200,0.000000
0x3e60BA75a53B217C5FE166a0A69A6a85CFE3a69F,USDC,41.216600,0.000000
0x3e648EB4A072587F769e356235dcFb9F0B81b720,ETH,0.027400,0.027400
0x3e7a8f381DFF4A506699Feed1e2c7457E9f07169,USDC,15.005600,0.000000
0x3e8625E0E09319C8d09179028FFE5665A44C94C9,USDC,15.012200,0.000000
0x3e995613b0511b93A0303887D16aB0090E093722,MAG7.SSI,15.300000,0.000000
0x3eE25Ca993189208126E37F7764471A684920c07,USDC,15.000000,15.330268
0x3eEA92B26b43C0efaeFf2C21Dfc214b570270C6c,USDC,15.989079,7.618900
0x3eEB29032269AD0491573532088D8a2DF935eCe2,MAG7.SSI,76.000000,75.924100
0x3eF4a39cEe1122596C76A1Dc8EFCFdC5053Cb9db,USDC,41.300000,0.000000
0x3eaF12a90fA9B5e4a149305eE3E9efBFd0a7E99e,USDC,1124.290091,1114.093969
0x3ecc6054d6Df9Cb7B3d15870bAE15D6903aC8ac0,MAG7.SSI,36.548513,33.363322
0x3eeF9B1656FC5CeafDD28a26cEe0b8dB3285a4De,MAG7.SSI,0.000000,15.474925
0x3eeF9B1656FC5CeafDD28a26cEe0b8dB3285a4De,USDC,15.010000,6.457594
0x3f0f1fE705570F4a189f669D259B19b28E46412E,USDC,49.525547,40.365965
0x3f17969112f429916B34B0734DE45916A6c557a9,USDC,41.235900,35.831677
0x3f208b685D7C2E9f94e579dDdda494CF66C04363,USDC,40.000000,39.068639
0x3f461c2608745D1a2FFCa8D215161f7038Cd61C6,USDC,15.000000,14.713586
0x3f49A9aEa474b510CfE5dD37Ad03bEfc60785AD5,USDC,39.500000,41.651216
0x3f4bDd34B12FBA8292c8820Dc6472D94B970baA3,USDC,452.825295,443.552856
0x3f4c37EAD7F20f2aE8E53bf8b76482a944Bbfb6f,USDC,37.200000,40.738700
0x3f748F18a7C6d095fe74866281e938ae372F2C40,USDC,15.025400,0.000000
0x3f76043F9500a9EA2Ced143295Da7De49f8D7F10,USDC,15.102197,0.000000
0x3f8456498906979B944583F5A30A8b0b1Bd098F9,MAG7.SSI,45.210000,30.573988
0x3f88850cb2670598439AD2db3471D355421A88f7,USDC,98.900029,96.330214
0x3f8cb75Bf51F3dCEDeEF0f858a408A8190ee6058,ETH,0.101375,0.072028
0x3f8e6d6A08e70A997442c02Ed8c68C4455E9dEe6,USDC,38.910000,38.437632
0x3f92661ad343c8f5e3bcb672a26B8CB587A27f86,USDC,45.000029,0.000000
0x3fA09F1c3c8b422Fb2d0a548d242f9B91E44bdd4,USDC,20.000000,20.000000
0x3fDbd024aBe24b5450405F87f9Dc37b618f1cA8F,USDC,39.969100,0.000000
0x3faF059430d4Fe60051A130B1f57D6DDF4B46D40,USDC,695.507361,686.151530
0x3faa143Fd29176e871b7bad352186a6798aB39FB,USDC,37.610000,0.000000
0x3fee3C14635eB70A9976330a80032ad99f6198AA,USDC,41.000000,44.131437
0x3ffae53373Fb998B5bA444F12746C6dD9b1b1341,USDC,280.000000,267.448852
0x400446020c95545EF2a6762f0EE42De0a7815904,USDC,29.920000,22.062495
0x40130D4df7BF20BF56D93591034D1EBdA1177EfF,USDC,38.000000,40.420607
0x402013C2019e62D0b5ecA2B399186dE4f6FB9A4c,USDC,40.091245,0.000000
0x4031D62D2f6932e09eEcEC0a85c3c7247aA99a62,USDC,909.900000,679.929158
0x40326dBE11Ecc2Ae4136b77137Aa25c90cA4B0A5,USDC,39.500000,41.656138
0x403A9A6AcD0992C63863706ECeb1FD59eCEAE281,USDC,200.000000,189.158651
0x40400e85FDDf35ca6A9408650c6bF42F0508Ea9E,MAG7.SSI,0.000000,16.932600
0x40400e85FDDf35ca6A9408650c6bF42F0508Ea9E,USDC,156.997212,152.442819
0x40469Ea3F1bCB13dCf3BA09b8c9C9E3F1bC4639d,USDC,1982.000000,1981.404000
0x4047B82FE8f4a1C8506D570De7a770df09B90Ea0,USDC,72.290000,72.081941
0x4047B82FE8f4a1C8506D570De7a770df09B90Ea0,USDT,16.900100,16.900100
0x405040e43Aa985472A7b209e7571ed65493FEd6B,USDC,20.000000,20.000000
0x405177413b9EBb5299Dcf48462ACF966Dfb2BD16,USDC,20.000000,20.000000
0x40528926203C52F3cF6bA7747aBc58D6157F2aD4,ETH,0.007000,0.007000
0x40528926203C52F3cF6bA7747aBc58D6157F2aD4,USDC,32.959525,16.586215
0x4057169406eE15947e465ffb51459C57dd7EaB1B,SMAG7.SSI,30.302400,0.000000
0x4057169406eE15947e465ffb51459C57dd7EaB1B,USDC,23.000000,0.000000
0x405cB10ca45e2383D880872517e73dF8f45f4313,BNB,0.025000,0.025000
0x406182Ab18158fcb8041C34FD7000bEa90C4612B,MAG7.SSI,15.009100,14.994000
0x4064767B13E91ad55B3d09209a3Dbd8F340ac38B,USDC,49.800000,0.000000
0x4069Fb0bEaF93BAf7330A316F533905d7eD786f7,ETH,0.003220,0.003220
0x4069Fb0bEaF93BAf7330A316F533905d7eD786f7,USDC,5.807886,0.000000
0x406E0c39adCbBc968707CD5f57e16f1b75fC9F77,BNB,0.050000,0.050000
0x4082A7862Ed6EBC716dB05DCD220538773E8F0b4,MAG7.SSI,15.031600,0.000000
0x408570441054B712a9F8b4c96101915C75e3f044,USDC,912.765962,466.503735
0x4086315d08198AA0Ed022002EeCbBF7EC56a8C32,MAG7.SSI,0.000000,15.187303
0x4086315d08198AA0Ed022002EeCbBF7EC56a8C32,USDC,26.211116,53.422935
0x4086603D17041333FE22e210dA472251c389e0c2,USDC,41.800000,0.000000
0x40874fce5AbdD3eB32B4AA35762766442e598cDA,ETH,0.004000,0.003891
0x4089674731455DC57ddC2c714648b72D8FefAb27,ETH,0.019687,0.000000
0x408B4e6AB8bCCB95F4DB6755c485aeA159aB9BE9,MAG7.SSI,0.000000,80.778800
0x408B4e6AB8bCCB95F4DB6755c485aeA159aB9BE9,SMAG7.SSI,124.840900,0.000000
0x408B4e6AB8bCCB95F4DB6755c485aeA159aB9BE9,USDC,0.000000,29.362781
0x408bC6cD13aa9D74444A87323B15A2C4532BC561,ETH,0.007500,0.007500
0x408bC6cD13aa9D74444A87323B15A2C4532BC561,USDC,181.277271,195.859006
0x40919AC4B355c40007F6B20f8C4479B0047D29E1,BNB,0.000000,0.012995
0x40919AC4B355c40007F6B20f8C4479B0047D29E1,USDC,196.931688,0.000000
0x409504f2C4e9a7f0157F72971eEbB70526ED9578,USDC,104.860000,90.825705
0x409581B22dfDCD89E02Ec0D6EB50211976ED7DFa,SMAG7.SSI,4451.913700,0.000000
0x409581B22dfDCD89E02Ec0D6EB50211976ED7DFa,USDC,0.000000,5914.494980
0x409581B22dfDCD89E02Ec0D6EB50211976ED7DFa,USSI,3241.722804,0.000000
0x409A5b65790882EABBae5aB32b4D8468C9d85784,USDC,15.500000,0.000000
0x409C0d8E2156f2AEc4e3F42680Ffd515d58B067a,USDC,20.000000,0.000000
0x409c09646eCc3f106d882065C1ECEEfC7d31dAf1,USDC,76.398428,75.748221
0x409f7D5f3eeDE35A32518d76C1D9eF67152B10E6,USDC,35.000000,0.000000
0x40A2CafeC02538C779f2AaDe2df7Cba547AE0C4d,USDC,41.930000,0.000000
0x40A87c97D5cb60f709c2aC57F041B74c8D8D57bE,BNB,0.025000,0.025000
0x40C1c78C2A58a5943f544d02ABBc958104d4643F,MAG7.SSI,118.806920,0.000000
0x40C1c78C2A58a5943f544d02ABBc958104d4643F,USDC,18.500000,21.088698
0x40D626f261d321249E6137850200d1A78C7DaE8d,USDC,15.300000,0.000000
0x40E4b3d6C7185069cd743A70BcF25298019C8c31,USDC,15.004900,0.000000
0x40E5D8F5B9D10260a90275fd20fA225B06813961,USDC,16.000000,0.000000
0x40E738f6c72612087E155F19b8ba497469EEfDae,USDC,61.252740,51.414481
0x40F7FA1C86cb9065cEB241d48AdF20441ED0D695,USDC,15.735567,15.735567
0x40FcbF65FD74F534dF32db24Cee63e81B33034bC,USDC,41.500000,0.000000
0x40aA7961B651875AC23897A04EF536F912e7d6BD,USDC,26.797595,26.591484
0x40aF20a5eABb9F49ef88fE7275ECee012c155178,USDC,818.360303,812.784962
0x40ab34Ff2DA991C8D15981E846D8166200866d63,USDC,15.000000,15.042439
0x40bE047031a9EE9cC1F5318751c48Dac0550E81b,USDC,15.500000,15.885520
0x40c9f35D79FD0e7548303201bc433ff49977BD18,USDC,39.000000,39.065477
0x4102B4bFdFb5ba5c39b80C86e7AdADb14448D821,USDC,15.019000,0.000000
0x4106161Ff48834CaD95E27F4aB86C5e78ef8c82A,USDC,15.004300,0.000000
0x410644780C283629D305E767f84606859c8f6CfE,USDC,15.013478,12.298026
0x410c1ec5f7E5439221e9d148238c95B4C45B926C,USDC,1034.881989,1023.061209
0x41151c69c2019B762540f4723fE9c238006C7946,USDC,6.000000,6.000000
0x4135b32C2fb7499cFA0C349339847784B163C5Cb,USDC,101.995359,227.079953
0x4147FEaCc56d052C365FfAddd65ffEbEE0D76f81,USDC,15.105007,0.000000
0x41514E4E598948eDAfF2432B1D3810f2d1058165,MAG7.SSI,110.374634,0.000000
0x41514E4E598948eDAfF2432B1D3810f2d1058165,USDC,545.500000,471.560500
0x4156E8B8196c5dD91C59851e564328EB5b4142B1,MAG7.SSI,0.000000,76.732295
0x4156E8B8196c5dD91C59851e564328EB5b4142B1,USDC,40.000000,0.000000
0x4157A3C2b1F7FaDa5BCbaDE164A52f2ED9B8fC4B,USDC,50.000000,42.024958
0x415DE7b76aDDcC3Ad10a838Ef156319BF46DB1DB,USDC,129.850029,0.000000
0x416105e5C51e0ad9dbf0478B60eDf5C3E36b311C,MAG7.SSI,15.119700,0.000000
0x416126dAD5bF4f399Ce2EbeD994A4ca8C470c68D,MAG7.SSI,28.856758,28.804158
0x41622c7986A1cD3279980F497b14058ce875422F,USDC,16.000000,0.000000
0x416b4145449B08A13f6d99B218FeB8bc3FB1e03f,ETH,0.010000,0.000000
0x417028721D4DA641377f91635754e36206695F45,USDC,15.100000,0.000000
0x4171aF0CF349954128BAcBE91CffA6113c05d286,USDC,58.539086,30.422270
0x41728AA72BE7770791e31a9fe8ecDf529C709E8d,USDC,249.800000,191.075742
0x4173C746a7F95BdC8A7E108F9C0528E35cf36fEA,MAG7.SSI,77.060000,76.982600
0x4183607936281B03c6e27c83340658Bb73199d33,USDC,40.284413,0.000000
0x41880D0C420a32fB9Ca1d87b86D22fE842821688,MAG7.SSI,0.000000,15.967900
0x41880D0C420a32fB9Ca1d87b86D22fE842821688,USDC,15.797856,7.395282
0x418a884057D1163C3F68DE4519b6a894B8EeA642,USDC,38.036833,38.345144
0x4199125762B8fD8F2368403e28b6414ccB54B25f,SOSO,10.000000,0.000000
0x4199125762B8fD8F2368403e28b6414ccB54B25f,USDC,10.000000,0.000000
0x41999DDd39f2B4B6cec3a91C9BF4F635136BB93b,USDC,15.881162,0.000000
0x41Ab95C12f3b8b889e1c5fBB1D699727630679cE,USDC,15.023100,0.000000
0x41B67F416AFfeB753EC4921a2a28Ff1d1BB3A6e8,MAG7.SSI,0.000000,15.007139
0x41B67F416AFfeB753EC4921a2a28Ff1d1BB3A6e8,USDC,67.257319,60.157329
0x41B9CeC32Ef06160428Ab7806a75A5A746F0aeBe,SMAG7.SSI,124.505200,0.000000
0x41D6CeC49C8444D3469C5BB06883Ca3E19905a37,MAG7.SSI,0.000000,77.701410
0x41D6CeC49C8444D3469C5BB06883Ca3E19905a37,USDC,37.880000,0.000000
0x41DD67ADd8616CaA9c940c9b3E9A03bF3e6D38E1,USDC,15.022300,0.000000
0x41Ed3fd888601EbCE021d98D1100E8c7f10c1224,USDC,5.147713,17.745588
0x41Ed6d9482cA42Ed194dC3fE5Bfd4075C76a8368,SMAG7.SSI,333.821400,0.000000
0x41F197a3d3ED0b260a313F63321A863600e33Ee3,USDC,45.000029,0.000000
0x41F897b2927F209D74dFA5dA985e8fc20443F06B,USDC,15.012300,0.000000
0x41aFeA5f6D70a05002BbF7a2274872747bCF2871,USDC,975.165354,964.001978
0x41b78C7FE8F3dA3495314A9e7Bf8Cf2f932fBCb3,USDC,15.011800,0.000000
0x41bEDA5E53b607738c85508aF2d42dFcCd815614,USDC,40.697947,39.653937
0x41c7030e13d664B96b05461D8D7D508218246299,USDC,1747.771321,0.000000
0x42013ff89956A9eCf48e3704d40e3137d6aE1992,USDC,15.300000,7.469765
0x4212c0DC848DB5Fb6919403F71c04EF96edde8d6,USDC,39.500000,40.863902
0x42162a077E5787C31752A73f76A32375aa3e32F4,USDC,77.412049,76.428319
0x421aCd89fD235b4CacEf456584a252Af8beB2E4e,MAG7.SSI,0.000000,15.268948
0x421aCd89fD235b4CacEf456584a252Af8beB2E4e,USDC,50.973665,43.165783
0x42278Ebd7CDb6E130Ee79011D13B805856b6DeEE,USDC,35.000000,34.043357
0x42307C073925264Eaca6b276db6e88E155d9f803,USDC,126.850014,0.000000
0x42333A2d0080cB7cf7831CcD799825a2024B710A,ETH,0.012000,0.011883
0x423850B13d3D8e4ccab1BFbB7A89619A05FB1313,USDC,15.000000,0.000000
0x423AeF437a9964E59E1C5111FCe7cc41740520fD,USDC,15.020000,0.000000
0x4242c91C1dD95d7b60B97A876D65cF92d691427d,MAG7.SSI,40.273179,0.000000
0x4242c91C1dD95d7b60B97A876D65cF92d691427d,SMAG7.SSI,41.630700,0.000000
0x42440472730d32b92067Ae9B4df0ac3B7CBBA06f,USDC,101.934257,101.308921
0x424B03EF266846a604cC6a6525fd114e20Bb6be7,SMAG7.SSI,5.000000,0.000000
0x4252968C750a467Baeea62B54F5eE9a44dBFA620,SMAG7.SSI,168.840200,0.000000
0x4252968C750a467Baeea62B54F5eE9a44dBFA620,USDC,155.000000,142.540087
0x425DF118975af86feA2a8451f4FF61c3E703F55d,USDC,5470.000000,0.000000
0x425f880FAFDF1e7DA0641183b453392Ed8789f3F,MAG7.SSI,29.579166,29.567166
0x4260c9bd8A31e025e5eca8E359Cc586Bbe73F3e0,USDC,924.561760,914.123318
0x426Ab8A8d390dAdC082B096553Fc2557526D88e9,USDC,37.503216,30.063342
0x4278719DC996D87E4AD6f5B7339A420720566d4B,SMAG7.SSI,12.247900,0.000000
0x4278719DC996D87E4AD6f5B7339A420720566d4B,USDC,266.500000,245.000000
0x42789c5Ef4Cf238F84E64d80e70E70e0e1b639f7,USDC,418.545659,406.350498
0x4284B0Bb1584f663E59735A4f4105390B3b3CD96,USDC,37.686000,41.209373
0x4288812E31ac947E9804d218a024373C5D780a16,USDC,117.900000,0.000000
0x428bB521b80B5d6DdC7DBAD9D6BECd360E84Bb00,USDC,16.000000,0.000000
0x42907fAF2329ecAD7CB7f4B80BC15d7ca5c1702d,USDC,15.130000,0.000000
0x4294cc0f1da081C20613f8e96E54415e45B36AEc,MAG7.SSI,0.000000,102.212015
0x4294cc0f1da081C20613f8e96E54415e45B36AEc,USDC,51.000000,0.000000
0x42964a46e9C65771A7C619aDFD1505Ed0E1621a1,MAG7.SSI,75.521400,75.445100
0x42981194007f33b0A1D547159705d7017cA30E94,USDC,15.001600,0.000000
0x42997C6A0fBa2ee00f287Dcf48E9D61ce40873D8,USDC,1058.720835,990.000000
0x429B390CF063AFCc51c0828eE2d5A94A5133464f,USDC,39.800000,38.564000
0x429B41C9dc070F01E2C63cCA884a448DF6C99d2B,ETH,0.002500,0.000000
0x429B41C9dc070F01E2C63cCA884a448DF6C99d2B,MAG7.SSI,11.484200,11.984200
0x429B41C9dc070F01E2C63cCA884a448DF6C99d2B,SMAG7.SSI,12.000000,0.000000
0x429B41C9dc070F01E2C63cCA884a448DF6C99d2B,USDC,223.534561,0.000000
0x42A2EE14DA4F9383b504C569750C4940Ca8955FE,USDC,15.027500,0.000000
0x42A47abdB965583A52c83E29f73625733df30C3F,USDC,104.200000,97.976430
0x42C5799a74590F426b6b69B21A78b7021070ec6D,USDC,43.700000,39.415787
0x42DA1f90cB03AC0E6ADB30E4a84fA5Fb7397ACc5,SMAG7.SSI,347.320700,0.000000
0x42DA1f90cB03AC0E6ADB30E4a84fA5Fb7397ACc5,SSOSO,449.482300,0.000000
0x42DA1f90cB03AC0E6ADB30E4a84fA5Fb7397ACc5,USDC,30.000000,0.000000
0x42E276fe63cf47271012E13d31CcaE061453811f,USDC,38.000000,38.743869
0x42a77Dc1E3B529B2845eB240AeB3B1FD5C5fAf6D,USDC,250.000000,0.000000
0x42b980A66335182F61E558baDF9f5b7604b9f260,USDC,15.021700,0.000000
0x42c3BBE4ceFB9F422b463d96A4eCe553fd6528b7,MAG7.SSI,0.000000,7.035100
0x42c3BBE4ceFB9F422b463d96A4eCe553fd6528b7,SMAG7.SSI,7.072500,0.000000
0x42cfB41DD7F2BfDAd2EF91477605A8C9Bef05407,USDC,15.230000,0.000000
0x42d19E4F26b5a420bAF9fAdFDD71ff150A9EC843,USDC,39.912497,41.045051
0x42d4254DC44da15821BEafeE4EfE66d970E53572,USDC,29.972623,21.056066
0x42f844488350C68d2c190aAD98AF25D35778304B,MAG7.SSI,75.000000,0.000000
0x42f844488350C68d2c190aAD98AF25D35778304B,USDC,887.198163,870.906557
0x43053b238526667F34b3eeBBe00ffB179a564c74,MAG7.SSI,0.000000,79.910067
0x43053b238526667F34b3eeBBe00ffB179a564c74,USDC,46.452658,11.341212
0x430C1566DE876265F4cDab443CBF5e6286b5F643,USDC,37.000000,42.271770
0x430d5D605dFfb8E0f55c4f747BfCF8f2bCe3CC44,USDC,15.001500,0.000000
0x43195695DcBec10f33f05A2DD681d1ed306Edc1A,SMAG7.SSI,5.921300,0.000000
0x431da6e24f4A67640AB6Cf819A163f8A2177b2Ea,USDC,39.500000,41.753820
0x4321C66fa730e7fCD519542E41108d355c12d3b3,MAG7.SSI,15.039000,0.000000
0x4321a5976A181480b604E280F64b1B98213551E7,USDC,180.000000,0.000000
0x43273B19f6d2b63a5e99b59fBd20Bce9bfA05e39,MAG7.SSI,76.000000,75.920000
0x4345073a54fa6291F0a0d7F5e5876047E0269bFb,USDC,37.114000,40.612259
0x43459cd6DE42417164614039105BF2bf45F8919d,MAG7.SSI,0.000000,1640.960600
0x43459cd6DE42417164614039105BF2bf45F8919d,SMAG7.SSI,1645.291200,0.000000
0x43459cd6DE42417164614039105BF2bf45F8919d,USDC,16.000000,0.000000
0x435a352a942879A6e8d4670eCB13355E79e6A8eB,MAG7.SSI,77.110644,77.032044
0x4364aCecfd603e0BD9aA08e4d7A6e150EeF8A7C7,BNB,0.000000,0.004996
0x4364aCecfd603e0BD9aA08e4d7A6e150EeF8A7C7,USDC,5.000000,0.000000
0x4368632E6BDFaF6dA58EaE78414a24E58d352dE3,USDC,15.026500,0.000000
0x436ECA3e33b65658c951820692A1b4b248E5F892,USDC,292.404550,226.185224
0x4375d0f12B4ab2d59D10F3d2942Cd0a30dd665e7,SMAG7.SSI,5437.901700,0.000000
0x437E6c02bEFA7F331679cA247990e768283FC93E,ETH,0.010050,0.000000
0x437E6c02bEFA7F331679cA247990e768283FC93E,USDC,177.000000,162.618184
0x4386D285E11Fdf9450cCA775aeC85962Eb9Ca329,USDC,44.635573,40.387071
0x4390162fae835cA182d7EC19d3E65f1D9a4b1e6E,MAG7.SSI,0.000000,76.881998
0x4390162fae835cA182d7EC19d3E65f1D9a4b1e6E,USDC,40.000000,0.000000
0x439269179Fea4acCb44Ff972fEae274c92552baE,USDC,40.000000,42.262748
0x439AFd79f0C73E2afd4dF13853f1e8449da25713,USDC,38.000000,42.549842
0x439c1D580e4e62a5A19829BCb5d2e6649899d8B5,USDC,15.024500,0.000000
0x439e2fB827b6c5aF4a496d348D82B85A38b855a0,USDC,37.238000,40.765058
0x43A09FEB415A58281fd3a1E0B12A57b7390f30C8,USDC,39.159100,0.000000
0x43Cf6886C50F6795e404A9B498dd7d2DB5081039,USDC,39.000000,41.238669
0x43D0eeFfF12428372684A57aCbC06c550b392296,USDC,15.500000,7.987547
0x43D41664747863a6adE3819a097f358d2cD6C706,USDC,15.019700,0.000000
0x43D491940bC6cc998642f0BA35bdAb8ea439DB5c,USDC,1979.000000,1986.344295
0x43D817EA8cB6E12535376b661ac3a5627D9b01e9,USDC,16.681595,0.000000
0x43D9f681cE65266A84259e0c21d698c116D3E00f,USDC,41.000000,43.103980
0x43FFFd2D3dC633101DB856fACb430BACA0371282,USDC,38.000000,40.584359
0x43Fc599A7E119988280a2BFa25B94204b549780E,USDC,15.100000,15.100000
0x43a06CbaB46c3B4F50134298b2b24447582B7ddc,MAG7.SSI,15.064800,19.676808
0x43a08848605Add0c8CdfA2eC88CdBD25B355F7B6,USDC,15.010700,0.000000
0x43a7BF49c1dA48c12424ccde98b52a174A9E1860,USDC,400.000000,0.000000
0x43aB96a544CC914fcBE54ccfA82A4A41dcd662B3,USDC,245.050000,0.000000
0x43b0b4426Ef33F0Af2D1f9A33eBC4f84e8186A08,USDC,39.000000,41.200026
0x43b541A8d180C9c3727504613Db9742CB68bFd07,ETH,0.003500,0.000000
0x43b9b93Bc0ed778FC628ed2e41960d0bC02b7B77,MAG7.SSI,30.000000,29.982900
0x43baE5F3142752fA9Be4af0B38696250fC9e46A8,MAG7.SSI,29.528849,29.511749
0x43bc7DEfb8d2ED6126e5C83424451b13277C3605,SOL,0.297957,0.475637
0x43bc7DEfb8d2ED6126e5C83424451b13277C3605,SOSO,75.150000,0.000000
0x43bc7DEfb8d2ED6126e5C83424451b13277C3605,TON,0.000000,37.216969
0x43bc7DEfb8d2ED6126e5C83424451b13277C3605,USDC,6.667456,11.667156
0x43bc7DEfb8d2ED6126e5C83424451b13277C3605,XLM,0.000000,25.983100
0x43d4c71eb9a944fFD4B77b6C13B2fCACD758970e,USDC,37.000000,38.998769
0x43e41588865187E37135CD624de0a3eD955E5e8a,USDC,178.249383,24.755804
0x43e5fCc69C6f0874bFAa3A8D8063Bf2121D98271,USDC,300.000000,290.177186
0x43f94B2b81fa25D4a352Cdf013a33A192C57daD9,ETH,0.004200,0.000000
0x43f94B2b81fa25D4a352Cdf013a33A192C57daD9,USDC,58.289835,0.000000
0x43fa481F1dC7D434c4A0B116df5097cFEf8afeCC,MAG7.SSI,77.256300,77.170000
0x440CdAfB85b6635678933fcCF6DfCD3D23552f17,USDC,15.012300,0.000000
0x440d35cB4D3BdC4C42C6533F937E81dac91EF3d1,BNB,0.025000,0.025000
0x440dc485D451D419DddABc443b902a741E3eF1aA,USDC,39.950100,0.000000
0x4417AE76747628cfB8CFb190E1eb3865122099F2,USDC,300.000000,291.283583
0x4419057675b607F9B90ba7c90911D084B7C558CB,USDC,15.008000,0.000000
0x441d982C12DBe9b62F9827727cEe8820E8B76650,USDC,15.017700,0.000000
0x4426ed96e2A7777238350Cc57E218054B34087fa,SMAG7.SSI,7.910000,0.000000
0x4426ed96e2A7777238350Cc57E218054B34087fa,USDC,18.269677,53.144572
0x442EF15bF8c5E61a957953C2a0a8662c145394eF,USDC,104.200000,98.039531
0x4434bfdBEAfdA6ccA06E4195113266f227feaa10,USDC,40.998825,42.530899
0x4437Bb345652d83c3752FE49C17070D4cc4DCc84,USDC,19.615764,18.631714
0x44524A00186067c06f025cF907F2090a9909cf75,USDC,47.399949,49.519115
0x445590E8954e1a3BAe500c900154b0b107d5E491,USDC,49.800000,0.000000
0x44599f4CDc3b28Fb66359E019C15677B239791BD,USDC,7.960000,0.000000
0x445B95233dB27C050d0bA968c3F6D3eAAFCEa1F6,USDC,1049.385028,1126.701980
0x445C81da8bB09A78c90bf72C76c806C57cB608dC,USDC,15.013400,0.000000
0x445E1c6b7EDdd422A86F4C48181Ddd799B64D92a,SMAG7.SSI,786.997800,0.000000
0x44638E21097F51f9C1da1ce4b7727e1c1f6B806f,USDC,45.000000,43.583135
0x446A95BacC7C58b0EB8842b25677B70EbB081441,BNB,0.025000,0.025000
0x447648a84a392876a458deAE2d1A4E846Ad3Ea2B,MAG7.SSI,5.200000,0.000000
0x4484120782046b69eA475806F1356C917390F660,USDC,15.008800,0.000000
0x44884c1920A025fa1833737854733F7D9EaaD0EA,USDC,54.642246,54.642246
0x44899f923da194b5d91D7Fb0d2654A84617Cd60C,SMAG7.SSI,118.822800,0.000000
0x44899f923da194b5d91D7Fb0d2654A84617Cd60C,USDC,51.000000,0.000000
0x4490bb5560b2f4dce77c83ee766B6529a4A099Eb,USDC,49.800000,0.000000
0x449147Ac0D9eD3A95276A2093401f28910b30744,USDC,510.324800,416.984640
0x44960549935eD074d018d1e77306EC1D4e441094,MAG7.SSI,75.636700,75.561000
0x449606eA3343533351c55Eb96CB814Eb07a51b8E,SMAG7.SSI,2000.463400,0.000000
0x44969E5d10c7F4bBA44D57452C6AE3ac976CC5C9,USDC,39.156100,0.000000
0x44A7d60a521Be1f5871d36CA6c3a21fD7aBef671,MAG7.SSI,0.000000,42.491407
0x44A7d60a521Be1f5871d36CA6c3a21fD7aBef671,USDC,194.642761,227.219796
0x44AE3B3675b9345F2482e7aCE1E05F55CA4dBbec,USDC,15.000000,15.348159
0x44C1D446b22e1fDE6C6cce38B1A8Cfcf02D5B4ED,USDC,16.000000,0.000000
0x44C7963c6Ad6e183215366943d1d60717fD60eC7,USDC,40.000000,38.566731
0x44CDC6d2Dc2b3dE9E458D6f3Dcd5ABb4a499b8af,USDC,621.865766,613.612649
0x44F84B2978c096A7b4aC673a1C2c3B4128376211,USDC,107.809038,103.884745
0x44F9437241457720d49566f63654A73653Ae4f51,USDC,19.950235,19.950235
0x44b116e6093eaa65386E23179D359cB3AE7Ccf61,ETH,0.006500,0.006500
0x44b116e6093eaa65386E23179D359cB3AE7Ccf61,USDC,311.440908,157.547642
0x44cCB4dd0FdaA8b34bf55626F16909b40Af0C841,MAG7.SSI,15.000000,0.000000
0x44d83Cc035a304300F5D93a7F42B261a09989981,USDC,29.041711,0.000000
0x44d83Cc035a304300F5D93a7F42B261a09989981,USDT,11.000000,0.000000
0x44dde53592CcB3218e623AD16237A0e3234ee033,USDC,37.954000,41.428680
0x44f6DA372c0F2D0bEb3C2a62ee5B0458fEA41bDA,USDC,86.738636,89.547634
0x44fd640b731FBFAbF794b6BE9eD67D0486011b55,MAG7.SSI,30.841240,30.841240
0x450C4e566871A7eE86e35306a1ADb131111869D0,USDC,168.512863,181.265710
0x450C71e4D32d54Bb44FC7571e95f7CFd8f67437D,USDC,97.111166,480.233707
0x451071e53040a03BfDe58f8385aaC5DE58E865CE,USDC,39.700000,39.110000
0x451146AB4399F0b0793aF8233Dd0f159C47Ae933,USDC,529.977636,69.313576
0x45161e68b13467B11518FB8c87eb3F40b1E443B6,ETH,0.003400,0.000000
0x45161e68b13467B11518FB8c87eb3F40b1E443B6,USDC,21.088768,0.000000
0x45161e68b13467B11518FB8c87eb3F40b1E443B6,USDT,15.679099,0.000000
0x451dc33EeE3c4d4Bef34545DA97B8E0369991312,USDC,15.087333,0.000000
0x4521Aea3255decF40cd5D2287dc02400450bE0e5,USDC,15.000000,15.085802
0x452d11F0e6c521a0A3d6EA106880c85C90EEbd18,USDC,75.863395,75.202420
0x4532f4CE891A625EF26ea6bc34CE2B56294242bd,BNB,0.014000,0.000000
0x4532f4CE891A625EF26ea6bc34CE2B56294242bd,MAG7.SSI,91.350201,0.000000
0x4532f4CE891A625EF26ea6bc34CE2B56294242bd,USDC,0.000000,43.769401
0x453aeE9980bD96B672A682f8bA4bd4B331e3b4d9,MAG7.SSI,37.442265,37.442265
0x453fD5884CFd04b16188B158bBab3D36aAA63719,USDC,0.000000,12.427055
0x453fD5884CFd04b16188B158bBab3D36aAA63719,USDT,15.073317,0.000000
0x454D614e00ce3ED31439C50c426696DdE6Be93fC,USDC,41.570000,0.000000
0x4559681cb0062ee7850d90e2e5D474CD9eb69AbD,SMAG7.SSI,113.140500,0.000000
0x455D94D6d5f40a0A765b84994d40a9B3630cE3FF,SMAG7.SSI,314.728800,315.228877
0x455D94D6d5f40a0A765b84994d40a9B3630cE3FF,SOSO,99.400000,0.000000
0x455D94D6d5f40a0A765b84994d40a9B3630cE3FF,USDC,399.300000,0.000000
0x455F553d9486e7f0106725E6Cbe6F95c5feE4287,USDC,173.189446,54.254053
0x455cD28604B99100d3c89263567984e594e8c88F,USDC,54.365979,55.688809
0x455fD66A9C655507FB3A96B9518Ee1f97CFe3C93,USDC,39.000000,41.631995
0x456081C9c070c43a80916406731CaF23bCab8b35,MAG7.SSI,0.000000,15.084978
0x456081C9c070c43a80916406731CaF23bCab8b35,USDC,7.800000,0.000000
0x45683Af0A30876fbDed60d8d02EB0309725B496E,USDC,38.000000,42.569247
0x456C9c70aC8De2C046a0E803e3AF97875a75E536,ETH,0.007300,0.000000
0x456C9c70aC8De2C046a0E803e3AF97875a75E536,USDC,0.000000,16.016668
0x4571A15233f7BA793cA9b4628369A3AD9b975d31,MAG7.SSI,48.052917,0.000000
0x457b14C87d713D43A380A2bDb6AbC906A4b33D5d,USDC,37.000000,38.709022
0x458769C45220153BDC3d6fcAC52d374eDc8e1256,MAG7.SSI,76.000000,75.923900
0x458943B53A6E587CdAa7Cd1CF2A6D7F5a03E3a39,USDC,200.000000,0.000000
0x459733EfE12D656d0192B663cd97F10063BE7A17,SMAG7.SSI,549.906900,0.000000
0x459733EfE12D656d0192B663cd97F10063BE7A17,USDC,0.000000,357.253501
0x459FeA28E89E7b6Dcc005f08EB13089A3edd1C94,MAG7.SSI,43562.926308,43563.926300
0x459FeA28E89E7b6Dcc005f08EB13089A3edd1C94,SMAG7.SSI,30016.589000,0.000000
0x459FeA28E89E7b6Dcc005f08EB13089A3edd1C94,USDC,10018.970363,22306.509296
0x459d4E9dc4fE154B55b43EC30060480ecE37b7D7,USDC,15.100000,15.723682
0x459f97d8A517a2f705caa7f5375aCF2b3B0279A4,USDC,34.114934,0.000000
0x45C9C8CFa98E2E1bE174400Abd5d95703781162B,ETH,0.002000,0.000000
0x45C9C8CFa98E2E1bE174400Abd5d95703781162B,USDC,260.000000,0.000000
0x45Efc4bEcA5572FBCb2a452d680be34881308797,MAG7.SSI,0.000000,14.439885
0x45Efc4bEcA5572FBCb2a452d680be34881308797,SMAG7.SSI,14.339800,0.000000
0x45Efc4bEcA5572FBCb2a452d680be34881308797,USDC,19.815471,0.000000
0x45Ff759C40E02F263eF96fA233b8871Ba60d8261,USDC,2496.936953,2431.162322
0x45dA9aA2146f3A37668282448BD702029a870Ede,USDC,84.633600,45.248730
0x45df1b7681FD38A2ADFb6ead3b255FF9Ad058A9e,MAG7.SSI,15.104500,0.000000
0x45e5b40117776FB95110d662C463e3b07339FcE1,USDC,2404.312967,478.915395
0x45f238a3b0Adb6FD4DC6d38704c7048C926735B7,USDC,48.800000,0.000000
0x46065325FB9E239456337Df436C78eA56c78247b,USDC,15.004600,0.000000
0x460D4fe7c98a680e76b3Bc8C7D41782a01EEdc52,USDC,15.012300,0.000000
0x4612662B85b69326c5ef085De80Cb8A02527BDf1,ETH,0.003000,0.002895
0x4617e71383ac20Bf376e0822f31C754d39Fc5F61,USDC,15.050000,0.000000
0x46193F7235e41D17592e1a8BCCda016d276F3524,USDC,61.707956,86.067506
0x46261C3B76F2cedf05303b1209460c96dE52a656,MAG7.SSI,10.972173,10.958337
0x462A09c60E9fB3401e6a1f5BC343581dB21Ae975,USDC,104.300000,83.909624
0x462a47DFfc61f1b9e9240791dB81c4f4C27DfEe5,USDC,796.943329,786.863989
0x4632489c037b804358dbCa49F7Ed78cc53125384,USDC,96.394055,102.734312
0x463302F389FC95DDBf6FE9D8b234A5Db3034BA2E,MAG7.SSI,15.123300,0.000000
0x4638b4c3426e997939bB911F1eDcB7109f711080,MAG7.SSI,15.024400,0.000000
0x4641436cCEDA04C039A144EF648ba717A2939FDd,USDC,1033.271664,1025.102902
0x464329E5B5be404FF7cb9238729fd3c84935F460,SMAG7.SSI,3977.159400,1988.629700
0x464329E5B5be404FF7cb9238729fd3c84935F460,USDC,865.730003,287.210929
0x465141bEFe961D9e2Ea21B72629775D780d6901b,USDC,480.117200,411.000000
0x4652fF9FE5b2df371E6FdD2126Dad54d480aB583,MAG7.SSI,76.990000,76.912800
0x4655E78F5f97eF2ec905A3d772fB07F7278C1317,USDC,16.114930,0.000000
0x465F4945dA24319d35344766C709eC878bd4fBd2,USDC,20.000000,20.000000
0x465b968A6fDAd37f78A896A4685d9015a6C66c41,USDC,141.130985,139.912337
0x4666b3Bacb4F71224B00dF431f2508466D9fcceD,USDC,15.015600,0.000000
0x4667dF777f5B64f82837eaE53c5B458e439b256F,USDC,15.019000,0.000000
0x46707556a5acC8636d0f28514C184f4E5f2385bc,MAG7.SSI,15.149025,0.000000
0x467b56d71102416693b70DEfDD75BAB1FE439627,USDC,41.673000,0.000000
0x467e7f4Bf63110B941D197E2045a7CA7Fb39129C,ETH,0.004657,0.000000
0x467e7f4Bf63110B941D197E2045a7CA7Fb39129C,MAG7.SSI,1094.573000,0.000000
0x467e7f4Bf63110B941D197E2045a7CA7Fb39129C,SOSO,1700.000088,0.000000
0x467e7f4Bf63110B941D197E2045a7CA7Fb39129C,USDC,0.000000,1036.707446
0x467e83b35099D9847f51C9c94922A17b3ec1DB92,USDC,23.050039,20.186858
0x468a9916c1aeb6d939E2d494d67f209F62e9c571,USDC,15.126753,0.000000
0x46906c0059507b25D6348C8e663c90D9d552dc73,USDC,17.199939,18.119603
0x469775d137aDc2165eDD5Cf84b9f1e617cFD9D44,USDC,39.878000,41.719993
0x469C673955B2C5AEfb3a2Ca7F45C308b440FcEaF,USDC,39.158100,0.000000
0x469d0809ce92975c3cB064F43687bBEd3C8Bb36B,USDC,201.069209,187.744645
0x46A21E032d7222c1f5dabbb7e81DC6aAd6a3b16e,USDC,15.016100,0.000000
0x46A4a4BED9F3bd2096494c13693Ab6C2b172ce8e,ETH,0.063429,0.061854
0x46A6cC5Ce535a36fb6F4D48BCd857eF9a9a997cB,BNB,0.008075,0.008074
0x46A6cC5Ce535a36fb6F4D48BCd857eF9a9a997cB,ETH,0.057222,0.002298
0x46A6cC5Ce535a36fb6F4D48BCd857eF9a9a997cB,MAG7.SSI,113.914876,6.438976
0x46A6cC5Ce535a36fb6F4D48BCd857eF9a9a997cB,SMAG7.SSI,11.295500,128.399575
0x46A6cC5Ce535a36fb6F4D48BCd857eF9a9a997cB,SOSO,37.670173,0.000000
0x46A6cC5Ce535a36fb6F4D48BCd857eF9a9a997cB,USDC,22.373710,18.077990
0x46A6cC5Ce535a36fb6F4D48BCd857eF9a9a997cB,USDT,6.764110,0.000000
0x46Af3CFC8282304301Cc99526Fd038C054481263,USDC,99.900029,97.962659
0x46B878d2A4cED5518A7b33F1F91f3Dc12076236C,USDC,50.945801,53.857891
0x46B8A76819270740C273a8bd1A159AeB65302cb8,MAG7.SSI,77.158800,77.080300
0x46Bb2c59c387EB181a6f42b21Dd19b89A62e805A,BNB,0.013200,0.000000
0x46Bb2c59c387EB181a6f42b21Dd19b89A62e805A,USDC,0.000000,12.957123
0x46D35AF47448017E63BcD94cb1b23784402C3297,USDC,11.000000,0.000000
0x46D85942BcFbeDb746d084c371e8118135614E7b,USDC,40.102185,0.000000
0x46DD8aeb4D492502E871A01022f058CB2c6388AB,ETH,0.007691,0.000000
0x46DD8aeb4D492502E871A01022f058CB2c6388AB,MAG7.SSI,0.000000,33.149520
0x46Da9d750c2443DE1957c01C4C37363Ac28B3c4C,USDC,100.000000,0.000000
0x46Ed1eADA07D498d2FE8A2252c89E3bF3F95bFa1,ETH,0.055000,0.000000
0x46Ed1eADA07D498d2FE8A2252c89E3bF3F95bFa1,SMAG7.SSI,34.323000,0.000000
0x46Ed1eADA07D498d2FE8A2252c89E3bF3F95bFa1,USDC,1368.784184,295.571930
0x46bFbD7393e66f77014c33D53c7f2E456a35A6F2,USDC,39.000000,41.251228
0x46c718f05d986DB1eeE011A8eb0A435F6684a36e,USDC,192.755333,151.052702
0x46e584577718F0384004595Eb0b6305d40922d8b,SMAG7.SSI,68.119200,0.000000
0x46fa296137f1EB30CDd0BA45FC63bfB1F4989BF5,USDC,15.550000,0.000000
0x4702868A4aF2763Da579EDa480Cc0E7F310735F3,USDC,2761.149850,2828.500377
0x47028e502BF99aD74E45bADF35c7F10D816B3bC6,USDC,157.708842,153.083046
0x470598b34BaD3CCdfa82Ace8bBcb1976896c6Fb6,USDC,229.000000,226.495224
0x4708eE55B1a6b2dbd1D90A28009f4265aA241cF7,ETH,0.004500,0.004390
0x470B2Df6f1324f3F959565001112EF5482524FbA,USDC,15.012600,0.000000
0x470a7b100509D0bdb5627a8A4af9c3Df1c60145D,USDC,61.000000,43.457446
0x470f0a631032dfABc13f7F5549421Ad856D85a8b,USDC,9.627172,9.784575
0x471b9a239aCBDCfeD92B754ca76273e57AaE507D,USDC,62.009195,0.000000
0x47236b299984a7b089A3A0a84c59022e8e2D6a34,USDC,15.028700,0.000000
0x473D7a5A7fF4a1e667bDcF59B125Aa5FfD18e6a9,USDC,15.000000,0.000000
0x4746BBdaeDBF87B1017054B4A1F1AB51e242ABeD,USDC,35.000000,33.867336
0x474A44884f1F595d1Ad2AD7828776062E9635cD6,USDC,15.000000,0.000000
0x474EdDaFE22f281D122306b3244F6817B0a54Bb9,USDC,15.100000,14.728843
0x477873C7d39f450Db615a3B0f22127bB0042f11b,MAG7.SSI,15.028000,0.000000
0x47835bb14E7708B69a7cB3DB708ae6AeAafC1e7E,USDC,16.000000,0.000000
0x4786acCFA2dec5A21ae0dCcD94FdC7AdfA9ec070,MAG7.SSI,80.692950,0.000000
0x4786acCFA2dec5A21ae0dCcD94FdC7AdfA9ec070,USDC,15.100000,15.100000
0x478F2536ce2ad90344bbA2b011715235DAf7541c,USDC,50.000000,0.000000
0x478a3820e167f7BC47fFE992151ACDCaa85f725b,USDC,47.000000,39.128823
0x4792aAb453e8Ae7Ac7be9CAD4B48204986c475b3,USDC,1023.732406,937.880930
0x4792aAb453e8Ae7Ac7be9CAD4B48204986c475b3,USDT,316.721336,0.000000
0x479B22F852fDa2c088524Ab4e118F8F1B5bA01B1,USDC,39.000000,41.063288
0x479D498620587ECde3Ce6D5C3ADe9e9F5C0A0767,USDC,599.263854,588.153929
0x47A1Ad2831B6232DFC3cb0036669B360362C7688,USDC,15.000029,15.000029
0x47C7da6D089094B2d21564Aab96Be573AD907D9b,USDC,19.490000,21.489847
0x47DBA7AC1D5C721F45A60629Bc93805b1488468f,USDC,20.000000,0.000000
0x47De1902A818ba456410c5AFa39C8D8140791EBD,SMAG7.SSI,7.094900,0.000000
0x47F9dd81888297F3F7Bb296d6b71579204ab2796,USDC,930.199298,919.361544
0x47a2AD95aCA3621c1411d5F0FfE9dA57cD78D839,USDC,620.993986,611.349052
0x47c41926853E12C9CEcB4dAA635E471f2Cd5f969,MAG7.SSI,15.024900,19.417177
0x47cC846B7190E7474899465606465b135e4B109C,ETH,0.008034,0.000000
0x47cC846B7190E7474899465606465b135e4B109C,MAG7.SSI,0.000000,34.906976
0x4805d7eF64E83724A2353164e0E3545B34AAFF38,ETH,0.003773,0.003773
0x4805d7eF64E83724A2353164e0E3545B34AAFF38,MAG7.SSI,0.000000,30.199937
0x4805d7eF64E83724A2353164e0E3545B34AAFF38,USDC,15.557342,0.000000
0x4806F3548A2F6623eCeeeE01d883b81b0D8C32BD,USDC,37.950100,36.196992
0x481C6F74de0eaa05c816c50c94a87DA7e8b4193e,USDC,43.766200,0.000000
0x481E9758C0AFDB7eB2FeA64d02A1A3ebBf60425f,USDC,82.716437,40.854043
0x481c5612Bb35661d798f7f667d6EdfFb268a9177,SMAG7.SSI,42.960500,42.960500
0x481f18639cD8b506EF130bFD5F32ffD3b36cfA1E,SMAG7.SSI,36.000000,36.000000
0x483753878d32550aECF2093D3F16c28C8F6CF5A1,MAG7.SSI,251.924484,342.162795
0x483753878d32550aECF2093D3F16c28C8F6CF5A1,SMAG7.SSI,0.000000,5.370200
0x483753878d32550aECF2093D3F16c28C8F6CF5A1,USDC,80.689726,20.863263
0x483F7865f09CdE9De5F5A753aCa31c27B5139A23,ETH,0.008014,0.000000
0x483F7865f09CdE9De5F5A753aCa31c27B5139A23,USDC,20.000000,0.000000
0x484D46dE9642e33835FcEcAB9E26d8E0b4fAFF53,USDC,15.005300,0.000000
0x4850571da37c068a1989DBD04dA77636074f55c7,USDC,20.000000,0.000000
0x485F68ac46bDF6230B30A3A319e98252cDaD81e2,MAG7.SSI,15.038000,0.000000
0x485c02388Df2f15c0ea51D8d357bc06707a8e93a,USDC,15.021500,0.000000
0x48629db9a6fa3986b273e4240a9c74313216AA7B,USDC,44.000000,46.267996
0x4864E7B3e598223f480820686bD362cb3bD3F001,USDC,39.000000,0.000000
0x486783725FD2261a8D248b6a2E58c9696b50c90e,USDC,116.900000,0.000000
0x4869af8b35161356E5F08BBb855F52Da1c9c6Ef1,USDC,382.180448,384.674760
0x48704349C9bCd87D401942905118389F10f468aa,USDC,43.768200,0.000000
0x48735B25E2B7eD8B7Becc6c05c32571C3799d9Ba,MAG7.SSI,77.299800,77.222300
0x4878c3537AF2DEC620F4b98415F87545EDFcc5EB,USDC,37.950100,36.244478
0x4881ebA696722542aB8ad0787BcA18B902FB1C0c,USDC,15.010500,0.000000
0x488422456991bac2a3354155d961E558225817d6,USDC,16.000000,0.000000
0x48876B3F148a4DBa666ce68A04bC541a60498AfF,USDC,380.536509,25.000000
0x488A115C861eAa3eAcc73Ab45D815586Fdf98bB3,USDC,106.148065,105.576325
0x488cCFD116ab8298b9d651a419A30617F4917465,SMAG7.SSI,24.000000,0.000000
0x488cCFD116ab8298b9d651a419A30617F4917465,USDC,147.834763,159.155395
0x4899c161BF167bd234e55CEF0810e38386E546BA,SMAG7.SSI,99.317800,0.000000
0x4899c161BF167bd234e55CEF0810e38386E546BA,USDC,55.720455,0.000000
0x489AE0AbAF44609f3a31a1dcedb78b29F961DaE2,USDC,15.000000,15.241238
0x48AcfAEF20dDa799ea1a7094E6385086372A362A,USDC,15.022300,0.000000
0x48Ad6302DAC32c58BB59a888D50b88569479e736,USDC,16.000000,0.000000
0x48bD340459543fE3d5e0161a9b48bEE6dF37eb82,MAG7.SSI,0.000000,308.000000
0x48bD340459543fE3d5e0161a9b48bEE6dF37eb82,USDC,153.000000,0.000000
0x48d80Fce00230657520F8C0686A53C63a95EB7Fa,USDC,42.166762,12.657468
0x48d80Fce00230657520F8C0686A53C63a95EB7Fa,XRP,0.000000,2.695280
0x48e141EDf85bA339AfC6D85F48E83C026A1B44e3,MAG7.SSI,188.646332,189.886332
0x48e27F2F3321536c8AaF78C18e8D16e47944f32f,USDC,16.000000,0.000000
0x491104C2CcE466A0C02c10029C7b7D61D60351Ba,USDC,44.110000,44.781064
0x4911dd5584d9080C1aCc09332eDDa97A6a40e6FA,USDC,0.000000,80.185110
0x491Bbb0Da9D9149E853775eD167b6350bFB6Dce0,USDC,497.248500,405.982720
0x491d89625535F88b57A34B5673B0F42A84854C5c,USDC,54.452641,7.332210
0x492304B35E839278dBaC40428BC5b0f456C85804,USDC,39.200000,0.000000
0x4924729503DC99b140700c1E490a2411F70ebAf5,USDC,37.000000,42.406818
0x4927000a7C935dBef83af4b50a66ca6404C1958b,USDC,10.000000,61.752517
0x492A130C76050FB364C1Cfc14bD78cBf9B4e6C5a,MAG7.SSI,2213.601279,0.000000
0x492A130C76050FB364C1Cfc14bD78cBf9B4e6C5a,SMAG7.SSI,127499.814500,0.000000
0x492A130C76050FB364C1Cfc14bD78cBf9B4e6C5a,SSOSO,10376.570700,0.000000
0x492A130C76050FB364C1Cfc14bD78cBf9B4e6C5a,USDC,236900.000000,4931.000000
0x492d9fd85c16afF0B06eaA92bEe4174BE708e5c7,USDC,1544.938609,0.000000
0x4932dA65ef8916bd18C446F888E64d3Fd019305A,USDC,37.162000,40.698740
0x49441bAabaA92d45D8fe42F626f9EbaFa99Dd7d0,USDC,15.001300,0.000000
0x49472804A755f248148ee5DAB214f2fC3E954BA2,SMAG7.SSI,41.500000,41.500000
0x494A02385e919c0AB659C94634E05F1A8908f9DC,USDC,16.000000,0.000000
0x495585B6c14cdAf7a09b7183eE8C2302b1D081FA,USDC,903.669829,893.085610
0x49573696B1FDA532812D8C7D05BeE04544a6dCd7,USDC,39.750100,0.000000
0x4957F74e3b125B93fbCe2A60fb7425e289835fcF,BNB,0.010000,0.000000
0x4957F74e3b125B93fbCe2A60fb7425e289835fcF,MAG7.SSI,52.851000,0.000000
0x4957F74e3b125B93fbCe2A60fb7425e289835fcF,SOSO,10.000000,0.000000
0x4957F74e3b125B93fbCe2A60fb7425e289835fcF,USDC,171.718438,0.000000
0x4957F74e3b125B93fbCe2A60fb7425e289835fcF,USDT,160.000000,0.000000
0x4957F74e3b125B93fbCe2A60fb7425e289835fcF,XRP,147.123558,0.000000
0x496281D23Ea50Fe8b96218dA33d3D88C4ce1F4e5,USDC,1977.000000,1976.106000
0x496444f17D585020694e13f622863157C91cF7d0,MAG7.SSI,15.102800,0.000000
0x4966023E90F5A192F3a6387b7f05423C675C0F8f,MAG7.SSI,75.000000,0.000000
0x4966023E90F5A192F3a6387b7f05423C675C0F8f,USDC,906.576030,885.741416
0x496775d7bf3EEb16Cd6A6976342a3b931Fe4Be77,USDC,109.700772,109.028594
0x4969B17bf1Ce2CD91DAc5024617450A17D00B46b,MAG7.SSI,75.000000,0.000000
0x4969B17bf1Ce2CD91DAc5024617450A17D00B46b,USDC,1920.998972,1763.512273
0x4989353917EaA26f13E56497e0735EDBB65cf105,USDC,8000.002010,0.000000
0x499028f33F0a074245E56A83FC8Bb820f75F2034,USDC,15.000000,15.050351
0x499804D4E1179e253dD6B2B6F0539331a247e5E0,USDC,20.000000,20.000000
0x499e0010B3ef2738a9353b1929790c2d21d3FCBa,USDC,41.000000,0.000000
0x49B0F87FCad31CE54247f71a2964cc487777049a,USDC,38.040000,39.040431
0x49BB7B08b6c2b71099B071a7E8810C1772328167,USDC,16.000000,0.000000
0x49C01353089F71c657335df1150166826F85978C,MAG7.SSI,5.569970,5.569970
0x49C01353089F71c657335df1150166826F85978C,SMAG7.SSI,6.000000,6.000000
0x49C01353089F71c657335df1150166826F85978C,USDC,10.200000,0.000000
0x49C8482A9Bb3618543a9B670d3521808cA7B40cD,USDC,15.000000,0.000000
0x49CF87003B71B3BD78893BD281c441B51226140A,USDC,37.353000,40.836109
0x49DCa404658E869Ad1845B487347894A0b0f6E7B,USDC,41.800000,0.000000
0x49a922e8DD3f8Ef8Dd89ECb13D2D35638A36E565,SOSO,38.901096,0.000000
0x49bf7f0fff78c19DC291128E4c7B3dA140782aaa,MAG7.SSI,0.000000,78.131772
0x49bf7f0fff78c19DC291128E4c7B3dA140782aaa,USDC,46.746574,7.910282
0x49cBb7580D3474390ce09b5B3fAa6e3F1b461551,USDC,42.330000,0.000000
0x49d8005ef86833fcD51cFB855E79dEbe912AbC6C,USDC,7.960000,0.000000
0x49e158220302A896DCc8ec67f388cb38f7277070,USDC,49.800000,0.000000
0x49f5F727f71fb91Fa77B400B3A9c2c26E26EF758,USDC,52.010752,0.000000
0x4A0194eAe8E4f413121ef663439b460299dFF5fB,MAG7.SSI,30.234585,0.000000
0x4A02e5b6a163770f36856e7b500A4902F12f696f,USDC,10.000000,0.000000
0x4A0C97BA93Ea0B44F01c98C32479576743D8532B,USDC,16.000000,0.000000
0x4A133547f305DDD031255648F3509009Ee8ecfD4,USDC,15.011400,0.000000
0x4A13B7A1BEE715DCD4bFee989627eCB4EE8838Bc,USDC,38.040000,38.918109
0x4A1F8D6B928269561ecee07023cB322cB72eD8C3,USDC,7020.000000,3092.751494
0x4A2c6BcF8B8Eeb759B3914E83f464476AFFF7a1a,SOSO,139.662009,0.000000
0x4A2c6BcF8B8Eeb759B3914E83f464476AFFF7a1a,USDC,0.000000,83.301715
0x4A362D7dE010b2B69d751d1B3B43bfE43c488B1b,ETH,0.013000,0.000000
0x4A362D7dE010b2B69d751d1B3B43bfE43c488B1b,MAG7.SSI,172.547894,0.000000
0x4A362D7dE010b2B69d751d1B3B43bfE43c488B1b,SOSO,7.323000,0.000000
0x4A362D7dE010b2B69d751d1B3B43bfE43c488B1b,USDC,229.176294,16.976770
0x4A6370Dc13a9a5E63bd4edaA15bbfbf3438f82A5,USDC,130.000000,129.639936
0x4A6551F7996cB267234D8fD3c7bef28b9fe0D3df,USDC,1984.000000,1988.800000
0x4A699C2f73f96c1B23082A1e1426e9f5A1B5b8d0,USDC,19.800000,19.760214
0x4A7d2e4Ec8B4293DA72023D1aaf26C331AEf8153,USDC,88.097317,0.000000
0x4A9F40b1ed5fC6512B75880C46732CE7669A4B7F,USDC,15.370000,0.000000
0x4AAEde11232841ABea7A65699121394A8CE2B7d0,USDC,799.737280,789.885369
0x4AD45b837CB1fF026D381fFffbf1446D241a3225,USDC,15.022400,0.000000
0x4AE342D8e38a6A743414215caE014264bd2c2C18,USDC,38.000000,40.399698
0x4AEb10deDA9C37eF2c1DdEB7E1Bf3c613d8E72e2,USDC,11.743592,0.000000
0x4AF6689ceC8f13126a2d9b58C323dCb74e9cd568,ETH,0.005550,0.000000
0x4AF6689ceC8f13126a2d9b58C323dCb74e9cd568,SMAG7.SSI,6.486500,0.000000
0x4AF6689ceC8f13126a2d9b58C323dCb74e9cd568,USDC,50.615544,0.000000
0x4AFC6fAFbe1cd2B4c074107b86d2FB95C4c76abF,USDC,13044.388679,15605.446942
0x4Aa40D093c4C9d1e4c46204baFCD89CFFcC4E2D4,USDC,39.539956,31.804360
0x4Aa7C596B2D64fEADE565888C133B35Dc7cf74C6,USDC,15.005000,0.000000
0x4AeDe54065404CC74Bc12229A818D7e36E43DcF8,SMAG7.SSI,124.507200,0.000000
0x4AfDb3C9d226E0C06BA9f7854C27E2A3F4719F8E,USDC,15.004300,0.000000
0x4B16ce4Edb6BFEa22Aa087fB5CB3CfD654ca99f5,USDC,2200.000000,0.000000
0x4B3086995aadC197c9c7B340EcFe797ae50f74ff,USDC,15.023000,0.000000
0x4B435e5b91434A3E17fcBc9eC676F81226572100,ETH,0.000000,0.012296
0x4B435e5b91434A3E17fcBc9eC676F81226572100,SOL,0.030597,0.086558
0x4B435e5b91434A3E17fcBc9eC676F81226572100,USDC,30.042777,51.405799
0x4B453322e866EBe34178FbE1b01816F299aa3994,AVAXC,2.000000,2.000000
0x4B453322e866EBe34178FbE1b01816F299aa3994,MAG7.SSI,161.052621,0.000000
0x4B453322e866EBe34178FbE1b01816F299aa3994,SMAG7.SSI,17.379000,0.000000
0x4B453322e866EBe34178FbE1b01816F299aa3994,USDC,10.000000,0.000000
0x4B465140FF7bB5FA65CF13a58503339d6a37BE6C,USDC,50.000000,42.698709
0x4B65E98D69e170C5E9da49A6B3d716D66b01DeDc,USDC,15.301715,0.000000
0x4B75EE7D4b902899f35F8114b930998B7C064792,USDC,37.950100,36.200952
0x4B8B44DDFA0083dc036CBF41c19a5226b34b404E,USDC,23.350000,0.000000
0x4B9e02D58E33B03b696715A24BCDD77CF5B2703E,SMAG7.SSI,5.250300,0.000000
0x4B9e02D58E33B03b696715A24BCDD77CF5B2703E,SOL,0.430000,0.000000
0x4BA0D53aEfbc4b432Db79C919Fa3c30E65a075B9,USDC,15.014800,0.000000
0x4BB2dd928e6FD472Ea58Ddd132c0155C49728D6d,MAG7.SSI,15.004700,19.936639
0x4BE3689ec9ecD1871e2388FF1e2B420C824A2Ea5,USDC,49.800000,0.000000
0x4BE7EC046C3e6BAB48B2C8a7De3A451258e17936,USDC,47.000000,38.306140
0x4Bd03370d2358a8ced66888cf9EF2bb1913B6d6c,USDC,300.000000,292.182310
0x4BdE816519bDeFcF105D17CA428Ab025AE5F2E94,USDC,8242.690191,6869.867251
0x4Beb589Cd95b005e648Ce5D07E5a94Db39219335,USDC,15.000000,0.000000
0x4C05cA821C3DBb30063fCEF6373430d7fF151acA,USDC,49.700000,148.162512
0x4C1Ea9919b87069dc5718f751ee1038f0135c9a0,BNB,0.005150,0.024146
0x4C1Ea9919b87069dc5718f751ee1038f0135c9a0,USDC,5.037455,6.000000
0x4C257587cA15bae190eFBF0dA734E86900eaca38,USDC,65.948586,23.751052
0x4C25B1Bd5a947C41a1Da581FE192dc0191f58a5A,USDC,77.121715,76.498292
0x4C366F096fc49Db62B4F4Ba538e868C538B70995,MAG7.SSI,15.237200,19.918945
0x4C397e4cb394281926cc69091EDd5F751B1D3358,MAG7.SSI,305.895241,306.895182
0x4C397e4cb394281926cc69091EDd5F751B1D3358,SOSO,1.449816,0.000000
0x4C397e4cb394281926cc69091EDd5F751B1D3358,USDC,155.215244,163.657244
0x4C3aDC73e048E99878bCE7B6147Dc58fa83553C2,ETH,0.106057,0.010577
0x4C3aDC73e048E99878bCE7B6147Dc58fa83553C2,USDC,50.948677,24.707775
0x4C3aDC73e048E99878bCE7B6147Dc58fa83553C2,USDT,18.582458,0.000000
0x4C82Be47875756d5d07915DeA9a955a001C5C0F2,USDC,39.820000,40.985094
0x4C858443228457Ec0966bb8c187d948C4388856c,USDC,39.000000,41.137546
0x4C8C0E26C30cc1e6FceF35C6832337Bd7816Aa80,SMAG7.SSI,936.936100,0.000000
0x4C9307898Fec1aa09DF4F7Fe8952497c8cC50a3f,USDC,16.000000,0.000000
0x4C97609dc8F9A3b23875cd67eFf87660C149b54c,USDC,29.950235,29.950235
0x4C99bB60Dc33FF3A17ED47F1B3e9F530bCBa8DDC,ETH,0.062363,0.061733
0x4C9a213DD2E68DBfdd4eD292a51fb2A8a2081384,MAG7.SSI,77.995559,77.917459
0x4CC725F43076F7B7C3B0B1e895d0b859d8891d14,USDC,30.000000,30.106551
0x4CF77e94b62CF3a1917816A9B2526Ee404c8F020,SMAG7.SSI,12.105000,0.000000
0x4CF77e94b62CF3a1917816A9B2526Ee404c8F020,USDC,54.454651,53.535771
0x4CbcB938b4f8a2a6595b9DA456E1b660b3028803,USDC,19.300000,8.801000
0x4Ce25a849640128a9E9793cb0faf3Ac15b0C7e56,USDC,132.166745,0.000000
0x4Ce25a849640128a9E9793cb0faf3Ac15b0C7e56,USDT,249.980000,0.000000
0x4Ce51795aa1B388760F46E0160DbaEBE13E01357,MAG7.SSI,539.469502,539.705492
0x4Ce51795aa1B388760F46E0160DbaEBE13E01357,USDC,678.195190,716.304565
0x4D044831D9485C21599357db73facb3D56d0B3Ba,USDC,15.000000,0.000000
0x4D11c1a5221Cba1B443AE3A3a196E8a146F19Bd1,USDC,39.064678,35.011790
0x4D158eb4475496de892b044262b8D776cB0275D2,USDC,15.013900,0.000000
0x4D1e641eEB0d865959D73e275D7E5f4427272F82,USDC,15.000000,15.057547
0x4D20116B5809D7a6E6b8eFbF3DD97e5660e715aA,USDC,16.000000,0.000000
0x4D40287B018597249B80984c5511Ab47cFdA99EA,USDC,41.800000,0.000000
0x4D579A1B893dD1741dBFE2633ab01C9a6662acc4,USDC,39.157100,0.000000
0x4D5BEe5f39A8115F911EAB43239AE28C654dC240,USDC,15.012300,0.000000
0x4D5C8620EA33be037C75E6cB7c2AD9c2b379600D,USDC,13499.600000,13538.882136
0x4D5d916a4a3DA41Ff9Bc243c119376CA3480f312,USDC,38.000000,40.433254
0x4D6A4F813d4D9c220afbf581CcBDCc35981F15af,USDC,1036.300243,1025.408163
0x4D7eeC917C8A3b876401534B61fb6185E7aE545a,USDC,15.013100,0.000000
0x4D7f89BB4bD18D7cC185B676Ec2517Fe755c9196,USDC,38.417277,38.440621
0x4D861fC470d4C580b5724689Ba2d17a30efcCDFc,USDT,18.000000,18.000000
0x4D9bAadcb719e1eAF51E39F308EEDBdE77C136f1,MAG7.SSI,81.323500,81.242000
0x4DBe38E5bFD71ee0f7505C82e15D8E6fE615A5AD,USDC,49.800000,0.000000
0x4DC3CFBAb231D41D2Df028F3E71A61Ac862FCA7A,USDC,49.800000,0.000000
0x4DCC749B1B402710C4A991A19806B1aB1911eE85,USDC,77.108653,86.707291
0x4DE6F16a04c7c6bAf7515f2266D014b28442596d,MAG7.SSI,15.016300,0.000000
0x4DFDAD240168484c185f53D500B3DD6689BaCEcf,ETH,0.017400,0.000000
0x4DFDAD240168484c185f53D500B3DD6689BaCEcf,MAG7.SSI,0.000000,74.936711
0x4Da6E683fC535bD92E59d46e3e51bAf04eCBb109,USDC,45.882722,0.000000
0x4DcD0008e31d9648CA1077d7284692fe1F92E413,USDC,15.100000,15.729714
0x4DcE6ac24B3059DcCBF9a0fb090513fA825f9434,USDC,18.170420,5.099451
0x4E0599eAd55750543453074a28ad69240FaF2012,USDC,40.192320,0.000000
0x4E10Eb1626529e573340caB78F2934c6FDd2BFEE,USDC,44.060200,0.000000
0x4E1C9F7309d1d3bF4ABb08756469d41bFa00577A,AVAXC,0.000000,0.499800
0x4E1C9F7309d1d3bF4ABb08756469d41bFa00577A,ETH,0.012800,0.000000
0x4E1C9F7309d1d3bF4ABb08756469d41bFa00577A,USDC,221.258700,206.570247
0x4E1e4796c10C637EDAB56461450BD8D02EFb29Db,MAG7.SSI,75.968269,0.000000
0x4E1e4796c10C637EDAB56461450BD8D02EFb29Db,SMAG7.SSI,432.475200,0.000000
0x4E1e4796c10C637EDAB56461450BD8D02EFb29Db,SOSO,22.487400,0.000000
0x4E1e4796c10C637EDAB56461450BD8D02EFb29Db,USDC,899.682442,289.500439
0x4E23C919e92F392c8910367e7393A782d8428cc8,MAG7.SSI,78.018287,77.945687
0x4E4464dB3CA40F0247151b0E14C8F49a3D808887,SUI,12.507460,0.000000
0x4E4464dB3CA40F0247151b0E14C8F49a3D808887,USDC,39.070126,9.483215
0x4E4d917a6aaC4d048610dceBB9Bf73E7078CF880,USDC,38.000000,40.581555
0x4E5F8aa3d67430d795D61193380626514bD6C97F,SMAG7.SSI,320.527000,0.000000
0x4E5F8aa3d67430d795D61193380626514bD6C97F,USDC,208.568103,72.000000
0x4E601BC2651711a2F6c9515C6a381A0E33920fD9,MAG7.SSI,0.000000,76.710015
0x4E601BC2651711a2F6c9515C6a381A0E33920fD9,USDC,40.000000,0.000000
0x4E60C1eCa929166D4110a1094355afD70F9fAA91,MAG7.SSI,2818.790767,0.000000
0x4E60C1eCa929166D4110a1094355afD70F9fAA91,USDC,24300.157778,7294.950118
0x4E71553b8bE6d59c3b95f595eA513B2AD117c4e8,USDC,15.006500,0.000000
0x4E866b25c9b898f4828686DdfA5eCA8bF135d490,USDC,56.000000,0.000000
0x4E98B9b11e5CB1cC88a141703436926016C9eBc1,USDC,15.000000,15.150582
0x4EB47A6916b1e9591bd87680ef8A34914e96639c,ETH,0.259200,0.000000
0x4EB47A6916b1e9591bd87680ef8A34914e96639c,SMAG7.SSI,5.100000,0.000000
0x4EB47A6916b1e9591bd87680ef8A34914e96639c,USDC,3133.491104,1221.089903
0x4EB90C82d2d24d6252AA54be848B3c3c1D6694Ba,USDC,6.000000,0.000000
0x4ED4233b47723EAe21647E821EaB97F03f5f7BA2,USDC,7.960000,0.000000
0x4EFc0a4356A8C668d1E786fFA85b49BfDD74f552,USDC,36.000000,34.919217
0x4Eb230e6874C3C89151B879bE6B9106960212923,USDC,12.827738,12.336312
0x4Ed288B7649249B9F23A67397E30bC6a9511672b,USDC,62.552776,39.494862
0x4EdB573222108d26B2ac5F4812FD695c0E7E8c16,USDC,558.411411,546.554790
0x4EdC35a1bCf0E24da1DAD13fcD597E6994486572,BTC,0.000260,0.000000
0x4F03B3A12005aB9c78d5194C70eE0D7Ee14aa592,USDC,154.704129,287.936752
0x4F191f2cC92729A4770735Eaf962612E90E0Fc9f,MAG7.SSI,15.000000,0.000000
0x4F191f2cC92729A4770735Eaf962612E90E0Fc9f,SMAG7.SSI,5.500000,0.000000
0x4F191f2cC92729A4770735Eaf962612E90E0Fc9f,USDC,30.349048,0.000000
0x4F23fF7F457438DD5eEEd5612A57386728264eB7,MAG7.SSI,75.000000,74.924800
0x4F523A053b372978F837DF42A42656c6B7c09B84,MAG7.SSI,30.008912,29.990412
0x4F6673ee625baE1acEb91609C706a1F5d9A38B34,USDC,1066.685183,1050.988787
0x4F674c1dF55B3c4e33C080B2cB2d63b5a39fA5f7,USDC,79.080459,79.765564
0x4F7Cc1Ca3BbbbA2d9cAfB54e20707523a1691D3e,ETH,0.025738,0.000000
0x4F7Cc1Ca3BbbbA2d9cAfB54e20707523a1691D3e,USDC,30.000000,0.000000
0x4F84296F6c6703dC0b6882309d395acaf085e6Ce,USDC,37.000000,38.648035
0x4F85d944Ad4D0Fa323A0dDe7123153Bf875f0ba2,USDC,15.200000,0.000000
0x4F87f83822392570b2EaB794E9913785Ce8a4d5e,SMAG7.SSI,780.647900,0.000000
0x4F87f83822392570b2EaB794E9913785Ce8a4d5e,USDC,15.100000,0.000000
0x4F927c0975190EbA2e4caf5D1303e22b339ebED1,MAG7.SSI,29.528849,29.511749
0x4F98882970643FEAe2659227EB4aEA6b62417Ae4,USDC,59.032185,59.835259
0x4FB9f2Ba75e97C6Bc1070C4b4FEB2C2A721AD186,MAG7.SSI,3018.440229,0.000000
0x4FB9f2Ba75e97C6Bc1070C4b4FEB2C2A721AD186,USDC,2986.018989,1065.563373
0x4FDD31B09F8ab2a0fcb78466C545872Ab6525Ac5,USDC,19.900000,7.961512
0x4Fbe5840ebE6cC1BA7DE4494424B1f5A6555fDD3,USDC,15.000800,0.000000
0x4Fc5b62CE804F13EEeaACbFedBcb7680ea129569,USDC,15.246097,0.000000
0x4Fe125369B06FEa63E9374CCe9CE066D5BeCfc5E,USDC,103.600000,103.548401
0x4a0554283995EAfaFDAa3238e3dED3A915f00C13,USDC,63.268288,26.180066
0x4a16169D14f7B0d7A1913e61c0B12557A8133293,USDC,15.000000,0.000000
0x4a1d85401E5D7194bF2beC1f4731554698DACCf7,USDC,131.919124,0.000000
0x4a33ad6379E5b492eB9f6e4A5aA48eD4a00861fe,USDC,20.000000,0.000000
0x4a39d32Bb03682aeC19c5e196D243185945af41c,MAG7.SSI,11.166355,0.000000
0x4a39d32Bb03682aeC19c5e196D243185945af41c,USDC,52.978748,49.346495
0x4a760b5833452751693555a7a2290c0c9ea0FA4B,USDC,39.870000,41.776643
0x4a99217fB57401426c22c71e015044219b823771,SMAG7.SSI,26.976100,0.000000
0x4aA38A00131C7a988F2d3E03108365B0b558bb63,MAG7.SSI,30.427226,0.000000
0x4aA38A00131C7a988F2d3E03108365B0b558bb63,USDC,0.000000,15.895787
0x4aC6596A810c1769BB91BD3E0C1812989285ECE0,USDC,49.971046,41.269278
0x4aC9995cda14eAe44a0811609aA17626E5b727a5,USDC,62.249978,0.000000
0x4aE31BD35e0079E52C66Cd08875e69F990E88D1b,ETH,0.025645,0.024939
0x4ab3D3962CA2BccB440D9818356091E7D1311F34,USDC,103.600000,103.549310
0x4ab7A43BfA4E7fdfb5cE8878Bf1bd84DD4Ee3938,USDC,133.837168,129.619795
0x4abae9CC1c48ce2baA9549819110Dab8b6339D43,ETH,0.004000,0.003894
0x4abc47AF99C9Bdaf12eA0eB30e84E7A83F8016E8,USDC,721.319506,723.363479
0x4b0eF02Eb4c00C33e1B5FeB2ef6C6Ad8f58d114f,ETH,0.003638,0.000000
0x4b0eF02Eb4c00C33e1B5FeB2ef6C6Ad8f58d114f,USDC,205.000000,220.049215
0x4b15D461e152daf9Fd16BC7180fAb923677a4647,USDC,38.000000,42.529173
0x4b254363c0EB69b0859626279e29C78827a1a40C,USDC,39.500000,41.640539
0x4b298BDc6fD7cda377b3a2dD5097C03b1f3867F9,USDC,15.011300,0.000000
0x4b315C8e520C4fAD43f5c17538f2Be6D2c71408D,USDC,79.000000,83.378568
0x4b3Eb4261fed98C204b1fAF5e1cFAF52c07EdA87,USDC,605.186238,593.553674
0x4b3F373dDacb8B1171442A4DDfb8E9107650ef21,USDC,0.000000,29.506141
0x4b54323345abA9710DFFf9D42D39E5274De2bb0f,USDC,39.000000,41.513699
0x4b5a17FdFFA2AF46f270389a2bc10F724111D50a,USDC,15.016500,0.000000
0x4b61e764905CBdd9a8f5bF50B636aFfBE83c6eb1,USDC,15.002000,0.000000
0x4b76751755084F2256C55490eEC6820ff4eBc2b6,USDC,37.668000,41.109856
0x4b8094eed9316d5b5267d497327F75e9DFa185E6,MAG7.SSI,15.139300,0.000000
0x4b83c1e04d66407932E7879087d76585b84A07B6,USDC,9.900000,15.133959
0x4b83c1e04d66407932E7879087d76585b84A07B6,USDT,15.200000,0.000000
0x4b8cA8e9e1227A1a0f488D02569d1b1E746A3614,USDC,15.021000,0.000000
0x4b9495f7F6FBd018c06A158c4FC59a2b57D01325,USDC,94.581904,51.943821
0x4bD3Dd9d3cA56800E781519DDF0c6866059b5D11,USDC,38.700000,38.507000
0x4bb9a207497AFE720A8849039b295351Cd6fcF12,USDC,15.002300,0.000000
0x4bc60c42717B7939F2986e6Af5Cd4a536E62e985,USDC,15.020900,0.000000
0x4bcC65e69fd0a6712064ca5DCD9dc31C03CA4198,USDC,2410.000000,6410.000000
0x4c033235008BD23BfD8CF371b2Cb8fc1c5eBEB27,USDC,50.000000,41.301953
0x4c12767a3fdD131d2a6855563aD652ecB5BEa354,SMAG7.SSI,42.000000,42.000000
0x4c27Beb486c2A75b1315cb2C9201d39CC1fE1247,MAG7.SSI,15.227700,0.000000
0x4c292F29e79554bdBD5dc28280b55f903e67d959,MAG7.SSI,15.021500,0.000000
0x4c334b751f5d7a9A2cd7327B3fc431AD355A535C,MAG7.SSI,8895.521340,8872.360300
0x4c334b751f5d7a9A2cd7327B3fc431AD355A535C,SMAG7.SSI,46.595700,0.000000
0x4c334b751f5d7a9A2cd7327B3fc431AD355A535C,USDC,1111.000000,1113.865716
0x4c540c8EBeFfFdCe5Cb915bD8469c63C06E63d35,MAG7.SSI,61.494726,31.001028
0x4c540c8EBeFfFdCe5Cb915bD8469c63C06E63d35,USDC,104.829923,120.350546
0x4c57e0590a3575098905789B42d1177915E9c7BE,USDC,3102.000082,3114.994353
0x4c7324C7DBfD05Ef8a0C8cf4A2A005181C321519,USDC,16.000000,0.000000
0x4c906b55f1cBe96FEbB980B967fb46E9724CDb6E,USDC,15.003700,0.000000
0x4c922727Cc2D2837CE1C6F56dea90398B3E8660B,USDC,15.008000,0.000000
0x4cBc2267E467DF3784d37d8c41A60C076010aa86,USDC,16.000000,0.000000
0x4cCD9b1d3A71BE3DcdD8D98cF5C8ee1317C2fAce,MAG7.SSI,15.600000,0.000000
0x4cE6206E2B7974a0D73a0a6a543F97Ea461d6E8c,USDC,1984.000000,1985.043000
0x4cb60c198f5D0a059B24d225598b7f359f35C3a2,USDC,15.021400,0.000000
0x4cbFb8b8740Bf13deE8F9858579e8E6DC7D8639d,MAG7.SSI,76.000000,75.920000
0x4cceeffabf8eba33C6f2a0a2Dec20fb1b505b157,USDC,15.013100,0.000000
0x4cd133189ECD3d8D6b08adeBB2F4d67f20681734,SOSO,27.472522,0.000000
0x4cd133189ECD3d8D6b08adeBB2F4d67f20681734,USDC,7.004300,46.228474
0x4cfDFb1Cc2564802Be480fFBC9B07144Bc1D7520,MAG7.SSI,0.000000,49.988958
0x4cfDFb1Cc2564802Be480fFBC9B07144Bc1D7520,USDC,1136.736885,1084.275196
0x4cfDFb1Cc2564802Be480fFBC9B07144Bc1D7520,USDT,19.853468,0.000000
0x4d11B6F229B52BAEcFD3514421317478bFE487E5,USDC,10.268998,0.000000
0x4d18f9Ab251cb9C8C13bC797BDcA91429Fc44577,USDC,15.013400,0.000000
0x4d20F04d4CF7B30015ab44E71AFA8f3Bb8438C5C,USDC,16.000000,0.000000
0x4d2118e36ac947B77C811299B7f872Dc38ad1467,MAG7.SSI,300.860900,0.000000
0x4d2118e36ac947B77C811299B7f872Dc38ad1467,USDC,0.000000,151.169091
0x4d3baD9C83b7A1598f433aB704C1d3c1B5b7587C,USDC,15.017600,0.000000
0x4d4F93cd763a0FaD4aDfc1E9E438E7DC9A361631,USDC,16.000000,0.000000
0x4d55D12a2DEC75201DF8085058Fbd7C5f28E5a60,USDC,15.002600,0.000000
0x4d5e4dd953a6C1a281d6642fc243E59325c7f3fF,MAG7.SSI,0.000000,15.470025
0x4d5e4dd953a6C1a281d6642fc243E59325c7f3fF,USDC,15.025440,7.030540
0x4d6ED86AfD3D1cf1D1007203f64EfD07dCC0a724,MAG7.SSI,6.904700,0.000000
0x4d6ED86AfD3D1cf1D1007203f64EfD07dCC0a724,SSOSO,3.837900,0.000000
0x4d6ED86AfD3D1cf1D1007203f64EfD07dCC0a724,USDC,44.176573,0.000000
0x4d74655DA70C3c9e98FbbE9AEeb58FB5DeED4625,USDC,15.024000,0.000000
0x4d7d6eb885f2B5198eD634244B8F8Cbb94f981f6,MAG7.SSI,300.303027,0.000000
0x4d7d6eb885f2B5198eD634244B8F8Cbb94f981f6,SMAG7.SSI,77.795000,0.000000
0x4d93a9332E92202D85ce8b2e1f6d0A4343Db9Be2,USDC,38.000000,40.534954
0x4d979A7597882b79eEF58d75BFa870DB448F8008,USDC,180.000000,153.603526
0x4d9BCdc8F91FD12D5192355B5aA68d7D78C49cfD,USDC,49.800000,0.000000
0x4dB1710e221940cE9de863b295e548afC4E99c3E,MAG7.SSI,11.197801,11.197800
0x4dB1710e221940cE9de863b295e548afC4E99c3E,USDC,20.345680,18.823973
0x4db23CA64899F998587202bB1aFFa8D585a24316,USDC,98.104963,97.635636
0x4deeFd77F2E9c1195Ca02c6B9b3C3b4a762bD9cc,USDC,23.435700,0.000000
0x4deeFd77F2E9c1195Ca02c6B9b3C3b4a762bD9cc,USDT,219.990514,0.000000
0x4e08b3c4557FD438611C9606E1F5C61245fafD1a,USDC,39.800000,41.086994
0x4e16c6D4aB2648b18F921ECF5ee2a8C2ebA78F31,USDC,140.000000,0.000000
0x4e39e89A3f5Eb43A68153Fa97eB94B0993A93adc,USDC,20.000000,20.000000
0x4e551cd13Fca1e7B026200E66784DeE3Eb70F9f2,SUI,10.799170,0.000000
0x4e551cd13Fca1e7B026200E66784DeE3Eb70F9f2,USDC,97.146519,50.232084
0x4e551cd13Fca1e7B026200E66784DeE3Eb70F9f2,USDT,11.950000,0.000000
0x4e7e96Cba8B6FeD3E02c0F0F8cFBfdac3AcEff42,USDC,21.010000,11.383036
0x4e8917deDf13854733C928Cd1356c60bA6DAf9b7,MAG7.SSI,15.642700,0.000000
0x4e8917deDf13854733C928Cd1356c60bA6DAf9b7,USDC,0.000000,7.965011
0x4e8DD981429819DC9a5992095398B9d77AE549fB,USDC,40.000000,42.212237
0x4e8f78C0e66DD106C95500a1d0E68C7a9B3c6eD7,USDC,38.920000,38.191293
0x4e8fb16120EECeD11Fef93251610aA2C82b6Af42,MAG7.SSI,75.000000,0.000000
0x4e8fb16120EECeD11Fef93251610aA2C82b6Af42,USDC,922.651687,886.648471
0x4e9D1e1BCBD292A533a67aD4cFc29A95adde86eF,USDC,1000.215716,1464.248473
0x4eCD6B30Fa4DcEDbd45B0B55F17F3623F191df6a,USDC,292.118615,244.995813
0x4eE51256e2f8C19063AE98678265522c4dE18a79,USDC,16.000000,0.000000
0x4eEA67531568fDd0f392493Ac988090ecc55AC1b,MAG7.SSI,11.457881,0.000000
0x4eEA67531568fDd0f392493Ac988090ecc55AC1b,SMAG7.SSI,0.000000,11.434768
0x4eF2d190951259DA36E8F7C9a4d15f04ABe50ed0,USDC,15.027100,0.000000
0x4eacEAF1D741a7D5BfD8eC846DB66cEC32120E12,USDC,40.745331,0.000000
0x4ecB3445464931eAf67275BB9c14E908646Aa358,USDC,34.100000,39.158991
0x4ed24923cBD4942eFf802466BdEA779f40789a8c,SOSO,119.236200,0.000000
0x4ed24923cBD4942eFf802466BdEA779f40789a8c,USDC,90.962375,0.000000
0x4ed24923cBD4942eFf802466BdEA779f40789a8c,USDT,95.000000,0.000000
0x4ed696b35f9bC8B26de6A0c6858A11b497Afc848,USDC,15.013400,0.000000
0x4efbe3Db0d5C73ab746340F76d69fF64Ee511dBF,USDC,104.200000,97.976430
0x4efc564404614367C30DF822c7A91a65b022ff4F,USDC,100.000000,36.974377
0x4f0001496e99E9c147939f6C3b2DC76D6AF4e2A6,MAG7.SSI,0.000000,93.490327
0x4f0001496e99E9c147939f6C3b2DC76D6AF4e2A6,USDC,48.283307,0.000000
0x4f0921db0Df8CB6201DEaFb52e7D31353871Cb52,MAG7.SSI,15.190300,15.175000
0x4f11b7277720007ECe58e09D6c4181FD065684df,MAG7.SSI,75.000000,0.000000
0x4f11b7277720007ECe58e09D6c4181FD065684df,USDC,918.824835,908.951176
0x4f1AFeeeb95358f2508e4BAa9FC787e95a8d800a,USDC,40.300000,38.473719
0x4f1C2e32d86C80f9cBA3D0a15e741dFe8Be64346,USDC,16.000000,0.000000
0x4f1E842F4B1c38b08E32239a68a611D8174ED83F,BTC,0.000135,0.000000
0x4f1E842F4B1c38b08E32239a68a611D8174ED83F,DOGE,40.000000,40.000000
0x4f1E842F4B1c38b08E32239a68a611D8174ED83F,ETH,0.004100,0.002000
0x4f1E842F4B1c38b08E32239a68a611D8174ED83F,MAG7.SSI,83.780878,16.600000
0x4f1E842F4B1c38b08E32239a68a611D8174ED83F,PEPE,257558.012290,0.000000
0x4f1E842F4B1c38b08E32239a68a611D8174ED83F,SMAG7.SSI,7.300002,11.134813
0x4f1E842F4B1c38b08E32239a68a611D8174ED83F,SOL,0.060000,0.000000
0x4f1E842F4B1c38b08E32239a68a611D8174ED83F,SOSO,5.192758,0.000000
0x4f1E842F4B1c38b08E32239a68a611D8174ED83F,USDC,108.000000,82.169434
0x4f2c66A4628c9200E541c6910C084754E270301f,USDC,38.161435,14.259924
0x4f4627A1b9BbA0E833Fec7eB71441cdece25EC7B,TON,0.000000,35.421142
0x4f4627A1b9BbA0E833Fec7eB71441cdece25EC7B,USDC,108.377269,40.304554
0x4f4CfB9ef207E782af11800555D7688f949F04D5,MAG7.SSI,75.000000,0.000000
0x4f4CfB9ef207E782af11800555D7688f949F04D5,USDC,898.875059,891.219367
0x4f62f66A1a48D5053846d7A2207443BD83990B0E,MAG7.SSI,0.000000,76.247157
0x4f62f66A1a48D5053846d7A2207443BD83990B0E,USDC,37.100000,0.000000
0x4f6831198aBa166dfF2f027630dCBD7699B2F3Ad,SOSO,1.000000,0.000000
0x4f77b71fD2851cb2651eEe3B09319E475735e9E7,SMAG7.SSI,10.000000,0.000000
0x4f77b71fD2851cb2651eEe3B09319E475735e9E7,SOSO,6.000000,0.000000
0x4f79f3d9effa3BE09A61c51F9Ea385dBf13EA408,USDC,44.291739,48.356534
0x4f93D2fe7E798BBBc8Bd4d29d9a2c551B3ceE850,ETH,0.017400,0.000000
0x4f93D2fe7E798BBBc8Bd4d29d9a2c551B3ceE850,MAG7.SSI,0.000000,75.796152
0x4f973f537fcBE62220a617b86A0A25E8CcF84750,USDC,39.000000,38.530408
0x4f9951055B1cf57Ae1Dbf90EA8Ab0E3362815bbd,ETH,0.009068,0.000000
0x4f9951055B1cf57Ae1Dbf90EA8Ab0E3362815bbd,SMAG7.SSI,23.624100,0.000000
0x4f9951055B1cf57Ae1Dbf90EA8Ab0E3362815bbd,USDC,242.264505,125.774414
0x4f9951055B1cf57Ae1Dbf90EA8Ab0E3362815bbd,USDT,5.381377,0.000000
0x4f9CC73e60016eAb8d46eB8C537227ceC14c6959,ADA,10.365800,0.000000
0x4f9CC73e60016eAb8d46eB8C537227ceC14c6959,USDC,80.594233,26.000000
0x4fB57831b446e176EB1Ce0E98dB695581312Ea41,USDC,40.068977,0.000000
0x4fD9e5a8a336030E9eFd177014e5e760B6Df1563,USDC,49.309845,45.635573
0x4faf63D42F7C7594e4C740BDafD76f3470596876,USDC,39.880100,0.000000
0x4fc19DCe4D8B305A56E6983A14b30f79B4FaA0D9,MAG7.SSI,15.046100,0.000000
0x4fc68C1E264BC58569e811C31dC7a780250834c1,USDC,16.288882,13.792095
0x5001b6782cf29e2cCCf79Dac6E543D0aD42fa82b,USDC,106.164925,106.377009
0x50022c9b7323E05f315cd8af311fE1a4f8023173,SOSO,101.000000,0.000000
0x50022c9b7323E05f315cd8af311fE1a4f8023173,USDC,50119.940921,27747.063489
0x5002534c31df9B2d61B73525730E9732d93892Db,USDC,23.959790,17.567860
0x501871AcBdbe7Bd679991c64fF076c4857fD7B84,MAG7.SSI,15.143700,19.665614
0x5019C53b113DAB3740b881aaF640E8377B7dcdCA,USDC,39.500000,40.965037
0x5028395997B6073BB9551f2C18Fa778273bF2de2,ETH,0.016200,0.000000
0x5028395997B6073BB9551f2C18Fa778273bF2de2,USDC,63.173927,0.000000
0x5029D85c4B582B33239BD741f2D1CA5bCCEF751f,USDC,200.000000,197.952011
0x502F1c18a5d540A0dDd78Dc3B383e65eF2280691,USDC,25.207683,25.207683
0x5031c9F4853Bc5614f7fb75d9C07d22C4579748F,USDC,37.946259,38.334830
0x5034707005ca38441cC60cE80704D77C22c10E11,USDC,15.000000,15.340862
0x503d7F5E4A543E9F1C744C075ab5198F14cbdCbb,USDC,41.357136,38.458639
0x5049373B1DF4E2295B870dcaba4FAB05ABd5A735,USDC,610.631917,602.077617
0x504f84c74118b57d5dAAfD1Dcb08Cb30807400bF,SMAG7.SSI,12436.188000,0.000000
0x5055bdAFF4c8aeBf8bF2B189A5Df01616CF05f4D,USDC,103.600000,103.816883
0x5057bcdb771A34c9592EbA812D022fB5D57B7Bf3,MAG7.SSI,75.226000,75.150100
0x5060165c270b83EB6bC75532A5e3b0AA88b3D69A,USDT,15.490000,0.000000
0x5061e78D448e4196017e42724FEeFA35EB5cCaA5,USDC,13.000000,0.000000
0x506B4be04a681b6146F35c96f25896f17De40F32,USDC,20.000000,20.000000
0x506CbEf8E5d907090cD3956B291C6caF1f7467Fa,USDC,15.000000,0.000000
0x506e01C64c8c8F675c608F7172b8f171b6F1bc33,ETH,0.062395,0.060923
0x507b2232faB197e3Bc83a402E18147ADc755F1eb,USDC,434.657469,301.286361
0x507b2232faB197e3Bc83a402E18147ADc755F1eb,USDT,6.950000,0.000000
0x508547f85CD014613e7Ce146E214557e0C2710eB,USDC,39.941100,0.000000
0x50887C261060D9830c230225481c997637e45CE2,USDC,16.000000,0.000000
0x508928Def51302F300E5D9EF1aa66F80C59f5dE7,ETH,0.009000,0.009000
0x508E00324ba4961C02e37E2c2d14D5678CD93faC,ETH,0.017400,0.000000
0x508E00324ba4961C02e37E2c2d14D5678CD93faC,MAG7.SSI,0.000000,75.786158
0x508Fc26E5D5bf9Fa4f84614D8261E8bBf42c9Ff1,ETH,0.062162,0.061589
0x5093c742b21c0b25475F4df54cD421B0EC670223,USDC,0.000000,42.403599
0x50998D4434005c1621C0E7116B377516909d09E0,ETH,0.000000,0.025488
0x50998D4434005c1621C0E7116B377516909d09E0,MAG7.SSI,100.000000,0.000000
0x50998D4434005c1621C0E7116B377516909d09E0,SMAG7.SSI,0.000000,99.721488
0x50998D4434005c1621C0E7116B377516909d09E0,SOSO,484.479699,0.000000
0x50998D4434005c1621C0E7116B377516909d09E0,USDC,21.461513,184.051764
0x509E204C6be44536Cb2D7a27D68959aBD84890bc,USDC,38.000000,40.404460
0x509FF905696b40561E6522E1d713dC2C4146Bc8c,USDC,37.000000,42.371193
0x50Df4e03090B5baab1cEA4415979CE40dEd87308,USDC,104.200000,100.268696
0x50a6299C8e53EbB5b44b3d64b05CfA0e75f14033,USDC,15.027000,0.000000
0x50aF836b3bE25f79296e7d7C4Fbb81a2aEBa7213,USDC,15.029200,0.000000
0x50b0B47230351F51B0Fcb883669E1dF42eADD41E,USDC,40.447710,0.000000
0x50eF7EEe0F4E1DDda3b7C90afcc9E802e3d69471,USDC,15.008200,0.000000
0x50f6DbC1A7AE742Af112b972efE18930F9113Cf4,MAG7.SSI,15.019800,0.000000
0x50fd3275Af8E82f44CD4e76BB6F30583e80816D0,USDC,479.334700,412.000000
0x5105930658Ac19Cb10d056245c665E9368e995E4,USDC,39.547000,0.000000
0x510de6E7C918040E5AFf35Ca3c967111b1E443Ad,USDC,15.010100,0.000000
0x511145C926Ae396B26Dc6222e1C0EbE7e7e79d72,ETH,0.083369,0.005109
0x511145C926Ae396B26Dc6222e1C0EbE7e7e79d72,USDC,76.186024,86.321698
0x511670dd04642eF10cd1a9BF4b05D075D92f81Cd,MAG7.SSI,15.039900,19.622040
0x511DA19DF95C644021eBaEd373378a7be9486B23,USDC,1000.000000,1013.412119
0x511DA19DF95C644021eBaEd373378a7be9486B23,USDT,100.000000,0.000000
0x5120CA31AA1D55613ce160BEC5e20B157A0D54D4,ETH,0.042722,0.041213
0x5132dC27D42C336F6Baf8b5EB64Baeb077C76B07,MAG7.SSI,75.240000,75.164800
0x5138AC45c24A62A24385d6fE610055ec44059C23,USDC,15.018700,0.000000
0x5146d6Ffeb1C3d9a6709b975fd66d4553A5a91e1,USDC,15.900029,15.900029
0x514d9b71D912cdAa92a66594BfD23753Bca76E4B,USDC,934.298633,413.665266
0x515C86764065Afd17397e93a7f41280d19D58B44,USDC,98.000000,15.045468
0x515c4F7915e5ebae406947Aa59aA071cf61Ec904,MAG7.SSI,7.429773,98.145457
0x515c4F7915e5ebae406947Aa59aA071cf61Ec904,USDC,172.469731,123.367931
0x515cdACE1fbb6dFd1D465480D6addbeCdeA5FBb2,USDC,15.000000,0.000000
0x515eE4FC82A9C5ba04422dE7153e3273D8BA15B3,USDC,623.734308,615.283922
0x5165aF418c9a8ea4b4D01e22bE0B2d3e385c39F3,USDC,16.000000,0.000000
0x516d35270a37BF6D788b3bA94cb85AcD2aE1224D,USDC,15.027600,0.000000
0x516eD1BAc913E576D523Daf98De83dF5a1f258eF,MAG7.SSI,29.998918,29.980418
0x517284eD957Ebb67d0F022C941eC297BBE564eC4,USDC,39.754100,0.000000
0x517CAA227611BB466Ab288241a968F972F5F574C,USDC,10.100000,0.000000
0x517D106c8332Bc84d050187c6161Cf92330B61D6,USDC,6.380000,0.000000
0x51823f5862F31C29709F15E02FEfcB86E5b38Dc6,MAG7.SSI,77.159700,77.082400
0x519097aE9baA2F8828AA9d3A2383204dbDdE002e,MAG7.SSI,31.836671,31.787271
0x51924C71f5304517d10ccBFd0510ac293FA70DC8,ETH,0.101980,0.000000
0x51924C71f5304517d10ccBFd0510ac293FA70DC8,SOL,0.000000,0.099708
0x51924C71f5304517d10ccBFd0510ac293FA70DC8,USDC,77.730000,0.000000
0x5196bC67ED2528CF40f9aE275b3Ba3bc7Bc41536,USDC,15.300000,15.572456
0x519BE1D4e0Eb794AB9e91fa4cd9004Ad941D43A8,USDC,30.198576,5.000000
0x519fbdf13a264987Ac1536DF4E630C9EB9dF8630,USDC,271.763391,194.142024
0x519fbdf13a264987Ac1536DF4E630C9EB9dF8630,USDT,60.000000,0.000000
0x51BA31E2Cd748ea44E50a6ee0A20e293B9a99e30,USDC,15.000000,15.059061
0x51Ba36443151565B984cC7F7Bbfac510271dff81,ETH,0.002000,0.000000
0x51C386C5fD4DF0eB1906eFE49BC5DBC5331A39a0,BNB,0.025135,0.000000
0x51C386C5fD4DF0eB1906eFE49BC5DBC5331A39a0,ETH,0.003100,0.000000
0x51C386C5fD4DF0eB1906eFE49BC5DBC5331A39a0,SOL,0.140000,0.000000
0x51C386C5fD4DF0eB1906eFE49BC5DBC5331A39a0,USDT,8.000000,0.000000
0x51C48BEed349F6a4631441d7056587EF85f47Dd6,USDC,39.500000,41.607827
0x51D0264F9B477dA51AF32a9BeeD64D32b74A9978,USDC,15.150000,0.000000
0x51D301AaDCA15E73971A3C1b55F26e90FE1157Aa,USDC,15.545997,14.932798
0x51E607687Da6E5591938A86146383b48c0258B4D,ETH,0.010000,0.010000
0x51F9De310776Ed887147E3A663275FC9A710ef0A,USDC,19.890000,0.000000
0x51a340097584D1A9bB7e9725C170DEe426C570Ff,ETH,0.019500,0.004699
0x51a340097584D1A9bB7e9725C170DEe426C570Ff,SMAG7.SSI,19.122200,0.000000
0x51a3d224A8B21Db3408ACf66d3C3c3eaF547AbB5,USDC,50.000000,0.000000
0x51a3eadf968a9Cd30BaB070Be440d7Fb75bfF7fE,USDC,6.192953,16.380959
0x51a3eadf968a9Cd30BaB070Be440d7Fb75bfF7fE,USDT,9.000000,0.000000
0x51b0877C5834eBc2812F772950B06A3D6d3f3fBC,USDC,15.002400,0.000000
0x51cD50A82F3c8B008649ece62907AA3D1B438a7b,USDC,15.150000,15.150000
0x51d9F2D6ea05271f362bda2c61ed6B795C3E105c,USDC,15.010800,0.000000
0x5200f1C2822085527ADe1151CF2D559cea5bD316,USDC,38.000000,39.051469
0x520DFE25545839C916c02Ce773D3a9E17dFf4023,BNB,0.410484,0.381343
0x520DFE25545839C916c02Ce773D3a9E17dFf4023,SOL,1.794973,1.540048
0x520DFE25545839C916c02Ce773D3a9E17dFf4023,USDC,119.755043,208.514819
0x521C7c3c88ce3e3888C564fA855Fc541F180F513,USDC,122.505296,114.372187
0x521E22B2244B139C9759936384dbB77b8908B453,USDC,49.939428,45.576991
0x522477b444a51ca234221856eCe084CFCE81D295,USDC,16.000000,0.000000
0x522D8E90b6FCdBC752A492c43026394E59F9e02D,USDC,10.500000,9.537515
0x523573Fd987284DFeabeeB01386A34674a72EbFe,BNB,0.194502,0.032949
0x523573Fd987284DFeabeeB01386A34674a72EbFe,SOL,0.346471,0.000000
0x523573Fd987284DFeabeeB01386A34674a72EbFe,TON,21.524723,0.000000
0x523573Fd987284DFeabeeB01386A34674a72EbFe,USDC,216.406885,85.000000
0x523573Fd987284DFeabeeB01386A34674a72EbFe,USDT,13.992200,0.000000
0x523573Fd987284DFeabeeB01386A34674a72EbFe,XRP,16.691733,0.000000
0x5235EC8D22F08069b266433E8667D9176b5e6Fd4,USDC,43.000000,44.989597
0x523B27719a5B0388dB85cAb54906056E4393130B,USDC,41.700000,0.000000
0x523Ec177B237269c9056f784d205a6288F79f6Bd,USDC,15.000000,15.363468
0x5241BDa7989672fC1c19c1d5532166C652F4b2EB,USDC,53.790000,10.530633
0x52448A7CF714E609EB05e96a1BcfeAfc54726425,USDC,39.678700,41.622332
0x52459Ef145cA553819A980343Fe4532d7aFfe9bC,USDC,40.000000,38.641853
0x52487C2b32ccc2447ead4280B60305149aeDBd33,USDC,38.010000,38.757332
0x524aB153bB83C7b7DfAAF10557dFbe25a5F9E7e8,USDC,42.501947,43.076449
0x525393547d37C52384dB45e93878F68888a9d7aC,USDC,951.222100,901.415820
0x525B05617a0c05492243EADc2e58Bf2a49670c2D,USDC,15.021300,0.000000
0x525Be2B997303096ab92dd64c58681CdEcE5e43E,USDC,15.023700,0.000000
0x525D5af1276B09D705F3D63C525FaB5F54B0B9FD,USDC,25.000000,19.433894
0x52653c1473218A74E67e5c08d7f8dF624562c94a,SMAG7.SSI,99.875300,0.000000
0x527A3d99f641EB0E1cca066BE92D53eDDaDE44e8,USDC,120.364937,57.567528
0x527D186E186a79656EB11A786093b1dBC9c045f0,SOSO,38.676896,0.000000
0x527F46bF0587A88A44052D36a321677Cb1B707B6,USDC,23.050078,20.186897
0x528273d3f556f1eF5388Ca086718ce071687c4b4,USDC,75.129787,0.000000
0x528273d3f556f1eF5388Ca086718ce071687c4b4,USDT,10.970000,10.970000
0x5287BeCB69E35A10AE2543da1eEaE3550b0D3a82,MAG7.SSI,16.000000,0.000000
0x5287BeCB69E35A10AE2543da1eEaE3550b0D3a82,SMAG7.SSI,0.000000,15.903590
0x52898DEC0239d7046Dc08E79dB0FDCd00aD7414A,USDC,41.845900,36.347014
0x528FB1F2dA288dd594F22C6D8E950ee0fBd92994,USDC,41.000000,0.000000
0x5298ee5412B222e9142f5e539075747d6e2CBC2f,USDC,245.493436,101.262451
0x529A9eDaEFc2527957ac0EeDf1B76C7C8B5fbFd9,MAG7.SSI,15.016000,19.358309
0x529cDC6d2a40CCF833EecF4d356B05445B789a5C,MAG7.SSI,15.035100,0.000000
0x52B7B4C02db181393b014df377bC6a4462aD62CC,USDC,15.022400,0.000000
0x52B8Dd7c8F90927e500c7d4b3A6AEcaD79F9a7E0,ETH,0.008032,0.000000
0x52B8Dd7c8F90927e500c7d4b3A6AEcaD79F9a7E0,MAG7.SSI,131.437864,0.000000
0x52B8Dd7c8F90927e500c7d4b3A6AEcaD79F9a7E0,USDC,217.662696,0.000000
0x52D4c2a569E88af296E8Eb28c4b4798735bC44e5,BNB,0.013200,0.005200
0x52D4c2a569E88af296E8Eb28c4b4798735bC44e5,ETH,0.009000,0.010591
0x52D4c2a569E88af296E8Eb28c4b4798735bC44e5,USDC,0.000000,11.750589
0x52DBC8CcCac25A67AD99B6963d916c4bdC672897,USDC,51.000000,45.000000
0x52FABd422Ab717fca4D1Ecb5AC3a119276d4de88,USDC,39.000000,40.840629
0x52Ffc6d44E981CC041748532775e62BfF461e906,USDC,15.000000,15.327016
0x52b0a2Bf9a0b67553A3FAB3C96B2f94c770012B8,USDC,38.100000,36.795654
0x52cd222DFC52a78CF6E9E1de65641EECc0f695E9,USDC,15.018500,0.000000
0x52d9b50A92019560Bcb01919Bcf3cf9564fCb4F9,USDC,16.000000,0.000000
0x52dB5E5053c83ecE8eb996dc1a93A4021615Cec7,USDC,15.017400,0.000000
0x52e4860ceD41F6bB107aE5C7eef29C27FfC38a0b,USDC,16.557000,0.000000
0x52e7AA638D3d633F71E47d86cb5B2a3ecADEDD34,MAG7.SSI,10.436669,84.225962
0x52e7AA638D3d633F71E47d86cb5B2a3ecADEDD34,SOL,0.081009,0.204913
0x52e7AA638D3d633F71E47d86cb5B2a3ecADEDD34,SOSO,1.126300,0.000000
0x52e7AA638D3d633F71E47d86cb5B2a3ecADEDD34,USDC,36.741644,72.420891
0x52e9A6B429166895f6D69d47Ee3d1BA0b98124D6,ETH,0.062364,0.061234
0x5307d072632b8205d4a322Fa7CEDD78348a035B5,MAG7.SSI,0.000000,75.871500
0x5307d072632b8205d4a322Fa7CEDD78348a035B5,USDC,294.324201,262.078873
0x530A744deE3e6Bec0E619fF1f2E5D9Fe600E327f,USDC,5.500000,45.849880
0x5317FfBeDC6a39B5C120fa02c293745Fda947D9c,USDC,1951.000000,1952.924000
0x5319968DB1fA8A88f73bfB5FA81825caBdF613BD,USDC,40.000000,0.000000
0x531f6a63863e541705f1085620dEE5F03ace0666,USDC,39.500000,41.325525
0x532277cE7213DE88fad20DCBDAc7485200Fc2b38,MAG7.SSI,41.391228,41.391228
0x532C9D20D6BC8d75Edc6D849a4c060dABB8B3a43,MAG7.SSI,0.000000,77.601765
0x532C9D20D6BC8d75Edc6D849a4c060dABB8B3a43,SMAG7.SSI,0.000000,15.220804
0x532C9D20D6BC8d75Edc6D849a4c060dABB8B3a43,USDC,54.207735,7.510480
0x5335d92AA394bc3B49a00b0132C147adc9f7a423,USDC,1000.000000,777.719636
0x533F49110E80c0b2Cc4fc505efC138EA0816AEB8,SOSO,80.860000,0.000000
0x533F49110E80c0b2Cc4fc505efC138EA0816AEB8,USDC,15.200000,0.000000
0x53424f360083bfD6f289b149d766958AB493D9Cd,USDT,15.100000,0.000000
0x534D9AB2AAa831b24Cf5F83770b92da6239a8AB9,ETH,0.011572,0.011968
0x53538C5bBB677F72bed269B56176da5DBa6Edb51,USDC,39.500000,41.759391
0x535936cEdc407485eC36b17D0275bCd4133F3AF5,USDC,1980.000000,1980.298000
0x536431F84e76bEC9cE5312640A1700e7fe1fe609,USDC,49.800000,0.000000
0x536B0E3099c9846841541a54E3eb468D2A2a5C9d,USDC,20.000000,20.000000
0x5384FeD9CF2C0f849AAFA79E0a2904B94a9c68a4,USDC,39.500000,40.883217
0x538b3053b6809eE5DB351177c0502D79e1bF450b,USDC,39.000000,41.128125
0x5392a87c2ADf7a6D37Aad2dc5c1a2F0B42517594,USDC,49.800000,0.000000
0x5397a9659D5d1dd70694f156a4478f445F341005,ETH,0.002750,0.002750
0x5397a9659D5d1dd70694f156a4478f445F341005,SMAG7.SSI,73.296900,0.000000
0x5397a9659D5d1dd70694f156a4478f445F341005,USDC,2654.539096,2353.101826
0x539Aa412408E44C50cB239361cd1e3F8A28B7484,SMAG7.SSI,264.964200,0.000000
0x539Aa412408E44C50cB239361cd1e3F8A28B7484,USDC,2518.037454,2601.544934
0x53A519F7850fE8b2FD4544b18699CEB681098690,ETH,0.017480,0.000000
0x53A519F7850fE8b2FD4544b18699CEB681098690,MAG7.SSI,0.000000,75.784058
0x53B6f3AA266f0C782A04D96eAe382E1994dbcD54,USDC,17.000000,9.102400
0x53C0A1a289AF682BB6D86d52a62B49fE11db6119,USDC,64.568352,18.000000
0x53C5A54d6BC08986981a587428A0b584E26F75cC,USDC,574.751300,506.003061
0x53D67Aa504110Ed45FE0b735B68159AB2853Aa1c,USDC,2757.171376,2762.249821
0x53Da265806b74e490327c4625DB243379851e314,USDC,911.877913,901.255700
0x53DeA82AF5c0956d1e73670E39100BB9dADe6B69,USDT,50.104048,0.000000
0x53E0216E4b48028cD4eecE22882e496d7730125a,USDC,38.770000,38.614985
0x53Fc2f1D5dbF220D347B545176701cda913CcA30,USDC,37.000000,42.456351
0x53a7B95E3B0D188063Ea8d6562FE165Ce381Bc13,ETH,0.062163,0.061133
0x53a9fC57Bfe732e58F3132825647cd5A8f67e5d8,ETH,0.010000,0.010000
0x53bf80FbA20D1C0AaC412F605320249cfa11D034,USDC,38.000000,42.603525
0x53cC62fe9d7D0c1642ceC459819A37E6b095c6dF,USDC,1246.582855,1015.656827
0x53d14837262685e442D02aFFCeb9aa290895d869,MAG7.SSI,15.103900,0.000000
0x53eDA95a2ea8be0Dc81318441711C9F9D8dE4F13,USDC,16.000000,0.000000
0x540575b92F934a8E9d3EE4c22bA5f4E409E32c4c,USDC,6.468624,0.000000
0x5405CeeA83d8BBdC78eBB637B1BeA040ADee61A0,USDC,17.025566,0.000000
0x5410F0b36C250BADF502BB73C1224E5Fb144a1b1,USDC,15.086043,0.000000
0x541555ad7EAe1BaE8E07398B2B79d19d27E27036,MAG7.SSI,16.529364,15.049458
0x541555ad7EAe1BaE8E07398B2B79d19d27E27036,SMAG7.SSI,58.182600,0.000000
0x541555ad7EAe1BaE8E07398B2B79d19d27E27036,USDC,32.403045,16.100890
0x541555ad7EAe1BaE8E07398B2B79d19d27E27036,USDT,39.700000,0.000000
0x541892BFeCf0E6CFAF4603DD80aDe6E75115140E,USDC,38.600000,37.666730
0x541c655fe515E4f23cEBA008aefE77f76C14704b,MAG7.SSI,55.237110,0.000000
0x541c655fe515E4f23cEBA008aefE77f76C14704b,USDC,748.700000,437.977608
0x54331Ba969a47AA91A2297BBFccad3c74c1dCafA,USDC,36.800000,0.000000
0x543Cb063808897E8153eD38b08BF806D9F8F7214,USDC,20.000000,0.000000
0x543f115b56F9a06806013fBF3F838442C18C48dc,MAG7.SSI,78.127500,78.049300
0x544e5713E5b3c3249bbF8a865697fC363cbD4e53,USDC,1409.530988,1350.536592
0x544f51Fc669c56b4BEf24De928D5a8F9b1ca801a,USDC,116.745555,104.017979
0x545489F853dfC7EC66122001510C0F82dEfe0e3F,USDC,39.000000,41.235617
0x54602A11222cb043851A55F8D2Fb2724ee4fA47d,USDC,16.404700,16.299224
0x5460db4f1e2f530E67f68Fb2240C4F89Bd278D20,MAG7.SSI,29.548486,29.531586
0x54648670FA5B99fdafaA3Ceb46CA141B60Ed3b8A,USDC,16.000000,0.000000
0x54746508cd95f0b8bc034F141a3D5c2B8E68FdCC,USDC,39.748400,41.559308
0x547c5275aa499DB175E308B9E96f4a77Ed469c72,USDC,77.000000,15.401146
0x54849f7bb0625Acd98ffdd0356D8C4F8F3CDD440,USDC,200.000000,0.000000
0x54882caEfd89a1D8ab323C77DCcab91793b3eEFF,USDC,39.800000,0.000000
0x549a0fF624A9b90644c1dD9DB0E33F920d85afED,USDC,41.495700,41.495700
0x54AAB884947E6e7422980a6D62d735b567a55Cc8,USDC,15.002100,0.000000
0x54ADfd6C73b41ff1d4Cd94A44bFD7bA876457AF1,USDC,15.265329,10.228215
0x54B0Be98a86b74Ebb54C7d35568f0d200d686c85,USDC,55.653747,0.000000
0x54BdcCC83d0E33E9A6F396D3477dD6B2C8642915,USDC,40.000000,42.195480
0x54C23D28146841bbE4f02B9592C02953565Fc2eF,USDC,586.633032,584.351999
0x54C5398377795b90F3b5dFf4EdbB819D94A893ae,USDC,44.464209,46.488374
0x54CdAaD1b490bcd1d7DA1c2a44D59F48B5B89D53,MAG7.SSI,76.960100,76.882900
0x54Eb98DcDE549266339E277463Aa63D12C5115f2,USDC,652.102637,639.909054
0x54F373C732E2FBfC047C18092a992C164A6ED1BF,MAG7.SSI,15.019800,0.000000
0x54F552930a9f2708866806F608A17b088762d1b6,MAG7.SSI,19.073725,18.992989
0x54b4637C7Cee33dE7e6f3A65EA7633B08c323E99,USDC,20.000000,20.000000
0x54cD438bFe40DDC7616a55C1472B5504c0929A62,MAG7.SSI,75.540600,75.465000
0x54d6279F6FB4c3c76a1E5ae77f620fb55371b452,MAG7.SSI,855.000000,0.000000
0x54d6279F6FB4c3c76a1E5ae77f620fb55371b452,SOSO,443.776257,0.000000
0x54e18C22d2D650ca4ce59b17f71336F336519e04,USDC,39.154100,0.000000
0x54e85523a14bD46f9f37aaea8652456c2e3dd8b1,USDC,305.000000,297.160104
0x550a7387AaAD0f162F8Ce53F7f5BaF6Bd1661566,ETH,0.008000,0.008000
0x55175617234fb0F64ba51bAc6EFb0e7AF6267e91,MAG7.SSI,0.000000,324.534565
0x55175617234fb0F64ba51bAc6EFb0e7AF6267e91,SMAG7.SSI,315.889800,0.000000
0x55175617234fb0F64ba51bAc6EFb0e7AF6267e91,SSOSO,8.000000,0.000000
0x55175617234fb0F64ba51bAc6EFb0e7AF6267e91,USDC,168.000000,168.697496
0x551E4ED796323b2f76AEe3C1Fbf8532c9E4C3478,USDC,15.943029,15.943029
0x5520540ADEA184249688aB6344E395f58E59C4E6,USDC,6.554354,0.000000
0x5522F00dfCf907E5078e7C31CB02F732469DE331,USDC,100.911919,100.313531
0x55237b6be31904f82da11195139A1B7fbc4309f4,SMAG7.SSI,20.122600,0.000000
0x55237b6be31904f82da11195139A1B7fbc4309f4,USDC,387.708003,136.663564
0x553563F3A80eb0d7e689c79a551F0273F20ea99b,USDC,24.304019,23.000000
0x55437bd5a973dFD3b3E0387E5103f65274B4C9b0,ETH,0.008990,0.008990
0x5546E05071e388087c19B77B8df4F864cAFd13C8,MAG7.SSI,75.319900,75.243600
0x554768B410e20882CF2E81df17C9ee50947295e1,MAG7.SSI,76.000000,75.920000
0x5550B7adE5F229df3D3caa6a3A876eCe4970A644,USDC,102.000000,0.000000
0x5554760383143E8f759Db4F4D6A8e30E206672D1,USDC,40.000000,42.234339
0x5555e234ECbE55ABbC98Ca6778FbDFF1BC7BBCde,USDC,1010.000000,784.336615
0x55606c178f21c65C033458a3E5b321A14676A12e,USDC,998.371536,988.449792
0x55623F476218bef6Ab90d8057DD2AD01c5C2dA18,USDC,50.000000,47.045144
0x55631a04ef99078e7570a6683B76dF9a5A6Cb20f,USDC,15.006800,0.000000
0x556Ad675b2704B36C41030373E25da8b11BCF01c,ETH,0.099643,0.101876
0x556d23948dF292fdF8222F3049654046F0F8541B,USDC,41.300000,0.000000
0x5572C3f83AAA5bda222e0f7D0F1899fAbA18548A,MAG7.SSI,5.000000,0.000000
0x557A9533F158684790277Accf58E5297A2ed5Cb2,USDC,936.685150,925.471777
0x557AE2b2A7a06394B0efeE4289622B81Da311c5B,MAG7.SSI,154.041336,208.369982
0x557AE2b2A7a06394B0efeE4289622B81Da311c5B,USDC,42.200278,30.323757
0x557E16d1F2e29392B8c9a9281f09F8c672438531,ETH,0.013369,0.012948
0x558187955acd4ed3D1c960fb68a291D83F80de89,USDC,663.629983,378.361658
0x558187955acd4ed3D1c960fb68a291D83F80de89,USDT,49.850000,0.000000
0x5581Fdf7693CbE5C9FeF10b763A4DbD5D85cB4fA,MAG7.SSI,77.000000,81.117239
0x5581Fdf7693CbE5C9FeF10b763A4DbD5D85cB4fA,USDC,38.500000,0.000000
0x5581ce703C0201461c8f3637D9aB5A827f98E8C3,USDC,15.003500,0.000000
0x5589F55888888cC9c7dC99171826F709EceA8d9D,USDC,16.000000,15.393332
0x558b7D7B752B5dD70f88e6E987851CFD587202A9,USDC,15.004600,0.000000
0x558d7CE8916C8b1Dd4CF669e3e0BA91071978dbb,USDC,38.950000,38.220060
0x55902db54F9091Fa0A8F20651eE12600202E6b62,USDC,121.850014,0.000000
0x55916ec7429fe6b08C4B2779f7bC64672cF4c6E3,USDC,41.430200,44.449480
0x5593b9133Efb316f2D7a9BC8Abc89E88E595D60b,USDC,214.047136,205.868915
0x55975373c7Ea0A38fcD9E8b34E8429D73834703C,USDC,39.461010,39.622465
0x55990a9436AeA92b37e931A9EE4535895dF5F8A5,USDC,36.800000,0.000000
0x55A2170c6027c5D0517c6607535D317E626A747d,USDC,0.100000,0.000000
0x55Eff3041A1971f6894c106fB92BAE84bc0D4aE9,MAG7.SSI,75.710700,75.635100
0x55FF3f8bF530dFA37ae6671828326B84FaE3B54d,USDC,100.000000,45.859230
0x55Fe82238ADd7e9454c9aDBA7A3D632B05610bCC,USDC,5.100000,5.100000
0x55c7D7b63b0D1b0B44A4fB3c6a0Ae7578c1C94B0,SMAG7.SSI,2134.446800,0.000000
0x55cb0e1585341E6838D4C32AcfC08F8054A583a5,USDC,15.027800,0.000000
0x55dFF01408ED955C6195315cE0f7aB811aB69a0c,USDC,15.000000,15.324252
0x55deA707A7046b8333C072c6ce879DbF967F27be,USDC,300.000000,288.640841
0x55e9e240714E5EbEC3A3322DE60fC61c58E897aD,USDC,220.298349,0.000000
0x5602a75e09F12228eD318930D1C8616D6B06Bf78,ETH,0.027983,0.380107
0x5602a75e09F12228eD318930D1C8616D6B06Bf78,SOL,0.330000,2.073651
0x5602a75e09F12228eD318930D1C8616D6B06Bf78,USDC,1239.360820,116.517504
0x560e1C866725eDC4C3AaABE38683A7Ec8420C31F,USDC,39.625330,37.910505
0x56109BC0913afcE25b407cfDE73D3150Bc328e6A,USDC,39.800000,41.129844
0x56143023054C809E0c54dCcB4A6584c1ff1BD57b,USDC,909.926610,899.459680
0x561a6987Ac8E4662C96C1DF15c8826AF9544A0cB,ETH,0.007300,0.000000
0x561a6987Ac8E4662C96C1DF15c8826AF9544A0cB,SMAG7.SSI,10.181500,0.000000
0x561a6987Ac8E4662C96C1DF15c8826AF9544A0cB,USDC,5.200000,5.121977
0x562764e8F3eBA6BE30414db376162bd61FA6E0bb,SMAG7.SSI,6538.508400,0.000000
0x562C3799849CEFEfa81Dad5bCEACA615567ad9dF,USDC,15.000000,15.057547
0x562bb288069E6BD0fAC548C2C364b32Ce7b2c69A,USDC,56.285875,59.818224
0x562c3Bd30987Ca3cf14373e48988516461b0699a,USDC,100.013531,99.349396
0x56313D6039873AC1263077B4510751a35b2B32fD,USDC,43.487368,33.386430
0x56360F479cFA69145184A73f64023b04C631E68a,USDC,506.000000,0.000000
0x5639EB4b6Ee272c06CEE9615B70A0cE7C428ae19,USDC,987.149792,976.465354
0x56404954D85d8769025eb168821d9a228c425Cd8,USDC,37.950100,36.168551
0x565340CB606521500B49E5FA48be39E7e6440C99,USDC,41.000000,0.000000
0x56539267978e33C862b8773a521428F6c950bB7B,USDC,60.100000,0.000000
0x566C3aE60903d7705e31017837815bC44437d6F4,MAG7.SSI,84.026800,0.000000
0x56732eED76fff60879bC22DE55Aa78B07C820aCf,USDC,15.103993,0.000000
0x567636D4e6A65a973315f92de4bb1909E8aB66aD,USDT,15.090000,15.090000
0x567f6804789663BC07eAd4ff728922703aE0005b,USDT,40.160000,0.000000
0x568712D459bbfEf00C752aFeeb68A127413Fa307,USDC,0.000000,120.400000
0x568712D459bbfEf00C752aFeeb68A127413Fa307,USDT,130.000000,0.000000
0x56905Eef8088e87Fc6A24a0b981173dedE3A0363,USDC,39.152100,0.000000
0x5690C3dee028e371eECc5243C5709CF618b79F12,USDC,15.003500,0.000000
0x5692E9f2c8224A4104bFF7E3E7E45694E663A2f3,MAG7.SSI,20.000000,0.000000
0x5692E9f2c8224A4104bFF7E3E7E45694E663A2f3,USDC,31.484053,0.000000
0x5696EE5674Be1439f2cfAEfFbCEDb158f3E9b909,USDC,41.710000,0.000000
0x569B5B38835B61139516B81097318A1387C85335,USDC,15.000000,15.000000
0x569DbDF7bcEb2d5B034CC6a14f924F0e741E7CA4,USDC,41.100000,0.000000
0x56B255c5E62Be4e12bf6daDaBbD0D5a458eAeD9F,USDC,30.526944,12.900000
0x56C27e962E1584Fd407Eff29daafc91Bf4b4C775,MAG7.SSI,15.063100,19.914952
0x56Ce5Dd0F64Df9e58FF8Cc0D7A9eC95C31d0F64A,USDC,24.950235,24.950235
0x56D6409176eEfF1804dF81eB835bA158C0b81d9B,USDC,104.200000,103.546739
0x56D7Eca9629310cece56D3b1f4443308724a9De6,USDC,41.004674,0.000000
0x56E354d57698fD604fbcbbCC7241C4094cdD0C37,USDC,40.254714,38.589992
0x56E3D17b082Db2529291D0Fb2986cad87878de86,USDC,50.000000,48.023133
0x56E5D40C063F09A629C62975709eAc69b4e227a7,MAG7.SSI,44.608951,0.000000
0x56E5D40C063F09A629C62975709eAc69b4e227a7,SOSO,1609.430413,0.000000
0x56E5D40C063F09A629C62975709eAc69b4e227a7,USDC,2063.710686,0.000000
0x56F1C48B2B6bBa1974C6a1a0665F367aB7b46C91,MAG7.SSI,36.555761,74.841188
0x56F1C48B2B6bBa1974C6a1a0665F367aB7b46C91,SMAG7.SSI,0.000000,4.037928
0x56F1C48B2B6bBa1974C6a1a0665F367aB7b46C91,USDC,342.344420,303.515238
0x56a19ba880B0C0af59833A21D673E5Fc3eBD19Ac,MAG7.SSI,15.035600,19.927439
0x56a3d7C4D3D16a1D4632AA17eF48f8734774D410,MAG7.SSI,15.030000,0.000000
0x56e9cd2Dc24445e71d9C553E33CFC600C67fe7F9,USDC,19.459194,19.459194
0x5704BCA48bB5A6025C6a2194458e2b04b95312f7,USDC,38.000000,42.672441
0x57082bC0c495fBE89Db9bFA2917699B2C0d60a34,ETH,0.141530,0.116892
0x57082bC0c495fBE89Db9bFA2917699B2C0d60a34,USDC,10.000000,21.711800
0x570bBfF2DAB0482601ae5F5205Bf3C5932610Ef8,MAG7.SSI,65.623831,0.000000
0x570bBfF2DAB0482601ae5F5205Bf3C5932610Ef8,SMAG7.SSI,10.000000,0.000000
0x5715854fa4e1f12215dF19364F5B722095072765,USDC,10.000000,0.000000
0x572568668F1199c777BaF7bFde6D5116D8a1674b,USDC,98.988234,98.457571
0x5729443b25Db9f0789524B392019Fe566B770ac9,USDC,21.640000,34.138197
0x5729D102b8651362Bac93684BaEd8164f8A49b8d,BNB,0.025000,0.025000
0x572b57DD925B21fAcd1974850012915ab58b5101,SOSO,3.166330,0.000000
0x572b57DD925B21fAcd1974850012915ab58b5101,USDC,59.479251,62.702731
0x573c7af47181eb764Cae05EFa730a48D78203037,ETH,0.019058,0.000000
0x573c7af47181eb764Cae05EFa730a48D78203037,USDC,241.808849,294.547149
0x5741bbE4cc1c973F7b002cC688f8969Dc6d27458,USDC,423.760754,336.000000
0x5751712B559631E02386664b5d461474B8296479,USDC,50.000000,43.435219
0x575F980A98940C22a6E8a5D203826e43DF4eDA3d,MAG7.SSI,0.000000,77.362031
0x575F980A98940C22a6E8a5D203826e43DF4eDA3d,USDC,37.700000,0.000000
0x575eDF5257e0020A5321fbA2Ce470573FE0f7f30,USDC,38.200000,37.786461
0x57684D9992218cdd3240023a6102Aa3FCc9F3195,USDC,37.000000,39.083486
0x576d4b951dfDBf13069D2b2b341B59D164335Eaf,USDC,30.000000,26.976339
0x576e17B95757f5789A031Bd0790B8a88a21053C7,USDC,15.000000,0.000000
0x577400eD10627AD49600aE48860E05EFaC06E1b4,USDC,566.423394,623.671101
0x5776cF9E20Bc3a36De977566dd66d438eB9588F0,MAG7.SSI,15.122000,0.000000
0x577Eb8423cF9CE2D541BeBd760F6457E2BCAdFD9,MAG7.SSI,0.000000,50.094967
0x577Eb8423cF9CE2D541BeBd760F6457E2BCAdFD9,SMAG7.SSI,616.465200,0.000000
0x577Eb8423cF9CE2D541BeBd760F6457E2BCAdFD9,USDC,196.000000,0.000000
0x577Eee5DD72897bC0Fe2b6c4fb219643abe45012,USDC,38.010000,38.731288
0x5780449aA404059E7DD3A02469244736CD8D6F12,USDC,49.800000,0.000000
0x57840d61C3B24133AE30d8a0804B9b07Fb2BA253,USDC,15.000000,15.074062
0x5784676284347dBc083294C97C71305087249A5e,MAG7.SSI,87.856222,87.768222
0x578839bB44a6679ab8F114bEbdFEbb7CB306A622,USDC,15.180000,0.000000
0x5788D87cf8396Aea61Ac11f25F3980fEd96cb741,USDC,20.100000,21.000000
0x5788D87cf8396Aea61Ac11f25F3980fEd96cb741,USDT,20.000000,20.000000
0x57910f181B1A6FD1E2D41813507DB14a0E8a10e1,USDC,60.460816,17.349276
0x5795a2074837Db32bC22B278ee4415f16Ec3bCBE,USDC,41.230000,0.000000
0x579f204C405401Fd1abfBD75c46C238015EC99BD,ETH,0.010000,0.009898
0x57A1baa0D3EA09872d292Fc66769eDa321AfDEBF,USDC,15.300000,15.606065
0x57A7a381a68E9Ae0636710B7371C24750aa7A4A9,MAG7.SSI,15.197300,0.000000
0x57B55C1C26486091256d80c487b126DDFb8ebfbe,USDC,182.154916,248.338384
0x57C668b15479Aa7fA20B944B78f3A2576cfD6CFa,MAG7.SSI,0.000000,81.994615
0x57C668b15479Aa7fA20B944B78f3A2576cfD6CFa,USDC,40.000000,0.000000
0x57CaD0470E55b3e46dB917eEd8980e0d22265876,SMAG7.SSI,127.365700,0.000000
0x57Ec644F34bcfa03180634cdc5D5F26d704796FC,USDC,20.000000,0.000000
0x57F41Cf77e549f051cAE82F3a96dF2BAf236262e,USDC,6.000000,0.000000
0x57F4f709e1b5ab0cAB8DC03dB47FD28d925d6646,USDC,15.008900,0.000000
0x57Fc75FF30e74970250B019e87edf78167758135,USDC,18.000000,18.000000
0x57bfb61Eb8403998Cf5Dbbd744C15cD2DB5fE40a,MAG7.SSI,31.000000,0.000000
0x57c1f459E398d5677dE7d9acd9fd67f0272d102F,USDC,96.039539,95.461538
0x57c8F19E7C7A0a4f809db9359513765Ee692b57f,BNB,0.053917,0.190913
0x57c8F19E7C7A0a4f809db9359513765Ee692b57f,ETH,0.030076,0.000000
0x57c8F19E7C7A0a4f809db9359513765Ee692b57f,MAG7.SSI,18.036865,0.000000
0x57c8F19E7C7A0a4f809db9359513765Ee692b57f,USDC,105.045027,55.136747
0x57cfD360C95AF8b3f23BeE62ea33ab99DA5E393d,USDC,39.159100,0.000000
0x57da9b7961b10274dadAe8DeD4B8c0488a45388e,USDC,15.330000,0.000000
0x57db13ba95Ae9F4B70262169b6C4D5a7D22772c1,USDC,39.400000,38.661934
0x57e3194208eeF42550eE1278F3853Ec4c78195D5,USDC,49.800000,0.000000
0x57eFA0A6ae43E53716e50B090691A63E6afaD717,USDC,912.823318,902.230821
0x57f97c49db4AA3C7e9EED876657dA28eB3a6455D,USDC,199.301823,191.122772
0x580583250a283B1cC4BE6a310dD5355f7cB50758,SMAG7.SSI,49061.121000,0.000000
0x580807e7BC101aDedd6CEA4986c2Ebe0975e45FB,MAG7.SSI,12.105411,12.091179
0x580A594492bDd281735b2c41f895e006eE3c5Abc,SOSO,37.000000,0.000000
0x580A594492bDd281735b2c41f895e006eE3c5Abc,USDC,21.669235,40.449306
0x580c009F62EeBC5De81EfCC29305F6C07F647B5e,BNB,0.025000,0.025000
0x58117Cd74c97ff72A912aB21CeBb351dd5EafD9C,USDC,1400.390744,514.624036
0x581254a5Fb2A7d944617C9c37F33F0d229565e59,USDC,39.000000,38.187052
0x5814174290F0481DFEaB44aE58757665F7c6f5bF,USDC,65.198285,170.488424
0x581a12CbAb7fde0631f1F67F4ED988420C362D14,USDC,102.900029,99.097722
0x5827B03148F13744083649748ac5c925aAa1746b,USDC,20.000000,20.000000
0x582f3Bf9091A2926E2149E41a76309Fd13850703,ETH,0.062138,0.060866
0x583727F55F2470dc6A48e072ACee8132B75Ba85e,USDC,104.640000,0.000000
0x5844c51476fD80D0114B2CfE02523BAFBb341613,USDT,15.000000,15.000000
0x584743497098D00733d5D29FE80e020280427027,USDC,37500.000000,84000.049615
0x584b338A56c732939bb82030F82eebe0B2f9eA0c,MAG7.SSI,15.167900,0.000000
0x5851B2A4F0E40fE4FC2784a809f8fa4AE3aeA904,USDC,15.021100,0.000000
0x5857Aa1203C8C340aC531A100E252332d3Efafc4,USDC,140.547863,305.027074
0x585Ff0Cf3f347eB29D4f4C9a0fA33d10aD89e024,USDC,22.050003,19.186822
0x58699383a6C70B3Cc9a4CC873F15cB4CB5313921,ETH,0.005030,0.000000
0x58699383a6C70B3Cc9a4CC873F15cB4CB5313921,SOL,0.293473,0.000000
0x587ed0683581fE5bD127A3CE4450cFCe7E00629c,SMAG7.SSI,1574.432100,0.000000
0x587ed0683581fE5bD127A3CE4450cFCe7E00629c,SOSO,1.201500,0.000000
0x587ed0683581fE5bD127A3CE4450cFCe7E00629c,USDC,0.000000,96.983319
0x588090b263BC332aC521abE4d984c7f0967da2f9,USDC,15.012500,0.000000
0x58836E83c78ac84F764616b15eF61b162d046BB2,USDC,15.018900,0.000000
0x5885cccC4f3C7165E5FD4E65D152bF921a791Ed8,MAG7.SSI,15.207000,0.000000
0x5885cccC4f3C7165E5FD4E65D152bF921a791Ed8,USDC,0.000000,7.758562
0x58883A19D950F77b370f16D6dFb23549d8eD8B1A,USDC,15.014000,0.000000
0x588FEB0F1A5b3Be852Fde51Ed92F650027900B55,USDC,49.800000,0.000000
0x5898B5B0eAcdf31fEF832295DF12920b1bD9552e,USDC,613.695840,605.676420
0x589992B668a493A32E71b2F5bEF45637c03C0F2D,MAG7.SSI,15.250000,19.654498
0x589dB56d9D9e3E822360625761c73fb6B5fD81a5,MAG7.SSI,15.261100,0.000000
0x58A79B5Eb047825b1BC3c7070c3810d6Ef9d2369,MAG7.SSI,0.000000,76.371436
0x58A79B5Eb047825b1BC3c7070c3810d6Ef9d2369,USDC,40.000000,0.000000
0x58ABAaae01A42D037744a378748002d5Cc645577,MAG7.SSI,15.247600,19.887065
0x58AfacAc414ebdA289a7E13Dae78A01BeDF06fD5,ETH,0.012000,0.012000
0x58B3B29060D1f18caD5626fBF7fBD1a5fb481B3A,USDC,374.317831,217.701677
0x58Dc2718a1C4d2db6682B848B24Ae1581bf2d7fe,USDC,41.940000,0.000000
0x58Dd1478425c1FEe3FFBB6925f2f9e37254266Ec,SOL,0.179000,0.000000
0x58E3eC432622cFcD33E121a23a0A9a14a0Bf1F0C,USDC,5.000000,5.000000
0x58EDAC4FEa2A1327C5B362dd10cB8A0400e355b9,USDC,15.400062,14.107053
0x58EF6e9F01993866588D0b2B563ae28C67db8d4E,SMAG7.SSI,28.385000,0.000000
0x58EF6e9F01993866588D0b2B563ae28C67db8d4E,USDC,155.522440,0.000000
0x58F21FF8d4c7f43BC6e7E5336318061eE13b169a,USDC,811.484962,801.037280
0x58F2BEE4f48f41447b0E8cbE431dE64666aE657a,USDC,15.000000,0.000000
0x58a6B8BABfFe6b2E7798Af755279759Bb0769dE0,SOSO,50.000000,0.000000
0x58a6B8BABfFe6b2E7798Af755279759Bb0769dE0,USDC,937.941893,200.000000
0x58a6B8BABfFe6b2E7798Af755279759Bb0769dE0,USDT,71.240948,0.000000
0x58a75823D15ed287d5512279594E2E730920f80e,USDC,16.000000,0.000000
0x58a8DeF3E625DE0fb95f297A81A252b16d89adFe,MAG7.SSI,0.000000,89.401812
0x58a8DeF3E625DE0fb95f297A81A252b16d89adFe,USDC,5.000000,0.000000
0x58a8DeF3E625DE0fb95f297A81A252b16d89adFe,USDT,43.000000,0.000000
0x58b944a893DAd27d883EEC753524d9a4Ebee6bb2,USDC,5.100000,5.100000
0x58d7ea4d4f898Ff2E7Aa369869FC1FcC4C61e9ff,USDC,29.323829,28.723798
0x5900F2Ff642fBDf09c51ed13f4df62370FDA90F1,USDC,267.002561,127.678599
0x59049007C501D41d9fe5bcc66d3860aF9575b965,USDC,39.000000,38.435869
0x5905c9Dea6Ae52AA0947D8F7F218263889eDfC4E,USDC,5.000000,5.000000
0x591746411B6B6558B1CC36928eddf380CCD13213,USDC,15.697700,15.697700
0x592B9943F7C723828703720Ad8050eA3CFbDbB9B,USDC,32.450000,19.000000
0x5932A840E82B8A2FdfE80915B10bbD8c62204415,USDC,477.272300,407.000000
0x5936eec4d8a33962dD53ec975E91Ab72cDf57C78,USDC,1078.878070,1068.549311
0x594a4c40ec1b4D906EeEF7e6D96d3FAEc4b1e1dD,USDC,39.756100,0.000000
0x594c8DB12eB8D6D355D80dF22A3858cCe395354A,USDC,29.000000,0.000000
0x594e35F05Ae66ecbf4b6503088e324c4A9C45f21,USDC,8.100000,8.057481
0x594fd7A747c6433ABd9e937532a9911ed120D3da,USDC,15.300000,0.000000
0x59528d8471eccdde052a17ae4B1574246A9Fcb6E,MAG7.SSI,0.000000,78.210679
0x59528d8471eccdde052a17ae4B1574246A9Fcb6E,USDC,38.100000,0.000000
0x5955621Dbed75c9a245541160C4Cb2dde384db59,USDC,15.120000,0.000000
0x5966eFC421cB1e9B9C59Dd6e9CBB50555c68dAc3,USDC,39.857000,41.493783
0x5968E8bdD6142152cA6395f87972d87432B5c564,SMAG7.SSI,10103.418700,0.000000
0x5971Ca2D03998D1387DdD35188D82fa1D6ECf4A5,USDC,15.000000,15.201276
0x59789D3216e7EA4911cb737594F1905296aa4cF1,MAG7.SSI,15.019800,0.000000
0x597C86fA014A1eaa50C97Ac6FAf093Ed9cE25780,MAG7.SSI,0.000000,76.792356
0x597C86fA014A1eaa50C97Ac6FAf093Ed9cE25780,USDC,40.000000,0.000000
0x597DeF13ae2132B7FB85fb566e04398EFAf24b03,USDC,16.000000,15.426725
0x597c2E3f49B825442FaEEb8F79Ae9c2cf48BE3d5,USDC,40.054401,0.000000
0x598e7534070004Cbf7ad83C63E1168B51EdDAf38,USDC,562.746916,554.405737
0x5991B6B5d448d3c6332c8447A3994a3866b0B01E,USDC,39.000000,37.662220
0x599c243887E2c364C52051Ca12718C423F2D7952,SMAG7.SSI,468.863400,0.000000
0x599c243887E2c364C52051Ca12718C423F2D7952,USDC,594.716858,659.236768
0x59B0338715Bf3993fE0cc2711E331D34150fd2E1,USDC,15.120000,0.000000
0x59B9137B33d3467CeE0Fd451349b2c8C5849069A,USDC,37.260000,0.000000
0x59C3F90e0c36972bbE3998f3A17459b175D4ec08,MAG7.SSI,15.058300,19.430464
0x59C752239E87CE7b855B0D4Fa06C189A4C8D6734,ETH,0.035797,0.034888
0x59F03A376F7A24C330F43Bf722453Dbc7f519839,USDC,39.050000,39.227002
0x59a626d70Fe78311c2b99a0b6c8966F40D599d59,USDC,44.560200,0.000000
0x59a80A0cCC33E496d613c4b233f06Fec6Bf926b7,BNB,0.025000,0.025000
0x59af9e39f802a74C6d29f8C230f8D0Ab90C86625,USDC,5.500000,0.000000
0x59b0501fd735E64Ff43a4C9eaa77AABa4044e403,SMAG7.SSI,789.532000,0.000000
0x59bD3E449B4cecee4e4d204960c8F75142D316B1,MAG7.SSI,0.000000,78.628285
0x59bD3E449B4cecee4e4d204960c8F75142D316B1,USDC,40.710874,0.000000
0x59bE5c674cEa55eF63c13C5BDEF3F4A322AbAA0a,MAG7.SSI,750.330451,0.000000
0x59bE5c674cEa55eF63c13C5BDEF3F4A322AbAA0a,USDC,606.788547,1047.158311
0x59c032a43132Cd55D311D1751E576F7D95cb5357,USDC,15.300000,15.603124
0x59c1e4fFF0f0297b3d2bBe8fF83f1229cba32f81,USDC,38.980000,38.499222
0x59eE4af6e920134a74E1C29BF27452e0df12227b,MAG7.SSI,58.547480,74.169800
0x59eE4af6e920134a74E1C29BF27452e0df12227b,USDC,54.891998,45.214359
0x5A0A4a6F8F8B3C91f442e45c60e20Ec5161E6B53,ETH,0.027793,0.014308
0x5A0A4a6F8F8B3C91f442e45c60e20Ec5161E6B53,MAG7.SSI,162.739108,325.978216
0x5A0A4a6F8F8B3C91f442e45c60e20Ec5161E6B53,USDC,325.461391,85.766450
0x5A15dD73178608FAd9d04D28F315289410ac7cf1,USDC,18.704786,6.828904
0x5A1A05aC16194f277cFD4f097541d3674A0F49c0,USDC,37.950100,36.234982
0x5A3b43728d836C69F1Bb343d75F1c0a9018DA744,USDC,98.339313,0.000000
0x5A5312948C197ff73Bf03C09b754E3C509e61376,MAG7.SSI,15.043000,0.000000
0x5A53690221B5bE13aDcF1d61c2D9d3D3e4024022,USDC,42.950235,42.950235
0x5A54557bDb670F251e9596F840965C857dA6121E,USDC,9.900000,7.693735
0x5A6267d16A5A7C7aeF61AA94b9f686d6b103231C,USDC,283.851841,270.086054
0x5A78301288d45Ec4EDc582EC8b83ea41BE525b6d,MAG7.SSI,15.150000,0.000000
0x5A7a872a0Db52B52927719080063Db3745A68558,USDC,61.000000,43.482872
0x5ABE49d35a1B51ecDDb0EbdA7a886A5F33b6D01B,SMAG7.SSI,349.840000,0.000000
0x5ABE49d35a1B51ecDDb0EbdA7a886A5F33b6D01B,USDC,77.704981,227.496081
0x5AC56b9c88258b39dF90100DEf3d13F2e8b8eF22,USDC,16.622500,16.622500
0x5AC8D430c9049507AF699c3847Dd2844b3e15CcF,USDC,15.272530,13.705710
0x5AE53c68FaE0a07B6172662B3B13C7A2a09a638A,USDC,20.000000,20.000000
0x5AF24e90a852cd153556539C0b7085F372Ab7DEc,USDC,16.000000,0.000000
0x5AFF6D9Fb17f290C44F5dEeAc3C4e9484e9B2B4d,BNB,0.009528,0.000000
0x5AFF6D9Fb17f290C44F5dEeAc3C4e9484e9B2B4d,ETH,0.008000,0.005090
0x5AFF6D9Fb17f290C44F5dEeAc3C4e9484e9B2B4d,USDC,21.835308,74.985427
0x5Aa44223B8F59b40b2578f7900f01F25836fe006,USDC,165.117870,118.400000
0x5Ab06991e20206d4DFdE3681E466ce7182C0DCb2,SMAG7.SSI,36.460500,36.460500
0x5Ab0BAc5443516a55F6F66AA4Cf03826E1beE954,USDC,15.000000,15.309423
0x5AbC8a77CB6a174A6991aA62752cC4ad07AC517B,USDC,50.570259,45.303670
0x5Abc06b494469faBc6436b411637e0668909a3C0,USDC,84.582704,84.582704
0x5Ac7A44d6A39ee14f5F934D50378EeD27E3F1437,USDC,3049.350147,2456.167678
0x5Af2A8Eba93b54E69991C0AaD0d23AeDD40d9BD6,USDC,204.776126,10.000000
0x5Af6f729bF51130BcAB85B3AA585eF2c5b6A073c,USDC,37.189000,40.642536
0x5B01AC13B78FaB35Ebc606006de09cA3fc29c857,MAG7.SSI,15.050000,0.000000
0x5B11e7130E49cbD8B8E371Aeb834e866eFB00b94,USDC,25.895600,8.947357
0x5B16b9dae2ae6640476453A44e84cb19152f3790,USDC,41.306800,0.000000
0x5B1Fc3613553487454001A016243E6b0Eb4E38a4,USDC,596.947000,506.988480
0x5B38626A14e6024498de3574624628A7A130c4DC,ETH,0.063399,0.061824
0x5B3B8EE82469a232447DC0AA7557979260Ec7089,USDC,16.000000,0.000000
0x5B4Ba5d6e5fFD57AcC4b8a78229E20BE0440F3b5,USDC,39.156100,0.000000
0x5B542574e1480Bdf1521a8223d5F34919a1788Ef,MAG7.SSI,15.036200,0.000000
0x5B6Dff038212cCfd711340A9BaDcedf954DC6Ee0,USDC,45.000029,0.000000
0x5B6af25cB53D1B271F79ED989EB82F7c9f3177Fa,ETH,0.024000,0.000000
0x5B6af25cB53D1B271F79ED989EB82F7c9f3177Fa,USDC,74.363264,0.000000
0x5B7Df1c202bA681EBa752DbB60Bceda400B0Caad,USDC,15.002400,0.000000
0x5B8407DC0380AC2e7AEC93D86e79bf4Cced014CE,USDC,39.050000,38.280458
0x5B8BaEF4feE2e4858b47d09b629045D2f1669cC2,USDC,38.000000,40.452880
0x5B8ECB5439B64C88C6fd61df1f874A599E0F1dF0,USDC,18.180223,10.511459
0x5BCfb6EE0B943035c990836Bb8d662F35f13a98F,USDC,59.719483,0.000000
0x5BD61F2B7eB1BcfC0Ae9ec58f26B553f3c6d1d5D,USDC,37.950100,36.114674
0x5BcCa3d41Be072C04FBa2848399737c04e6690d7,ETH,0.003000,0.002894
0x5Bca1CbC516d36F89619E893aB54f12f5E9a9274,SMAG7.SSI,1398.166300,0.000000
0x5Bca1CbC516d36F89619E893aB54f12f5E9a9274,USDC,37.200000,0.000000
0x5Bd41b83AeD1cD09Ae83A78F27CF6C6CD9d5a4F1,USDC,7.960000,0.000000
0x5Be4F92760124B3A0CB0AE9E68b1b4832B03422E,BNB,0.000000,0.017987
0x5Be4F92760124B3A0CB0AE9E68b1b4832B03422E,USDC,15.949000,0.000000
0x5C0Aed74917667f07786947Ed677A7E3c808e006,MAG7.SSI,1101.458867,0.000000
0x5C0Aed74917667f07786947Ed677A7E3c808e006,USDC,5500.032468,4224.683700
0x5C307041e6FEDf2FF23482d0854aDBB156BDD3cA,ETH,0.007600,0.004742
0x5C307041e6FEDf2FF23482d0854aDBB156BDD3cA,USDC,20.605995,15.671868
0x5C32Bfcbfdc37159147DABd92Cf406A6d05923eC,USDC,50.000000,43.452400
0x5C3d1dcf0c737109ad53D3E72ADcc72B6F7122d0,USDC,63.017103,25.350000
0x5C4125e76aa2b7C86316304f7576827a733b2b13,ETH,0.008100,0.000000
0x5C541b3f322416EbC28B09De4EBaDC3895D1c6DC,USDC,15.024000,0.000000
0x5C9BE0BFa6b68118635Fd7D6D9700538a34A2811,USDC,22.894097,0.000000
0x5CA18142b3Aa0E4e580ec939fe3761af37395262,SMAG7.SSI,6798.922400,0.000000
0x5CA18142b3Aa0E4e580ec939fe3761af37395262,SOSO,690.375000,0.000000
0x5CA18142b3Aa0E4e580ec939fe3761af37395262,USDC,0.000000,243.452977
0x5CFAA0EEb4399eB314FaD7d2BEe2D29aBfBC2955,MAG7.SSI,15.054500,15.039300
0x5D07Ed54a6e975b0824a41C73e849079b11D87d3,MAG7.SSI,75.000000,0.000000
0x5D07Ed54a6e975b0824a41C73e849079b11D87d3,USDC,897.979780,857.575030
0x5D20495781dF8F7765375a9198645Bbaa4aed102,USDC,15.008700,0.000000
0x5D2E2643Cc8E243d2c4f4AFC26FB51eCE98078e0,MAG7.SSI,31.185000,0.000000
0x5D452D248bB1F1DD4e7382f17D9a6818074F0962,USDC,20.000000,20.000000
0x5D5041aeA2104D4ACA155BdA1fF99728D236B86b,MAG7.SSI,0.000000,74.945285
0x5D5041aeA2104D4ACA155BdA1fF99728D236B86b,USDC,46.400000,6.904910
0x5D512a181DDE0D4f83Eb80Caacf2F60F48c826b7,ETH,0.021100,0.000000
0x5D512a181DDE0D4f83Eb80Caacf2F60F48c826b7,USDC,25.100000,35.420844
0x5D544B12376B7619aA34AC402d13e42796F84f55,USDC,15.024000,0.000000
0x5D6c740351096496c1e7E6Af1021DC3ECFB653Fe,MAG7.SSI,27.764065,30.532507
0x5D6c740351096496c1e7E6Af1021DC3ECFB653Fe,USDC,21.345189,0.000000
0x5D7744f083D56BB700362e9DB7BA66B9b3B5388A,SOL,0.651096,0.000000
0x5D7744f083D56BB700362e9DB7BA66B9b3B5388A,USDC,0.000000,43.366734
0x5D78B3DB0A85612AadD04e1A25d975B1A08E21Ec,MAG7.SSI,15.040000,0.000000
0x5D7c4904FCd6335b65DABA9A054eAcB818fD612f,USDC,39.969100,0.000000
0x5D8137B6cccbE12937a681540377c0cCc0b27029,USDC,94.705394,93.780133
0x5DCEBdF9b627C64a32b7157D51117E8fb2Bd2293,USDC,39.000000,41.026080
0x5DCd6d3F4BE7b78D7019Ac9975B1E93Ba1c3B12C,USDC,47.000000,0.000000
0x5DDDB03efc2d15DBA8515DEc9a13f438c0a71177,USDC,15.002500,0.000000
0x5De15381350e25318b877a796081973c042Abe21,USDC,37.659000,41.249155
0x5DfFf70406dF41708240dE174F97A317834d2fd2,USDC,38.400000,38.373235
0x5E0309Ab8a19e347D429e9965E2E8c6feC04d696,USDC,15.011200,0.000000
0x5E07AfaBF9d897F67C53ecFC17F1bdCf759Bb93f,USDC,16.000000,0.000000
0x5E384b18e7A42cA92680BdD724BB003D111EBeB6,USDC,104.214360,102.887019
0x5E3E567EA8864A52DA85724C3B1a2B38C51f8D9c,USDC,15.220000,0.000000
0x5E583d365D2D1C42fB7502E0Cf91B22822139D12,USDC,42.996000,0.000000
0x5E593459fC1B9372947CE56ecEe1cB10ec8376a6,USDC,15.000000,0.000000
0x5E695C407f797306b8C189e4af6B19A7d57b2aDD,USDC,180.000000,0.000000
0x5E6cd081b5ad5a7D56796c0c1904E059da5b9895,USDC,39.000000,41.082239
0x5E7A15D27f67D5660176198944bd56a9d66fD29b,USDC,0.000000,10.298931
0x5E8E41094C63D32636a1e2ADA03DCbc08F355303,USDC,39.155100,0.000000
0x5E8c558fB8653B4294e6031C73Bb81b163375Ff8,SMAG7.SSI,54848.325100,0.000000
0x5E8c558fB8653B4294e6031C73Bb81b163375Ff8,USDC,0.000000,2773.917717
0x5E8de1e6EbeA20A0906cD25834B5560a15095a2e,USDC,37.000000,42.138138
0x5E99432E81038C9c0beC40443Bc9391073cafCEf,USDC,38.540000,38.385236
0x5EB48F79280ee316e416fa07FE3aECc807cb360C,ETH,0.002000,0.000000
0x5EB48F79280ee316e416fa07FE3aECc807cb360C,MAG7.SSI,0.000000,79.190798
0x5EB48F79280ee316e416fa07FE3aECc807cb360C,USDC,38.165576,5.239917
0x5EFe826691405dFd26e269C449123bDFcE30EFAD,USDC,39.154100,0.000000
0x5Ee0215cbda10D8752cAB0Bd013Ea2876cAeD086,USDC,16.000000,0.000000
0x5F07B233c42807A700Cf6E88306DA0762702e7dc,USDC,43.763200,0.000000
0x5F14B5BAF62c94FeB30C5b9a0c03CD893f1176D8,USDC,686.793178,683.814786
0x5F1a28719b7410aF3B6c26a03Df7E5B1bBE58894,USDC,15.330000,0.000000
0x5F46D0d331d1507D19822F863A44Eb2490f03cb6,USDC,58.000000,54.672728
0x5F641F431a7d8f0e62D32D029E148E7797d534D0,MAG7.SSI,0.000000,145.124990
0x5F641F431a7d8f0e62D32D029E148E7797d534D0,SMAG7.SSI,55.768100,0.000000
0x5F641F431a7d8f0e62D32D029E148E7797d534D0,USDC,84.714031,20.001837
0x5F6A8432c926768A1e9ee8C99BE770EbDB03b989,USDC,513.564943,505.388323
0x5F6C3A79A7Ef856Ee2a26817E22DDf716d499A88,USDC,100.000000,107.933871
0x5F7Bb3659e7CAD6E84CD41944FC8E980FA0eb9D3,SMAG7.SSI,38.960500,38.960500
0x5F805CC3E64D11f752eDf84643BdcD4Bf9DDfdFe,USDC,23.050062,20.186881
0x5F82De4e155B11bF353A451680595FfaFe21C939,ETH,0.000000,0.021785
0x5F82De4e155B11bF353A451680595FfaFe21C939,USDC,50.000000,0.000000
0x5F887B6EA8648e694aD2F153f5Ad9ecF62254dA1,USDC,15.500000,0.000000
0x5F928Ca70095c8aabA7b631F40C82b39A4D01721,MAG7.SSI,79.189200,79.115400
0x5F95BE22C4810D3E58b260423536d32D2FdD8243,MAG7.SSI,1374.846231,0.000000
0x5F95BE22C4810D3E58b260423536d32D2FdD8243,USDC,132.000000,0.000000
0x5FA6C9971e8752CB2522FB4DC02040F8457f9448,MAG7.SSI,0.000000,15.961214
0x5FA6C9971e8752CB2522FB4DC02040F8457f9448,USDC,15.000000,7.033600
0x5FA788c1Ff5781C406B65d32efE7E22201989Bad,SMAG7.SSI,790.680800,0.000000
0x5FD2cBBD8473E70a9ae7099665aB7fa82DD114Fa,USDC,40.500000,39.756296
0x5FE6f1Aba8C4c12372c0871C56F047AAb0E838c3,USDC,39.000000,41.251273
0x5FFA25173a6F751B03A91B244AcDB9a1b52F86F7,MAG7.SSI,9.904111,9.904111
0x5a0b7488f20AA8D604359fdeb52503726272940c,MAG7.SSI,16.000000,0.000000
0x5a0b7488f20AA8D604359fdeb52503726272940c,SMAG7.SSI,0.000000,15.913670
0x5a131D37F6Fb8A2D713f3A5f9A9575a6F6324454,ETH,0.017400,0.000000
0x5a131D37F6Fb8A2D713f3A5f9A9575a6F6324454,MAG7.SSI,0.000000,75.786458
0x5a20326BB7BFb49EA7A289DFAA636F6DCff61ee9,MAG7.SSI,23.451691,0.000000
0x5a20326BB7BFb49EA7A289DFAA636F6DCff61ee9,USDC,10.000000,37.627129
0x5a3D26f09d599F7406cf9340374ae6aeEE0500F2,MAG7.SSI,0.000000,76.769776
0x5a3D26f09d599F7406cf9340374ae6aeEE0500F2,USDC,40.000000,0.000000
0x5a3EE1C190D971c22F6c538195314deD3B06B000,USDC,16.000000,0.000000
0x5a5f1031C0834BcA1E13cb72123d16d4D3Ee6f72,USDC,368.500000,263.531454
0x5a65AB20B65DE468DaB17a2e49B3EeFB854e4E45,SMAG7.SSI,328.774200,0.000000
0x5a65AB20B65DE468DaB17a2e49B3EeFB854e4E45,USDC,50.000000,0.000000
0x5a66C289082dE82C92c3735531d9959F68920204,MAG7.SSI,0.000000,15.155233
0x5a66C289082dE82C92c3735531d9959F68920204,USDC,56.915783,49.165783
0x5a8238b049cD73240CE85c0d145CaE566DdC252A,USDC,39.500000,40.840967
0x5a94c95dC8F68e245EE69BC81caC8Dfc1E0A3A3D,USDC,24.899884,13.283810
0x5aB3b7c5914274a0588329B30A2B069Be32a689c,USDC,15.000000,0.000000
0x5aB486c9Cd3513A20FD27907C5E57A78FDF25c9c,ADA,96.393661,101.654941
0x5aB486c9Cd3513A20FD27907C5E57A78FDF25c9c,ARB,81.195783,162.391564
0x5aB486c9Cd3513A20FD27907C5E57A78FDF25c9c,BNB,0.022888,0.024948
0x5aB486c9Cd3513A20FD27907C5E57A78FDF25c9c,BTC,0.000000,0.000522
0x5aB486c9Cd3513A20FD27907C5E57A78FDF25c9c,DEFI.SSI,47.038391,45.493135
0x5aB486c9Cd3513A20FD27907C5E57A78FDF25c9c,ETH,0.017138,0.028103
0x5aB486c9Cd3513A20FD27907C5E57A78FDF25c9c,HYPE,0.000000,0.677877
0x5aB486c9Cd3513A20FD27907C5E57A78FDF25c9c,LINK,1.475631,1.475631
0x5aB486c9Cd3513A20FD27907C5E57A78FDF25c9c,LTC,0.449680,0.235340
0x5aB486c9Cd3513A20FD27907C5E57A78FDF25c9c,MAG7.SSI,774.542749,689.628605
0x5aB486c9Cd3513A20FD27907C5E57A78FDF25c9c,MEME.SSI,44.889076,45.055375
0x5aB486c9Cd3513A20FD27907C5E57A78FDF25c9c,PEPE,51027.164460,0.000000
0x5aB486c9Cd3513A20FD27907C5E57A78FDF25c9c,SHIB,1938656.973550,2188656.973550
0x5aB486c9Cd3513A20FD27907C5E57A78FDF25c9c,SMAG7.SSI,273.217977,54.000000
0x5aB486c9Cd3513A20FD27907C5E57A78FDF25c9c,SOL,0.080000,0.152473
0x5aB486c9Cd3513A20FD27907C5E57A78FDF25c9c,SOSO,28.045948,0.000000
0x5aB486c9Cd3513A20FD27907C5E57A78FDF25c9c,SSOSO,11.013800,0.000000
0x5aB486c9Cd3513A20FD27907C5E57A78FDF25c9c,SUI,4.699136,4.699136
0x5aB486c9Cd3513A20FD27907C5E57A78FDF25c9c,UNI,2.388121,2.888121
0x5aB486c9Cd3513A20FD27907C5E57A78FDF25c9c,USDC,461.038694,816.638235
0x5aB486c9Cd3513A20FD27907C5E57A78FDF25c9c,USDT,37.376343,0.000000
0x5aB486c9Cd3513A20FD27907C5E57A78FDF25c9c,USSI,14.107223,15.107223
0x5aB486c9Cd3513A20FD27907C5E57A78FDF25c9c,XAUT,0.007972,0.008372
0x5aB486c9Cd3513A20FD27907C5E57A78FDF25c9c,XRP,6.800000,6.892650
0x5aD9F3e5BB0D56d1B5Bad5CeF2DAfA6f3918B5D2,USDC,15.000000,15.051475
0x5aE094B5A61aA59a4a796da35B27d185aA392ff9,USDC,15.300000,15.652958
0x5aEd66A542Afe8C99e33AbfeB7c9D8500148549D,USDC,502.518000,407.982720
0x5ab28bCc1d03CA1dF8C95248086B7bbD313832D6,MAG7.SSI,75.239900,75.164000
0x5ab909f1BfD308eC8889882530f7AE39711D6ca8,USDC,37.000000,38.987093
0x5ac86A1e8F26b6A9A14f494f10c211695774c68c,MAG7.SSI,105.564048,0.000000
0x5ac86A1e8F26b6A9A14f494f10c211695774c68c,USDC,1383.627116,1223.477456
0x5ac86A1e8F26b6A9A14f494f10c211695774c68c,USDT,345.192908,0.000000
0x5b073EF88548C273bf9E8C229c5F401f0f6A3901,USDC,30.806027,30.806027
0x5b1e1b404a033Aa5fE3E9a868066770BB7164134,USDC,618.609525,607.996687
0x5b259BCE695b2Ff52A90B6945e8c6D3857c7355D,USDC,49.000000,49.554638
0x5b2ddfD2054bdC89eAE94F4ff983E0F21C045dF2,USDC,175.300000,0.000000
0x5b31EBC70C99a031C01A20FaE5D8c0F0BC84220C,USDC,44.500000,0.000000
0x5b33C8a696132A3194D18513AB9f2E35ba9B5e89,ETH,0.010000,0.010000
0x5b36efa7455418B7Aa33dDe329986B678fC2b2b6,USDC,300.000000,291.662473
0x5b4792A02fcc52b2DC61894670989ea0df40794a,MAG7.SSI,378.490800,83.000000
0x5b4792A02fcc52b2DC61894670989ea0df40794a,USDC,54.393929,18.190766
0x5b5c12fdb45CF263c72bCE7024EEFad9BdA1c1eD,BNB,0.081513,0.011505
0x5b5dcc01Cf1f9b97cE67CF9A3f151fCC43D674a1,SOL,0.000000,0.058958
0x5b5dcc01Cf1f9b97cE67CF9A3f151fCC43D674a1,USDC,14.936442,0.000000
0x5b68E132A4272B3ca617762CffF4CdAfa61e63C6,SMAG7.SSI,5.649300,0.000000
0x5b68E132A4272B3ca617762CffF4CdAfa61e63C6,USDC,9.897029,10.089781
0x5b7810aEa2ADD7D7106e2f13864F0E82DD75449c,USDC,16.000000,0.000000
0x5b8046aD46f673f8D12241946773980e7c7Bdebe,USDC,749.932787,739.219069
0x5b87D77A6f909ca2f854E1f9B16Ef646422222c9,USDC,68.005488,24.293725
0x5b92Cff4C4e727276457273bE673ec19539FF26D,USDC,15.050000,0.000000
0x5bEC9E2e917e9d560265a129d3aa4366f2A1b417,USDC,15.300000,15.609405
0x5baE72aea6131D18F690ABE7C8eb3Aa50fCFf96D,USDC,2059.596686,2194.325192
0x5bb39f11F9A173DffC3c1E7C71c56b0D5E62ACf3,MAG7.SSI,77.223600,77.146200
0x5bc37F360Be0f3B3Db06b7628ba8205fFC56b274,SOL,0.120547,0.000000
0x5be2A61944c28BC4c5Dfe8C70Bb7BEDBe95bEf37,SMAG7.SSI,36.960500,36.960500
0x5c0566252cA3ab286dd2394D3D315e37eBCD27Dd,USDC,39.968100,0.000000
0x5c38d4A9b9b14a45AfbB2e031072EB50e5353417,USDC,35.000000,35.000000
0x5c3D1D288599F4E4bF5260fA9C21d6146aC87Da8,USDC,75.658515,40.698024
0x5c3cd682BFE217deC9A82cd8930172d9C072E2AF,USDC,64.070072,18.817102
0x5c6bC78350909C3a899C46551480eED6261Ed3da,USDC,39.960100,0.000000
0x5c7429B84D5D749Ac07aB00f7644aa11F03E904F,USDC,115.552764,121.721266
0x5c7548c3F5B3BD3391e068FdF2781C0c5DaBe1ac,USDC,41.030000,0.000000
0x5c8838B1Be9880a66D9b4Dbfe4937637B5D3B6d7,USDC,15.277739,0.000000
0x5c995767B335f985D7c4C2250cfCE5E50CA96bBB,ETH,0.036336,0.035523
0x5cC32E092481FdE9Bd893aF313bDd9F82c4B4EdC,USDC,41.000000,44.264565
0x5ca1588cBfbb8F49F313B26631EF80547694fE50,USDC,39.820713,38.229717
0x5caCC4a06397F9063a64eE2c7049daD8f7523145,USDC,16.825365,5.853785
0x5cacb4d022f4e9ddf1169E2503fcA0d3b6Ae2778,MAG7.SSI,15.155900,0.000000
0x5cb29f1e9F2A4685fE0FDa211235214E662BA159,USDC,15.395700,0.000000
0x5cdA0621CbBD37Df962Ac98fc751a82D5dA29ec9,USDC,5.000000,0.000000
0x5d22AE34055684d6D7811c8ec4e03Bd115180137,USDC,15.000000,15.000000
0x5d2feA12529bf5546b2C810391dAf6E5a0de3051,MAG7.SSI,15.233800,20.226844
0x5d4aA8522B5F7B8446B1eB4539F0dd2767Ca017a,USDC,113.000000,109.500817
0x5d57bd7A78E1c8873d1A2188A41A5480BAd0DddD,MAG7.SSI,8.147314,0.000000
0x5d57bd7A78E1c8873d1A2188A41A5480BAd0DddD,SOSO,100.000000,0.000000
0x5d57bd7A78E1c8873d1A2188A41A5480BAd0DddD,USDT,15.000000,0.000000
0x5d5D4f5daF320E4352bab38f9DDCC44810e89aF0,USDC,15.008400,0.000000
0x5d5c8f219716A15Fd06b8498e35ab9a1Dc54ABe8,USDC,17.823507,19.295304
0x5d8319053A46ca291D13074b2c64fc502606d7C8,USDC,7.960000,0.000000
0x5d916936eeD11FF35a710b99128a387F2A5A6D6e,USDC,38.000000,42.522325
0x5d92E0f5E5312e0ef19bca612804459ec363c68a,ETH,0.090000,0.000000
0x5d92E0f5E5312e0ef19bca612804459ec363c68a,USDC,47.729209,0.000000
0x5dDFd85a65E87267B514E7E5616D29809796Da96,USDC,94.412982,99.109187
0x5dF34C21B87338550B8FBCC5e9358638Dc187686,USDC,40.000000,38.326365
0x5dFd359E331b0A31b46026E21e64fDB0731FdB7b,SMAG7.SSI,96.893300,0.000000
0x5dc25Bd43868f738971644A2c2e435Dc18165271,USDC,24.736004,0.000000
0x5de96964e46a87860Cd36596F2E585B1A28A2D58,USDC,15.000000,15.324852
0x5dfcCcECD1a09ef373f3dEce6698e39fD9AbcA2d,MAG7.SSI,10.000000,10.000000
0x5dfcCcECD1a09ef373f3dEce6698e39fD9AbcA2d,USDC,5.000000,5.000000
0x5e0A911c6DFcB17698807642dEc4619358Cd3C92,USDC,598.744700,508.988480
0x5e0dA86B53AAF63683deE2aaf1c27CD044b560eF,USDC,10.476104,16.019476
0x5e1E61F9dAb8Fd9B11253141763F43DDD306CE33,USDC,310.000000,301.797267
0x5e23013AE8D1794da8Bad4448d03f5a66f072fb7,MAG7.SSI,0.000000,15.128897
0x5e23013AE8D1794da8Bad4448d03f5a66f072fb7,USDC,62.257329,55.157329
0x5e24C50921A0aA6db056d717ACd03F835a99212d,USDC,37.240000,40.790437
0x5e396775720499304482b80BBAeCce0e65554810,USDC,103.600000,103.549310
0x5e3eC5b4EC037C7B02613BDD2C6C325f50D0EE2C,USDC,15.018800,0.000000
0x5e40eAc11e2E8eBb312Ad35692d1891675007115,USDC,148.712518,0.000000
0x5e48B020683E3Db5d8d43a88A27eC00ec5Cb4Da6,USDC,217.400000,68.454061
0x5e490F7D6608F411C6DEE7923eA4bc799833f864,USDC,15.013600,0.000000
0x5e4B6C298D3398D48333d117bE6649ba306F06a5,USDC,39.158100,0.000000
0x5e5b86D9C79e777C5c65DF2Ba0d43108ac1A8481,ETH,0.044526,0.008796
0x5e5b86D9C79e777C5c65DF2Ba0d43108ac1A8481,USDC,20.138573,102.311789
0x5e5db0789bf483606002662BB3DE42a1f7617165,USDC,20.695201,20.608517
0x5e698D7E1A33E993D11cB684a926809e94f2805E,USDC,20.000096,10.327239
0x5e821c1926Cb0A0839209Abc68C7c346166F09Ff,USDC,15.019900,0.000000
0x5e8EE67B1F6aFcC8Ef4eBABf2cadDb41321f2d2D,USDC,970.922700,960.464595
0x5e9C41b7e12257a120E02B413bfe5D75A8F2CDD0,USDC,1743.317387,1852.004570
0x5eBF5afCB844070522B1F5Ad712FDa63b9bbDe14,USDC,1112.824069,1100.027318
0x5eBcE739225485281ea7d48d756BC1D520b9827a,MAG7.SSI,15.207000,0.000000
0x5eBcE739225485281ea7d48d756BC1D520b9827a,SMAG7.SSI,31.748700,0.000000
0x5eCEC0fF52EfFbCAaB052aC34B431Ce79498be41,USDC,16.000000,0.000000
0x5eD7398F68745df84E3b781cd7e3a5A1aeF4ab1B,USDC,690.100000,670.401000
0x5eDd2A51252b8F2771eECCb76A118ECA8c939868,USDC,39.851100,0.000000
0x5eEB95c03dA18Df2Ce8f76A14e300227527F8A64,USDC,39.970100,0.000000
0x5eFA937337DE6EBD089D127c86d2398977Eb1a5e,USDC,39.000000,41.492514
0x5eFB02E97e39f70aefe1CeF325093179243F0b63,MAG7.SSI,76.000000,75.923700
0x5eb0Db65c645C900eed12523030e1eE4F4A1b9eB,USDC,661.000000,992.135978
0x5ebdd0Ded5078cB79C2399f407b399EB7F03712d,USDC,783.750109,774.338336
0x5f0b13d1aC02c82be4F4Ea3acc8Eee7cF5B5b510,ETH,0.012000,0.012000
0x5f11d82B70c57794E2b0221AC32e3D370fa1b035,USDC,39.450100,0.000000
0x5f1365CbB12c8C1305bB65aD740f6853C3493430,USDC,612.866411,604.119842
0x5f246ABCe52cf47f09F2f18745469D79C220ddBa,USDC,15.002000,0.000000
0x5f362C3b03C87dB620AbD20d56C9008894346f2e,MAG7.SSI,0.000000,91.463347
0x5f362C3b03C87dB620AbD20d56C9008894346f2e,USDC,48.400000,0.000000
0x5f37456968Ba120cE17426D0b2267333ea0166f1,USDC,20.000000,0.000000
0x5f39D55a71A959007B1053e47c00Dd4775086f04,USDC,15.250123,15.250123
0x5f69B750b184f98F68dcE4aDDEb68d43988fbf98,USDC,49.800000,0.000000
0x5f6c100780495036bA406E996511570482A364F3,USDC,300.000000,289.076975
0x5f7F3f3819c0BD0f7F5C7a81B9dCa49957AfF8cA,SOSO,6.758400,0.000000
0x5f862edcd04D0eEf3Fc1Dc1065F5fdE837193b30,USDC,39.000000,41.444345
0x5f8819eD44cE0Bf8F6381C361ABd4321D89Ab053,MAG7.SSI,304.414298,0.000000
0x5f8819eD44cE0Bf8F6381C361ABd4321D89Ab053,SMAG7.SSI,305.023800,0.000000
0x5f8F16435277ECf64c3e0FF7a573D07eEe116890,USDC,74.000000,75.576241
0x5f9267305d9a10515Fb406506Dccd6A5DFC012Cf,USDC,1000.360000,979.200000
0x5fA5734fBCBAa9A061C4df912b21a2f06F2Ca536,MAG7.SSI,112.514880,0.000000
0x5fA5734fBCBAa9A061C4df912b21a2f06F2Ca536,SMAG7.SSI,264.482500,0.000000
0x5fA5734fBCBAa9A061C4df912b21a2f06F2Ca536,USDC,70.981973,50.000000
0x5fB801dbBbFDc716bE3DC391a9F1342cFA2E5c0B,MAG7.SSI,76.000000,75.923900
0x5fD2626e7E7a8B13724DC5bE59b54049eCfAb145,MAG7.SSI,15.280000,20.231444
0x5fD502902e829924ebe57C81d9899Ccbcd93AEF0,SMAG7.SSI,6472.298200,4000.298200
0x5fD502902e829924ebe57C81d9899Ccbcd93AEF0,USDC,0.000000,377.204654
0x5ff157898c6F7507eA0569c264D116B7786bb4F0,USDC,19.000000,19.000000
0x600849129eAc7b00634Bbae097435263a423c4B9,USDC,38.000000,37.677055
0x600d88E9580B96C1844b33F978ace76a644e612d,MAG7.SSI,0.000000,76.620219
0x600d88E9580B96C1844b33F978ace76a644e612d,USDC,37.200000,0.000000
0x6012bD7dD4E859051Cda5751D31eAB5a01AA9142,USDC,15.000000,0.000000
0x6018D80ECa86E8520F3d5494fDfcB11B868fA983,USDC,16.000000,15.137762
0x601FBAaB4a9DF9cF5A6F3519C360d5B19123FA58,USDC,38.000000,42.578986
0x6024A5cBFA1728db7fDA99eD9ee335f53144aE66,USDC,15.130000,0.000000
0x6026E6c8eD023327F875878b11014718CF8F118e,USDC,39.700000,39.090000
0x60291209d1FDfDC116Dda24AEEf5998AAc9C6d45,USDC,97.501201,96.863817
0x60292eE7AC453105B4E1f9893FD2193A953838b8,ETH,0.010000,0.000000
0x60292eE7AC453105B4E1f9893FD2193A953838b8,USDC,10.000000,20.910537
0x602d44a733e66469547b26862cac6ec0a54B6547,USDC,481.340500,410.600000
0x603F9f25ea89F465E36E2E9a9eB13289F0e7DaE8,BTC,0.000080,0.000000
0x603F9f25ea89F465E36E2E9a9eB13289F0e7DaE8,ETH,0.000000,0.005596
0x603F9f25ea89F465E36E2E9a9eB13289F0e7DaE8,USDC,10.989634,79.918225
0x6043486052d33958832c0ac3E586E3aa1023277b,ETH,0.003000,0.002894
0x604CB940Dd6591e1e8eE455c4B1a56cB24474AFD,SMAG7.SSI,5.135400,0.000000
0x604CB940Dd6591e1e8eE455c4B1a56cB24474AFD,SOL,0.149000,0.000000
0x604CB940Dd6591e1e8eE455c4B1a56cB24474AFD,SSOSO,11.219800,0.000000
0x604CB940Dd6591e1e8eE455c4B1a56cB24474AFD,USDC,35.565805,0.000000
0x604CB940Dd6591e1e8eE455c4B1a56cB24474AFD,USDT,8.484197,0.000000
0x6055493326e69A09015606F7E96acBDA0A03985A,USDC,56.924924,0.000000
0x605C2d1bb9d23F74921e4246F145cD785D17A37C,USDC,17.892800,17.892800
0x60601C07588962B0e57069380cB749bd0D8538B5,USDC,11.826504,9.461531
0x606e83eD452A4dd2dd4b78B029B4849AA2922344,USDC,9.001544,8.390732
0x60721cca77c5f89d080B151eF73d69278a56F41b,USDC,42.309804,43.622464
0x6077F1e8A173372078009FEfa6B12113378078c0,USDC,44.000000,41.107700
0x6081f8ede759985d710DEf052F030894e75754F1,MAG7.SSI,43.959788,32.718513
0x6086dFFD394E5e0984641dFb3eb8b6c474a98cDC,USDC,30.230000,0.000000
0x608a42ca799F0ca885BEdcd764Ad1D933d07922a,MAG7.SSI,42.891228,42.891228
0x60A6F374EdE2682F7A2903C951017d89F28af60e,USDC,100.000000,0.000000
0x60Bc5e9eEA915E5d61DA323be5a636d4849f1a58,ETH,0.013369,0.012948
0x60Deb78103f24232992eBB8b50461a9c406513D2,USDC,15.019900,0.000000
0x60Eff24152f5FBAA370558Fac34841173b59920b,USDC,39.157100,0.000000
0x60F87ac4043ebfe72729F6b21c19CEA9c74F083B,USDC,38.000000,40.443021
0x60FfA67845C9Ba7600Cb3E0081e01744CE747E25,USDC,844.355354,834.092856
0x60a3c278fC1E472E94979ba82eAC81178332B0c8,USDC,41.300000,0.000000
0x60c1C9F63bAB100b46d784E65DBca239423401c2,USDC,40.000000,38.753179
0x60c8cE45caad7aB17E34dBAff74C5C28CA3B8058,USDC,500.000000,483.245858
0x60d1BcF4285465cE0d0DaAF2c57b361240ac204E,MAG7.SSI,15.031800,19.873778
0x60dd2D9FAEd29e564d82Df6aA6CFedb1198c86F4,USDC,39.500000,30.477958
0x60e23F60b768F96870EEb2519917CB679f4cBDd9,MAG7.SSI,30.028699,30.010599
0x60f82DBD3f77F4d0F69Ade1b44ceCF8051331841,USDC,15.000000,0.000000
0x61070238C0d899737064C2c30284C7a6C785bAd0,MAG7.SSI,724.000030,722.185600
0x610C2BD4B82717fBBA73Acaca4718e5EcD46920c,USDC,3000.000000,7495.000000
0x6115749EA80412e41D3B6Bc607D8dA08e9Eb9E63,USDC,50.990000,54.433018
0x6120cDFa137D0B2762abF36c16DC2023895569A7,ETH,0.020000,0.000000
0x6120cDFa137D0B2762abF36c16DC2023895569A7,MAG7.SSI,31.175021,31.149739
0x612808be58dB940519D905c9f86CaA8D580A2719,USDC,575.632100,506.000000
0x612a930f4dF7edEc95609E824eC2bE055E49ff78,SMAG7.SSI,220.676000,0.000000
0x612a930f4dF7edEc95609E824eC2bE055E49ff78,USDC,45.000000,0.000000
0x613Dcea60514263625054593CD0A2E7B5b041a42,USDC,15.006800,0.000000
0x6142dBa22468cD4f922732c80a0071003Ad51AA1,USDC,20.000000,12.807735
0x6146926077565D6b91D58f3138B62dA02A7D1361,USDC,15.022600,0.000000
0x615602247F4D6fb904139011F911a9d8978EFB03,MAG7.SSI,109.518500,0.000000
0x615602247F4D6fb904139011F911a9d8978EFB03,SMAG7.SSI,310.271100,0.000000
0x615602247F4D6fb904139011F911a9d8978EFB03,USDC,0.000000,10.734436
0x616282450A1fcd0Caa5360545276604819D4C37F,SMAG7.SSI,2538.937100,0.000000
0x616282450A1fcd0Caa5360545276604819D4C37F,USDC,0.000000,182.829111
0x6164Dc9856d47C572698012A7A00483d3932f236,USDC,16.000000,0.000000
0x6165536Dd77141D095e10fE7477D5503e0a93467,USDC,819.015952,614.000000
0x616f30997d3Dd7CD791998B794c8C0E6d1172bc5,USDC,91.819725,90.188342
0x617260D791c009de5Ea424943AeE4fcdF376288B,USDC,16.000000,0.000000
0x617672F35101Fcb6f6E1E02E7a572BD074fe9a8f,SMAG7.SSI,503.700900,0.000000
0x617b8005041eadf6F0ba7b0D53900B5f47848cde,USDC,104.200000,97.976430
0x617cA3C3dD400666A4160A0650bc6dd65D09EcF5,SMAG7.SSI,102.347000,0.000000
0x617cA3C3dD400666A4160A0650bc6dd65D09EcF5,SSOSO,37.348000,0.000000
0x61823334b062bA22ec8AD6D600e916195B327B26,USDC,300.000000,291.154446
0x619658a18dB1b8fcDa463aa69E693d88e5526778,USDC,15.010000,55.814435
0x619658a18dB1b8fcDa463aa69E693d88e5526778,USDT,38.000000,0.000000
0x619DcF3b30b1ed3E3bEE4Fcb9189748994c41c75,USDC,15.012100,0.000000
0x619e9fCc1B0a4448459972dEc6a0Cbe2BF553101,USDC,15.019200,0.000000
0x61BFc7A1c993A73F2A3598CD5940f5B6c49Bf75b,USDC,15.004900,0.000000
0x61Bd81fC13A332e1BFBb0C0809dD81f546358308,USDC,31.500000,23.799735
0x61C0AEA6919B19b697e8395bC75679Cd7dcf5311,USDC,53.476486,56.193332
0x61C964458d1e602D1c02baDB905E37d4B4c88A15,USDC,38.700000,40.718750
0x61E36Bd835b0118d87399216D15c194DEe7350d2,MAG7.SSI,0.000000,94.105079
0x61E36Bd835b0118d87399216D15c194DEe7350d2,USDC,89.000000,0.000000
0x61FCe5F357220281B073B523Bf4Dbe57E5eF819C,USDC,15.006700,0.000000
0x61Fc06b136a0fAe3AAE39405B4E209969EDb00b0,USDC,95.388165,47.675852
0x61b6d6AaCf60c86714Cfa2558190a22A5b884d1b,USDC,39.000000,41.104857
0x61d6B754Fa1606b20693fF6B5B5837dD94Fe056E,USDC,15.023100,0.000000
0x61e2EaD22972b483037c42C6eF360c3587CC7cfa,USDC,749.644951,0.000000
0x61eb0d5C2009B298d7920F261E5C41D20d448D21,USDC,334.379027,184.000000
0x61ee6DAF8b45109eC02E42412aF06EF905a10815,USDC,15.021300,0.000000
0x61f6E82a8054AE61A7353604A27f3b31320aCa9e,MAG7.SSI,28.000000,0.000000
0x61f6E82a8054AE61A7353604A27f3b31320aCa9e,SMAG7.SSI,50.000000,0.000000
0x61f6E82a8054AE61A7353604A27f3b31320aCa9e,USDC,101.435733,49.032343
0x62055688378CB916D143073c7Fa31cAD9415B8aC,USDC,76.922688,76.283370
0x62125014Ae1f4d421D91d48fDb05FDEc963daB54,ETH,0.013000,0.012664
0x6212988C0adF9C52e404113cD55eF81Aa0aeAf0A,USDC,9.166954,6.902550
0x62195cDaD84B760879D18e6576Ec2cbc7b4C2d0B,ETH,0.011000,0.000000
0x62195cDaD84B760879D18e6576Ec2cbc7b4C2d0B,MAG7.SSI,0.000000,80.052033
0x62195cDaD84B760879D18e6576Ec2cbc7b4C2d0B,SOL,0.109607,0.070558
0x62195cDaD84B760879D18e6576Ec2cbc7b4C2d0B,SOSO,138.210000,0.000000
0x62195cDaD84B760879D18e6576Ec2cbc7b4C2d0B,SUI,61.085266,0.000000
0x62195cDaD84B760879D18e6576Ec2cbc7b4C2d0B,USDC,260.959035,362.479982
0x621C7559Efe858920eAefA28A5C9984D3D67C8d4,USDC,40.000000,38.618009
0x621F2Fb2Ac8D4A6652A12E5Bd4cfc37224de78AF,USDC,80.600882,39.600057
0x6228545b5952DE5d064FFC721912133D9f2823da,USDC,180.000000,0.000000
0x6231b2dd33A23cdfb13EaF7d338bF4e0E43d9fDa,USDC,97.674790,97.222991
0x6235dBf0dfd317a63E390E5BC24A6d5A623537A0,USDC,63.083054,123.216748
0x62360cf625DE89A04Eb23ff540645010cEbb036F,USDC,19.900000,19.900000
0x6241Ad831F2EE82d30C4e64B0725b5E7693bc493,ETH,0.019392,0.000000
0x6255373f2D4A084A4b1Fd8AbaEd231e8B4b6Dd18,USDC,15.400029,14.820000
0x6255539cfB81f5aC88D5728E18E12EA3684a46C7,USDC,108.728594,108.147797
0x6258eBFD934018fBdfc6A55A187bbC2795b253b0,USDC,15.014900,0.000000
0x626256696d62C4865F18668C5cdeB8640c5bf816,USDC,161.800000,0.000000
0x626D6A661A8026F699b256291f20d7Ab5eF66861,MAG7.SSI,0.000000,80.140490
0x626D6A661A8026F699b256291f20d7Ab5eF66861,USDC,40.000000,0.000000
0x62758801E46Af2A71AFbd50F89A719bb4E4a7493,USDC,99.374992,98.782886
0x627CEdaf1093B218fF434C87692F1A34905609BF,USDC,37.193000,40.590552
0x628087a638980e42cf6b333EE8f917A0591F4368,USDC,15.000000,15.083114
0x628D2630189dd5951804aADee15d2Be7492Fe31E,USDC,45.581806,75.654916
0x62919EC90c462672c4091D60e3A03329BBF11396,USDC,15.016900,0.000000
0x629E8544e1A2Fcc562422Ad4CD4B0e2dfFD9AC64,USDC,15.004300,0.000000
0x62ABc55c0885C466A459D07ce7E6584D7B1b3c5B,USDC,535.206241,528.138547
0x62BDD701360859F0d281353D4289d4b89040B2C5,ETH,0.010000,0.010000
0x62C32fdF5cfbd27577537C5B805580f7770343e3,USDC,45.567103,0.000000
0x62D4C5f4E890caB3bc6196f5485D0F76bd8f11b4,SMAG7.SSI,6.631500,0.000000
0x62D4C5f4E890caB3bc6196f5485D0F76bd8f11b4,USDC,44.000000,0.000000
0x62Dc597bf48d7c5546F78Dbdeb1029738Ff3a753,SMAG7.SSI,45.819737,45.819737
0x62E7881ED27FFE9437F565611b53795566c2c3bF,USDC,200.000000,206.038861
0x62E7f2BF565ED85AbE9527f567C5D4D34e5A5268,MAG7.SSI,15.092600,0.000000
0x62EF30a77b249AB5d6851Af68E807E401aa4f9e6,USDC,15.000000,0.000000
0x62F5b43d7Df4AaD6fc77a63EFE4d4C32E488F93F,USDC,16.000000,0.000000
0x62FA375349C90A4134b1B7C6594AcD2f6cE87e38,USDC,17.743400,17.743400
0x62Fc92F7Ef8D7e463CeD51f1Ed1419723068F605,USDC,98.496775,96.333381
0x62a22Bf3516C3Acc4162528931E5CB1358fe2Ce9,USDC,200.500000,192.953722
0x62a2e89653758F6ac3A1B08cA94381a0392cb26F,ETH,0.002500,0.002500
0x62a2e89653758F6ac3A1B08cA94381a0392cb26F,USDC,11.000000,11.000000
0x62ca723b87e0db3eF2Fa5F7aC170d95c324c64D7,USDC,40.362010,12.546792
0x62d07ac7fff06150C67937f7596BDFc2b16CCcF1,USDC,9997.000356,7634.190870
0x62dff486e709be5D796b6730cF9D25f8D28B4C98,USDC,15.018700,0.000000
0x62f26fff281DFeb60E1e47b448e89Bc981d2eda5,USDC,12.000000,12.000000
0x63022fB896DDEcdDa19461a03fCfB9B93D37131b,MAG7.SSI,203.899047,0.000000
0x63022fB896DDEcdDa19461a03fCfB9B93D37131b,SMAG7.SSI,100.692900,0.000000
0x6302fDB92A56D9b26C1793E2FB2b125BCDB28E98,SMAG7.SSI,1042.617800,0.000000
0x6302fDB92A56D9b26C1793E2FB2b125BCDB28E98,USDC,0.000000,17.998414
0x630338bA92B79bDbF253523c4F0ba942De17976B,USDC,15.009900,0.000000
0x6303F805916f3b5383E562762ccff1bCfd321Bf7,USDC,40.000000,42.227253
0x6304fFCd736dB55FCbB0473dfD69F7c06F83D7bb,USDC,38.000000,42.683814
0x630D4383ae40B43C22Cb1651eb86F2DE62e6D647,USDC,39.000000,41.288740
0x630Db250163713ad09BDdD930B058672916816C8,USDC,39.652351,0.000000
0x630Db250163713ad09BDdD930B058672916816C8,USDT,15.497988,15.497987
0x6310667E85f150BFC6c99e5a6c7986B638d28797,USDC,45.000000,43.792583
0x63128fe484C55be5E4928e6e824401EF3eb0AbF4,USDC,26.800158,0.000000
0x6329ed83FC28BF92e319882260EFd46AD1052498,USDC,39.000000,41.021376
0x632c763317BD3A106892b07997c4F6065121324F,USDC,0.000000,9.991531
0x632c763317BD3A106892b07997c4F6065121324F,USDT,20.163885,0.000000
0x634B5d48E65888bc8b2E76E5822F7654535F8DB0,USDC,378.918523,111.591443
0x634CEaA5aBF564A6eAddb1e9966a7f2932f27319,ETH,0.215000,0.000000
0x634CEaA5aBF564A6eAddb1e9966a7f2932f27319,SMAG7.SSI,33.024500,0.000000
0x634CEaA5aBF564A6eAddb1e9966a7f2932f27319,USDC,30.000000,0.000000
0x635683DBd262890aAd4423E740cf3b171135f079,USDC,15.600000,0.000000
0x635AdC48d634838Ae41469BFe9a3849FEBe0FEBe,USDC,19.340000,12.088494
0x635F27C0fE3Fd2d2040Fc0A4D104Fd4FA85C6625,USDC,100.000000,0.000000
0x63619C88a52C34221CDDc4ac2c19e177Bcf4BC9B,USDC,15.000000,15.360492
0x6362e98Dd8C9A296c685A4e6b26b5392AcFBECbB,MAG7.SSI,75.000000,0.000000
0x6362e98Dd8C9A296c685A4e6b26b5392AcFBECbB,USDC,921.089316,912.951687
0x636FD611964e3F6eA44b2B025e6426a76970268C,MAG7.SSI,75.000073,0.000000
0x636FD611964e3F6eA44b2B025e6426a76970268C,USDC,920.077674,908.696501
0x637263788661AF6cFe02E344819E5004afef1D71,SMAG7.SSI,2517.303400,2508.079072
0x637263788661AF6cFe02E344819E5004afef1D71,USDC,10.000000,0.000000
0x6379d7802797E9873Da79bF6471fe1A600d86b10,MAG7.SSI,0.000000,94.669467
0x6379d7802797E9873Da79bF6471fe1A600d86b10,USDC,50.699014,0.000000
0x637FCACC7Db145F453762C450cbB154b4455c597,USDC,39.500000,41.631451
0x637bf785F4188C298058B49C077D608d391A1056,MAG7.SSI,0.000000,75.048397
0x637bf785F4188C298058B49C077D608d391A1056,USDC,39.000000,0.000000
0x638065fbe7C4ef2C4495AdcD59b65C172f68Ce10,USDC,38.000000,42.558932
0x638401671E3Ad2db395eADd7804de4ea0Ca7f9ac,USDC,99.850104,0.000000
0x638D37D5dFdB8Fd9941a5aAB118fDd0240cA82e5,USDC,38.992100,31.486710
0x638F26B5157976547Bf22d2a90aECe740f7aB6Be,USDC,37.800000,38.626487
0x63957ffB946A259d2C990A5aF74e85b31045F02C,ETH,0.005678,0.005875
0x6395CB50d8cB0534b60c313967Fc2F072cED9910,USDC,39.910710,44.284203
0x6398163F834D30169B919e87a11168ebD273400D,USDC,15.003600,0.000000
0x639933128196d1d2f1e1AE9F9b9d1456856866c0,USDC,300.000000,294.708974
0x639f287337E176141A12Ab49994349fc4db3523a,USDC,15.010000,55.859078
0x639f287337E176141A12Ab49994349fc4db3523a,USDT,38.000000,0.000000
0x63AD232fA32331D638e1033c8868F6FD0eAd46ff,USDC,78.582704,78.582704
0x63Ac0db824ECebC06e2D406aB21D9b2Dd52a087F,USDC,41.000000,0.000000
0x63B695bb49940dFD578Cbef4A2E9362FF24df2bE,USDC,16.000000,16.000000
0x63B7EC283dDf462Afdd5e072fe27982bB1f28318,USDC,37.812000,41.392013
0x63C964f5b1423fd515344eBa3d2F383AB4fAF48A,USDC,15.300000,15.250672
0x63DD144a2951DF089bfe7e642B4D39BdD938b810,USDC,30.120000,32.920601
0x63Da71C7fedC9552635CD7Bd91806968Bd2C4D36,USDC,15.019100,0.000000
0x63EADee7e4fC701390335Aec3Be3bf48A6b95BAd,USDC,37.950100,36.175299
0x63Ee091ea78e161FB1C23615BDa94f9B55E6E96F,USDC,342.839160,367.966617
0x63F2e3443dd88D49CFF6f959e0d846b4c55ED249,USDC,200.699998,0.000000
0x63F4bA8D9779d6195c1cB7074159443dD6fC2BBF,USDC,601.000000,476.616350
0x63FAA1D9813a089DCb4909C5DC3B6B2E34051bC2,USDC,40.438165,12.587054
0x63aA3CB0ae5Ae08c988Ae4806F8bDf8E0150590F,USDC,15.000000,15.371022
0x63aA9fBDe314c0BCA27DFCaD28969235cf385c0b,USDC,5246.981262,255.371630
0x63b968d8be279DFf5BE74E3d2B35cF10bF9837dA,MAG7.SSI,0.000000,6.945135
0x63b968d8be279DFf5BE74E3d2B35cF10bF9837dA,SMAG7.SSI,56.339800,28.419900
0x63b968d8be279DFf5BE74E3d2B35cF10bF9837dA,USDC,5.220000,0.000000
0x63bB254521D63E30059149F470F6F5938d0eC88a,USDC,39.975100,0.000000
0x63c14f44457712d2F7a7206Dc8Ebc9Fa7d3B40f7,USDC,140.500000,64.645986
0x63dfB5d563d98D003FD046CA07a8cdEBC0248a30,USDC,39.000000,41.176493
0x63e740d6757537f04529700ABd52C984be53D592,USDC,39.500000,41.649203
0x63eAC2434e417FE1B2534C41F3fa02637338b180,USDC,37.950100,36.229270
0x63ec542aBe49Aee76bd69FD9054F6894619eABE6,USDC,70.194794,171.967790
0x63f257b7578931B055E15bc2b3E9b2420aFf1295,USDC,15.979988,15.871521
0x6407480571B37B8914Dee31BCc254943CDdE5F8b,USDC,38.000000,42.775725
0x640F181E365604CfBeDfD07Dc929e0959e212c6b,USDC,15.000000,15.090310
0x640dD591a5C1a197e7a14f3175C62683a4521a5D,USDC,15.005300,0.000000
0x64109E06E9Df6ea1Dc6Bd536FC2Bfd93b61dac10,SMAG7.SSI,30.000000,30.000000
0x64136989987b2B629b095CCdF064E861A0139C67,USDC,15.000150,15.000150
0x641496f66EFA39Ca84ADB215BAC2CF28c9f0b6AE,USDC,16.000000,0.000000
0x6415a7668f6F49A603125390c9EBAEf0e9991CD0,USDC,41.693000,0.000000
0x641F4Ad6D8862cAb08c7599F47203C9481AA145D,USDC,15.000000,15.087628
0x64212845f4eb582D82f4C1A8D97f3288512A6bf9,SMAG7.SSI,1637.725200,0.000000
0x64212845f4eb582D82f4C1A8D97f3288512A6bf9,USDC,19.850284,19.850284
0x643083bb176633E69fA00Cd61D78F26D6Ec24314,USDC,20.003000,9.853671
0x644F5A2e31F1b6f8fcD9bC6334F134B692Ec4996,USDC,39.000000,40.800891
0x6450C659909e96fc8C1652da3186FeAe3AAE93E4,ETH,0.031315,0.049401
0x6450C659909e96fc8C1652da3186FeAe3AAE93E4,USDC,164.631712,148.363728
0x6455a1EC79D54F3E348aE7543bf66BDFd21eE4b8,USDC,15.000000,0.000000
0x6457D02927A17Acf6940b8a47C99f5a3D0a1aBcb,USDC,15.050000,0.000000
0x6458B71e09F3eD15B8A1d8954025956205562093,MAG7.SSI,28.796697,28.743697
0x646aCbfF06348200abdfaF39F59e0aD706bED33a,USDC,41.000000,38.965256
0x646eA8436c62abf8B4eb47D81115cd2C4b271973,MAG7.SSI,0.000000,15.475525
0x646eA8436c62abf8B4eb47D81115cd2C4b271973,USDC,15.010000,7.048448
0x64758ef549B0e7714C2c69aE6097810D3c970d69,SMAG7.SSI,5097.481100,0.000000
0x648E49d632E301bC4ba36f75960bF55f93A36c84,USDC,39.151100,0.000000
0x648c74c6128132095ce5eb6bCD6121137Ec65F5e,USDC,49.800000,0.000000
0x6492fEc39b975a7ccF9163BCFdf911cBF1D00473,USDC,15.029400,0.000000
0x649Ef67D1a2B2d2E378D358E432473B4a3C73aF0,USDC,15.000000,15.330268
0x64A9033b2dB12B4763CC4dD99FBf4e86EA5c9403,ETH,0.003000,0.000000
0x64A9033b2dB12B4763CC4dD99FBf4e86EA5c9403,USDC,5000.000000,0.000000
0x64BA864F5aCF600E7808Df0600f0aDA383143658,ETH,0.002000,0.000000
0x64BA864F5aCF600E7808Df0600f0aDA383143658,USDC,20.752000,15.240106
0x64Ef9b8937Ee4A9d83187c80EA18f7A2b27808Bd,USDC,674.622002,664.366233
0x64a6Bbd49342aED6F29dEF99A700D1550521cfDa,USDC,39.962100,0.000000
0x64bD8CA427449eaB133672B943e104648988e234,USDC,41.000000,40.752660
0x64bd0Fe703C478A2DaBeb67f50b4A0b929ea27d4,SOSO,240.000000,0.000000
0x64bd0Fe703C478A2DaBeb67f50b4A0b929ea27d4,USDC,608.715046,59.281265
0x64bd0Fe703C478A2DaBeb67f50b4A0b929ea27d4,USDT,29.370000,0.000000
0x64bd0Fe703C478A2DaBeb67f50b4A0b929ea27d4,XRP,0.000000,15.590874
0x64c0A0AACB39D6Bd4856ADEF8b2BF3f69a88927D,USDC,26.000000,0.000000
0x64c1740b7FBde699319236fbf8148E2b950c710f,MAG7.SSI,75.566700,75.491100
0x64c222A7D6631442e1d20a95E73eaAE9D5223EEc,MAG7.SSI,15.106600,0.000000
0x64efEba2160d02aFe6031cAF7dCf864c57C7d6Dd,USDC,15.550000,0.000000
0x64f148DB156bD9431b5022cf8F3F298b76770e66,USDC,39.981100,0.000000
0x64f1F1870A394421e138b36E1d42C79304F224f4,USDC,98.482886,97.974790
0x64f1b1b466BE50c0c04aDB1c946E572A3fD43E88,MAG7.SSI,18.351721,18.335601
0x64f1b1b466BE50c0c04aDB1c946E572A3fD43E88,USDC,16.000000,15.957174
0x64fCeb21e14A5a5F1E297A484296200105E96d80,MAG7.SSI,360.605109,721.710209
0x64fCeb21e14A5a5F1E297A484296200105E96d80,SMAG7.SSI,362.899400,0.000000
0x6504f168898268B634fe391E5a887baDD0a7F7ec,MAG7.SSI,872.673303,1167.614064
0x6504f168898268B634fe391E5a887baDD0a7F7ec,SMAG7.SSI,301.527000,0.000000
0x6504f168898268B634fe391E5a887baDD0a7F7ec,SOSO,53.430000,0.000000
0x6504f168898268B634fe391E5a887baDD0a7F7ec,SSOSO,1605.749500,0.000000
0x6504f168898268B634fe391E5a887baDD0a7F7ec,USDC,1845.156937,601.229328
0x65062A6505af01Aca34cb2c1955687C7B7aF76a9,MAG7.SSI,300.000000,0.000000
0x65062A6505af01Aca34cb2c1955687C7B7aF76a9,SMAG7.SSI,17734.885400,0.000000
0x65062A6505af01Aca34cb2c1955687C7B7aF76a9,SOSO,4898.000000,0.000000
0x65062A6505af01Aca34cb2c1955687C7B7aF76a9,USDC,1180.000209,0.000000
0x650665CFE3A4bF0fb2C56c62527Ecd856c3D7A23,USDC,50.000000,49.500000
0x6508119fC486F9727eeB949b32E11d0348295DD5,USDC,15.002600,0.000000
0x65195e8aA5626751636C539C91BEFD1c6191D7c7,MAG7.SSI,17.992989,17.839725
0x651a433Bfb283DBD35ac7960778d5C83f744e25d,USDC,1016.225023,631.819335
0x652197072732727E260c3673659d8d6d94E5C824,USDC,144.600000,70.611271
0x652aE27442832A2aC335f80312DC09171418a4CB,USDC,37.000000,38.879802
0x653097b8C1514742A1e41E2711fe1B827efF5426,ETH,0.007000,0.000000
0x653097b8C1514742A1e41E2711fe1B827efF5426,USDC,0.000000,14.004804
0x653dFf217cdD3B5395A28C190AAb2C5e268B14E3,USDC,127.850029,0.000000
0x654b5b2826855747FE766B7094D894AFAD0bC6fF,MAG7.SSI,0.000000,76.421403
0x654b5b2826855747FE766B7094D894AFAD0bC6fF,USDC,40.000000,0.000000
0x6551d242EE3127a2FCf9edA897b80255C019Ef77,USDC,136.836896,139.537258
0x6553A1f198fcF146130FC27407979f465485F4d6,ETH,0.002693,0.000000
0x6553A1f198fcF146130FC27407979f465485F4d6,SOL,0.069628,0.000000
0x6553A1f198fcF146130FC27407979f465485F4d6,SOSO,13.380000,0.000000
0x6553A1f198fcF146130FC27407979f465485F4d6,USDC,35.822629,55.686079
0x655d7442D5D9335e81bA964a1C817C84934eB44E,USDC,1961.655992,1958.547992
0x65711023281eea54DaB0cA662CCb8B10C9902877,ETH,0.025000,0.000000
0x65711023281eea54DaB0cA662CCb8B10C9902877,MAG7.SSI,66.175604,0.000000
0x65711023281eea54DaB0cA662CCb8B10C9902877,SOSO,20.000000,0.000000
0x65711023281eea54DaB0cA662CCb8B10C9902877,USDC,589.751271,98.390616
0x6574B59E9Ff6922f2eBbDf6A22c69d3F27956F4F,MAG7.SSI,0.000000,16.980550
0x6574B59E9Ff6922f2eBbDf6A22c69d3F27956F4F,USDC,17.000000,26.424612
0x6574B59E9Ff6922f2eBbDf6A22c69d3F27956F4F,USDT,20.000000,0.000000
0x6575857BC4D0A77a6243F05031e017d90fDa693C,ETH,0.005000,0.004893
0x6576F4069cf1e2C7BfEE13c8D514844F9304c065,USDC,16.009502,16.009502
0x6578e867D40a2Dd102eD7f1AabD944d6ab6E8cE8,MAG7.SSI,8.118800,0.000000
0x658DD6542d6580619243419ECa486B7e0121344A,USDC,41.000000,39.965244
0x658E2e80219563C6ADA592580FE72542DA37eD01,ETH,0.010000,0.000000
0x658E2e80219563C6ADA592580FE72542DA37eD01,SMAG7.SSI,41644.479800,0.000000
0x658d80e2e636F8EFf07b61CE66760CB3CFb81158,USDC,49.994400,0.000000
0x658dA286b59279692f916C87D3C23FBf99e84397,USDC,200.000000,197.952268
0x6591F21626e120c11BC3f8dD6842fba5884aAf53,USDC,30.140000,0.000000
0x659DCD4778e4D20eD05a25E1108bb92C2D826984,USDC,38.979722,0.000000
0x659fd19DA056eF3f6ca129fb1495E28Cdad72336,USDC,627.513247,616.779278
0x65B1840Bc00539D38738E84249DcA7240718d35e,USDC,40.000000,42.213752
0x65BDc2442Bc885E203836C319608B58686F91282,USDC,37.950100,0.000000
0x65BDc2442Bc885E203836C319608B58686F91282,USDT,27.167705,0.000000
0x65C9ec6C6e4aB1B8a763D7bDd7FF74B77AE0fd3e,USDC,49.800000,0.000000
0x65CFF894f28A998C25EF67A2B031b4f3F04e28eE,USDC,44.000000,32.478359
0x65Cd500e64d94E6F4d39098798D6e4A890Be67f4,USDC,20.860000,13.585286
0x65CfB9d631ba57e7ba9Cad2ad2229a90a4108585,USDC,44.065200,0.000000
0x65D3FeBC3112cef66BE36df9A62Ac0f94079BD42,SOSO,257.570000,0.000000
0x65D3FeBC3112cef66BE36df9A62Ac0f94079BD42,USDC,200.000000,324.544285
0x65EFed107e3f713F822AFBd0F7E036FeC318b5Cd,USDC,15.000000,15.361986
0x65EaC5a16755e058d82e05C7A48e6367F01579be,USDC,41.995700,37.947750
0x65F270b2b2B6AAAABdeE193eA79e8f3B796e3beB,USDC,39.300000,38.518272
0x65a7968A03cF1791Ccec74EA87F5Aa4E512881E8,USDC,49.800000,0.000000
0x65c0dD129CD69D411086bB7a89215A35Eb18d627,USDC,15.000000,0.000000
0x65d78c1C869Ca2fa8b0c1EC77f2ede0608732399,USDC,40.000000,0.000000
0x6613550ec744717c0C8114Eebce9B17D9e9eD801,USDC,919.821704,909.208984
0x6613D34EC3C34d7E425072C304fBCcb3aE32EcE1,USDC,21.763839,0.000000
0x6614A7DEDf59ca7A9a15a1b4037f64aaD05f0f44,USDC,81.910271,28.524045
0x66157C3aDc2286c09153e7efcBc93B26e7034D62,ETH,0.107177,0.097299
0x66223B5C2b50A4E311077b7eDC5F5F21178d4055,USDC,22.116107,0.000000
0x6624440657c8c6834E44c220413d4A2eaf7E44B0,USDC,75.801913,75.139327
0x6626051125FaF97427873F406ef29578F9261c83,USDC,7.567599,6.411515
0x66269234b9f60EE9B0FD613799Db7a4Ea35281c8,USDC,15.501000,0.000000
0x66282e38454c6783A5EA19eA5cc9b7712f88727a,USDC,15.000000,0.000000
0x6636c2A210257C94c913eeFa4590a2554557E5dB,SMAG7.SSI,489.167500,0.000000
0x6639A3A3Ce1C0393b31F138bC1E6Df11007A0d93,USDC,601.458400,507.983680
0x6664d194A93928295EE7bb4f6f41253Bf83ca6d2,MAG7.SSI,0.000000,30.425101
0x6664d194A93928295EE7bb4f6f41253Bf83ca6d2,USDC,15.000000,0.000000
0x66718CF7E9b1999108Ff3B0c8AF3e9D6F55b8974,MAG7.SSI,0.000000,100.833850
0x66718CF7E9b1999108Ff3B0c8AF3e9D6F55b8974,USDC,74.588998,22.775998
0x6676610Ad27840dc7925496d85f692f1e2e044B1,USDC,15.017000,0.000000
0x667db0947b3C09e41850E933123048466eb458BA,MAG7.SSI,15.047500,19.409777
0x66885D54bE189dFFa1555A646d8E36b43dAf9ad9,USDC,42.200000,0.000000
0x669A1d014442c76296e6c0A2c74f65111cB79465,SOSO,8.140191,0.000000
0x669A1d014442c76296e6c0A2c74f65111cB79465,USDC,42.750028,31.700295
0x669A56F9b10275d3b6f3Ac1C4c29C755FD9a91E8,USDC,16.039066,0.000000
0x669CaCF885C83d0daB87069D36927Ed8835D7EB3,ETH,0.005610,0.000000
0x669CaCF885C83d0daB87069D36927Ed8835D7EB3,LTC,0.254800,0.000000
0x669CaCF885C83d0daB87069D36927Ed8835D7EB3,SOL,0.606580,0.000000
0x669CaCF885C83d0daB87069D36927Ed8835D7EB3,USDC,11.521960,21.749972
0x669CaCF885C83d0daB87069D36927Ed8835D7EB3,USDT,22.932414,0.000000
0x66A58B2cBf839d3BD7E14F55a7a39af24D1025Be,USDC,162.205508,0.000000
0x66B31AC6Cb1eBE6bd24b2D32b917E6BEa29f048B,USDC,15.150000,0.000000
0x66B6b2AE8e70aFf8A776d33CC55783725fdD3003,SMAG7.SSI,20.364600,0.000000
0x66B6b2AE8e70aFf8A776d33CC55783725fdD3003,USDC,106.000000,0.000000
0x66C6DAfb10B574B27250c12F835A282aC06A5f2b,USDC,15.020300,0.000000
0x66DC2CCcd7fa6206617A8bDeE3fB6dc21b848A3a,MAG7.SSI,1414.654100,1408.439000
0x66DC2CCcd7fa6206617A8bDeE3fB6dc21b848A3a,USDC,4620.000000,3964.000000
0x66Da67E00A1831762A598f1B5C3bD5E859176E72,USDC,32.800000,32.800000
0x66E4773075BbA252d836852eD07Fb15B3799A137,MAG7.SSI,15.007600,0.000000
0x66EA1344B45792f033aD918FaD75b76a7Fa30061,MAG7.SSI,15.019800,0.000000
0x66a96150B782542Bb9C916f621e8b9d33b583b7F,USDC,26.831884,31.921072
0x66c5B886EB44138A161AEB036e8743FC3fE5692C,SOSO,118.834900,0.000000
0x66c5B886EB44138A161AEB036e8743FC3fE5692C,USDC,0.000000,44.072104
0x67065A891d825B922b52362CE939c31b3dE85469,MAG7.SSI,0.000000,102.222012
0x67065A891d825B922b52362CE939c31b3dE85469,USDC,51.000000,0.000000
0x672f75F754B95F4A3e51e77B4db025C137715D4b,USDC,23.200074,20.336893
0x672fc15c87e192D5d67c35599a6b48CB2e4E4f27,USDC,15.120000,0.000000
0x67349e44bb061A32DEbf8b849314D6978B4a844E,USDC,39.930000,0.000000
0x6734a44C893cD29A6C3c214335a4B5ee7e49a3BC,SOSO,11.797690,0.000000
0x6734a44C893cD29A6C3c214335a4B5ee7e49a3BC,USDC,18.180344,66.257098
0x6734a44C893cD29A6C3c214335a4B5ee7e49a3BC,USDT,10.390000,0.000000
0x6743C53C8fFcd1670ED29b705bEF2443D4079538,MAG7.SSI,30.069973,30.053973
0x6751f0FE1F9Cfa4103156855c8dBA5A77119F743,MAG7.SSI,181.176539,180.126538
0x675467f35a531F8b74541D54ACa71D662785D3c6,MAG7.SSI,29.528849,29.512249
0x6757CDAB3DED42db274fd7c865016281250bb868,MAG7.SSI,13.845165,0.000000
0x6768662e55a04b5909D2B21570F31F45c336AFc5,USDC,40.000000,36.929684
0x676b4D9E035504b26bF77E3D45821cF950ab8558,SMAG7.SSI,262.050400,131.275200
0x676b4D9E035504b26bF77E3D45821cF950ab8558,USDC,177.704963,0.000000
0x676b4D9E035504b26bF77E3D45821cF950ab8558,USDT,48.989886,0.000000
0x67750f4bd35fFA4Ec8d95AE2fDe63d7aA7D34bAc,MAG7.SSI,30.941447,30.921446
0x6777bBCAd8F292775946858997ea0855BEE334Fa,USDC,41.360000,0.000000
0x677BB9d81eCa9e786237E0892620a47f39Eab5b8,ETH,0.003000,0.002895
0x677Bb4e912De62532431c3f212034acc2dd1e08B,USDC,39.965100,0.000000
0x67914241Ad151020867bbD5a2DF28211A8f763a1,USDC,3130.000066,3134.304673
0x67923c38817D10962F28b77a6B33193660140e5B,MAG7.SSI,75.483600,75.407100
0x67977EAFC5910779159F2050e1B6f17C939B853b,MAG7.SSI,0.000000,101.982372
0x67977EAFC5910779159F2050e1B6f17C939B853b,USDC,51.000000,0.000000
0x67999fd02D6920818634e511796ac8D6B8AE8E24,USDC,39.500000,41.656705
0x679fbaB5BF1E82c6dE6c1eFF03d3f9c1F861Ba29,USDC,15.241000,0.000000
0x67A75895B00d9B35FF10d3E21b84E855392e7620,USDC,180.000000,0.000000
0x67C21646416045CF4A21A53eB26718A1A5bb9918,ETH,0.003000,0.002894
0x67CC6824078D9BBCcb04a0582DeF448836FdB828,USDC,36.924000,77.332539
0x67CC6824078D9BBCcb04a0582DeF448836FdB828,USDT,38.000000,0.000000
0x67D177Cf11307128138D84beeCABB589A4f02413,USDC,13.696745,13.127738
0x67D4214eB8c0184541A6405f279E4E84Bf430573,MAG7.SSI,0.000000,31.836671
0x67D4214eB8c0184541A6405f279E4E84Bf430573,USDC,15.570000,0.000000
0x67D52A010033A20C02394105Fa1CfB75256a4400,USDC,37.994000,41.617659
0x67DE9533511a3c6953D618521E2932dF987c77aD,USDC,162.434730,0.000000
0x67DE9533511a3c6953D618521E2932dF987c77aD,USDT,143.871449,0.000000
0x67F07cec8cD11629acedB6777CFDb8a4BdE074Ef,ETH,0.062364,0.061434
0x67beAb123eb90dc51fD55230eC390e31DC83efd0,USDC,15.000000,0.000000
0x67c1E70cFaD0D8A94EDe6F764bbA097fd8326c44,USDC,5.200000,0.000000
0x67c70Eb7c9CDbC2E2D1e70FEF9ad2F897D66355B,SOL,0.053000,0.000000
0x67c70Eb7c9CDbC2E2D1e70FEF9ad2F897D66355B,USDC,2106.011966,1410.224951
0x67c70Eb7c9CDbC2E2D1e70FEF9ad2F897D66355B,USDT,43.056083,0.000000
0x67cADF72493675D63d619B96F8E1c4f731D0632F,USDC,49.800000,0.000000
0x67d73F681BD22EC4EF0f285A71DB5C387CC263DE,DOGE,292.392430,0.000000
0x67d73F681BD22EC4EF0f285A71DB5C387CC263DE,MAG7.SSI,14.467900,86.769900
0x67d73F681BD22EC4EF0f285A71DB5C387CC263DE,USDC,59.012869,28.318609
0x680650Feb61583e54385FDc6B74320186706c3bA,USDC,15.000000,14.631897
0x680889e2014140A99ea748170C1c0Bd5795849bD,MAG7.SSI,0.000000,49.217987
0x680889e2014140A99ea748170C1c0Bd5795849bD,USDT,20.181900,0.000000
0x680B77003bB436caaa83Ae94304a1dC0922082c2,USDC,58.847039,48.777070
0x682274e9E927eb134A72C89b92470adBFE93C03F,USDC,15.000000,0.000000
0x68237f53503a2b4b2f3F631cA7019dA73817BB69,USDC,10.005000,10.005000
0x682b23BA269Ba7C497c7BD355109BbFBB1365B7B,USDC,37.000000,42.456351
0x68450fd60Fcf8C1A433DC968eF8bb503a42bc7a1,USDC,40.200000,42.970000
0x684930968D0206Dbc180866eAb874eB9909EC2bA,SMAG7.SSI,253.739000,0.000000
0x684930968D0206Dbc180866eAb874eB9909EC2bA,USDC,331.000000,264.424398
0x684b272859562086650af7Fd86a79482B71360DE,USDC,15.005600,0.000000
0x684d722499da475A4B7715eef4Af06967Ad75605,USDC,15.007400,0.000000
0x684e734e274367bB5326106f4b7103dE8B671081,ETH,0.003000,0.002895
0x685b550B12feFc6ad0073eBE1B1FD5E2eF9ffe32,USDC,20.050000,14.223142
0x686063d842A5F58Bb7Aa0fe2F525186E0f32745C,USDC,40.000000,42.255549
0x6860AfE678FE13a9F521A145Ec6281cAce8c4C22,SMAG7.SSI,40.500000,40.500000
0x6861C618D6AaA4992Cf352e12E94a243e12549b0,USDC,39.674560,41.655663
0x686949868E87C9119f5E3ab281ec778702d702b5,USDC,39.000000,41.357825
0x686b56Ae0213A1c5a081c05BdE585a1f163DF324,USDC,479.991900,413.000000
0x68716756735593DFFd7311b8CF8cbACB64A8b341,SOL,0.410000,0.410000
0x68716756735593DFFd7311b8CF8cbACB64A8b341,SUI,0.000000,142.218930
0x68716756735593DFFd7311b8CF8cbACB64A8b341,TON,0.000000,5.990000
0x68716756735593DFFd7311b8CF8cbACB64A8b341,USDC,576.042926,119.177025
0x6872Cd884CE8D002CcE5156e1CD6b31fa1D81dCC,USDC,52.000000,0.000000
0x6877bFbE55F9eD008cc9b0CaBf663db436f3C425,USDC,41.800000,0.000000
0x687E5E267aC703D921214600562D8A4a4cCe66A9,USDC,100.000000,96.671951
0x68874b55A7Bb0D83D7c48605338C648DD249d188,USDC,49.800000,0.000000
0x68A47FD75D98dDF366c36e2A4B22B524c64320C1,USDC,15.000000,15.048447
0x68A73B36bc7d172bcd6876fD9efAf62E6cdDD5C0,USDC,99.900000,0.000000
0x68C2A8B61F1CeB06904C2345101cE9852b2512eC,USDC,42.421705,43.939757
0x68C3C10252c2b74A46c5303128D481A24059b0f2,MAG7.SSI,8.286885,0.000000
0x68C3C10252c2b74A46c5303128D481A24059b0f2,SMAG7.SSI,304.310000,0.000000
0x68CA70910dF888F67b2B222d0025661C4Ea6392A,USDC,46.000000,42.948274
0x68D374d76AC3870FaA4719FE2Fc5E72902dE5260,USDC,38.000000,38.000000
0x68E8B2F15f18C9E3a3208dCd5077C2b1c7Cc3914,USDC,37.507712,38.703053
0x68a159DD225B78E43313fd79AD7dFed466bE3882,USDC,15.920000,7.972205
0x68b2197540c657044AF1fAdC5A96d34DfD946662,USDC,103.600000,103.548401
0x68b943D0494c7f663fd2653Dc6BA0F96b8E429c6,MAG7.SSI,30.000000,29.982900
0x68eB33f73ae8E8d592c581ba5eC10697E9522927,USDC,15.018200,0.000000
0x68eD29ebd361581a566A78BF0FD274d61F1439a8,USDC,24.711827,7.186897
0x68f1E614B189A45E410731aB7E501aA6819F3d1e,SMAG7.SSI,165.819200,0.000000
0x68f1E614B189A45E410731aB7E501aA6819F3d1e,SOSO,140.000000,0.000000
0x68f1E614B189A45E410731aB7E501aA6819F3d1e,USDC,300.200370,0.000000
0x68f68b18D8cd3E564E584E1E469b6D593D78E42A,MAG7.SSI,15.090000,0.000000
0x6906445035D2B85f4Bdb1dA1cB775156A179a931,USDC,15.017700,0.000000
0x69097C40FeE77DE44c04907C17d86f30EdbafF6C,USDC,30.000000,22.624653
0x69160c040d543448628a9B84c60eF2A828fef461,MAG7.SSI,10.548052,0.000000
0x69160c040d543448628a9B84c60eF2A828fef461,USDC,50.518023,104.831517
0x691bE12d3fc133104FEFa15AE22831F5CA984655,USDC,42.459695,43.980693
0x692AE9168FaB83D8CeC6EeC49e6a336eA8CCA51B,USDC,15.500000,0.000000
0x692AE9168FaB83D8CeC6EeC49e6a336eA8CCA51B,USDT,23.990000,0.000000
0x692B3f02A51b5D07A00A7629f90e160e8723cEdD,USDC,15.016100,0.000000
0x692b443023CEE24a443508B46341B370E12Be2Ba,USDC,39.850600,0.000000
0x6934E8F59a9408d89DFe9C98F8d430D40Bf434D8,USDC,35.500000,12.294926
0x693E0A6c95fCE1dabf6F892D43fd7D399498A477,USDC,519.850000,165.478736
0x695452804F3701f6cD8Ff2aaFD5D452226119408,USDC,41.400000,0.000000
0x6967c17456D85f14657e93685d60A9A468197886,MAG7.SSI,217.166560,816.225196
0x6967c17456D85f14657e93685d60A9A468197886,SMAG7.SSI,20.000000,0.000000
0x6967c17456D85f14657e93685d60A9A468197886,USDC,50.000000,174.096742
0x696E8216178c900e50f0a3CBdeedc4488d507EE3,USDC,15.023400,0.000000
0x6970c8BAc3b9Cd30454c940637E30F3c92Dedce9,SMAG7.SSI,782.188900,0.000000
0x6970c8BAc3b9Cd30454c940637E30F3c92Dedce9,SSOSO,244.449400,0.000000
0x6970c8BAc3b9Cd30454c940637E30F3c92Dedce9,USDC,449.508308,0.000000
0x697185611354D0A503975160FAf78bb168ab53C7,USDC,40.892937,0.000000
0x6981c1a9644461c4C9b7880B9d6f640930cD77f0,USDC,41.000000,0.000000
0x6984EF21CF006a4F1c9Ff2Fb6353e1ee6bfF9f74,USDC,25.000000,0.000000
0x699C6333c18Fc06142eb0b096D432AE11284B733,USDC,15.500000,0.000000
0x69B50C531d52819d3dc34848dA24B67F2DA09C98,MAG7.SSI,116.963643,0.000000
0x69B50C531d52819d3dc34848dA24B67F2DA09C98,SSOSO,1689.429500,0.000000
0x69B50C531d52819d3dc34848dA24B67F2DA09C98,USDC,997.918329,13413.517623
0x69B50C531d52819d3dc34848dA24B67F2DA09C98,XRP,4929.500000,0.000000
0x69Bfe6a45b1cB626A22489947606E6c4f2e8CaF1,USDC,152.199606,0.000000
0x69Ced12e3969272173F3a951CE32b49Ab32cF953,SMAG7.SSI,12.195900,0.000000
0x69Ced12e3969272173F3a951CE32b49Ab32cF953,USDC,134.000000,0.000000
0x69DBD55fc7AB652d761fA4c418aE50c6F2ACd4Ab,DOGE,494.533000,0.000000
0x69DBD55fc7AB652d761fA4c418aE50c6F2ACd4Ab,USDC,0.000000,70.236051
0x69DCA34cB4EE9422DB4476855639f2A2C221F053,USDC,15.005700,0.000000
0x69DdFA6De8271dA5d736938BB99F501746f002E4,USDC,0.000000,45.625642
0x69DdFA6De8271dA5d736938BB99F501746f002E4,USDT,49.990000,0.000000
0x69Ddf9B0dA48040653647Bc76ba327988523B69b,ETH,0.017400,0.000000
0x69Ddf9B0dA48040653647Bc76ba327988523B69b,MAG7.SSI,0.000000,75.806145
0x69F191a6FB9d82B817600E5E0f08F2D67E7e5570,MAG7.SSI,1034.227017,1028.003500
0x69F191a6FB9d82B817600E5E0f08F2D67E7e5570,USDC,80.000000,170.000000
0x69b1D1c56D31177427e4336ad7316B7E191F18ab,USDC,339.949407,294.903273
0x69b2981c7B92e00De68957Df679178B1ea3ACA30,USDC,36.817025,0.000000
0x69b9D024F588Df725125e19aA06A8Df2FD217983,USDC,482.311534,453.825295
0x69bB144c202b0870ff18a2689C28b10F411EB59a,USDC,20.000000,20.000000
0x69d8f486F91f2d73730057A2E05A9A5Bc9CD0512,USDC,29.972628,21.062322
0x6A09845D07c619703995CDef181B4eB1bBF64663,USDC,16.006400,0.000000
0x6A17653431Eec2ECF01dE374f4Eb512aE3B61d84,USDC,430.900842,286.655382
0x6A1B381e684ADe4c16298e56d3168B7770B6A6a0,MAG7.SSI,11187.298959,0.000000
0x6A1B381e684ADe4c16298e56d3168B7770B6A6a0,SMAG7.SSI,5000.000000,0.000000
0x6A1B381e684ADe4c16298e56d3168B7770B6A6a0,USDC,99.900000,0.000000
0x6A2899F204C70bba583554A72163612fCB0BD886,MAG7.SSI,6.479917,0.000000
0x6A2899F204C70bba583554A72163612fCB0BD886,USDC,89.900659,80.901428
0x6A333e8E0664469E39396a0A2bEA8d2C78e9262c,USDC,15.000000,0.000000
0x6A3dF76BB2b27F1830B65b13Df2546dE74651E11,USDC,1781.473782,166.714947
0x6A4144BAF034CAacdF88d9A603fB1174DD1AB38c,USDC,48.331965,47.029676
0x6A42e32D1ea189b2543447acfa0DC5648Ff39d09,SMAG7.SSI,50.000000,0.000000
0x6A575e05367B7BFDADb709C603E7f0d7B745b215,USDC,205.273000,199.280649
0x6A6540d333858B35bB8C516A5b7684547E1fd492,USDC,56.151329,53.790339
0x6A6A08AB62fe6E2d09e2A8023c5dd735842Fa3ED,BNB,0.005246,0.005245
0x6A8Fb8a8731027Ae38023824B892206B0cde4706,ETH,0.005000,0.004893
0x6A9019060945569B4130B6Ab35950dB4A0f20351,MAG7.SSI,15.000000,0.000000
0x6AFBE04Ec6eb95c76Be0ec4c7D01311ED071B3d4,USDC,49.800000,0.000000
0x6Ab1f65845D34662D1897cde9351b94b425A5778,USDC,39.066019,40.875819
0x6Aba39b75855df0D0C63eb32950EB4f214950F79,USDC,15.013400,0.000000
0x6Add4332936e2494dBA5CC7C4800c2A501426605,MAG7.SSI,52.933940,0.000000
0x6Add4332936e2494dBA5CC7C4800c2A501426605,SMAG7.SSI,11.000000,11.000000
0x6Add4332936e2494dBA5CC7C4800c2A501426605,SUI,11.500000,0.000000
0x6Add4332936e2494dBA5CC7C4800c2A501426605,USDC,152.000376,193.690805
0x6B04F8F7dCF5322443DaF221Ac5f5f09f3e8954C,USDC,41.000000,0.000000
0x6B0908d58926d0D7A79e3514024CD88a58BD22a8,USDC,37.372000,40.795942
0x6B1eC8296d17C9dFcaDC4E5ac34Bf7DF5d4c568C,USDC,5.000000,5.000000
0x6B2014f83eD72C8437911e38A23cC85EE252EE61,USDC,38.000000,40.433837
0x6B21975132874f8cB0AB4819Ac0DD8b842e0603b,SMAG7.SSI,44.500000,44.500000
0x6B268Cf715bD582c034fB59b6B5966d24a53f67B,ETH,0.012900,0.012900
0x6B2d6B1241dd100a468010bB46266f59960e1277,USDC,531.444887,522.688031
0x6B4b1D51D109C3842b5135B2B3d494a7B8cB3AF8,USDC,102.941416,0.000000
0x6B4b1D51D109C3842b5135B2B3d494a7B8cB3AF8,USDT,10.002457,10.002457
0x6B57B690852A64684e47ec842B49f9DBd5F5A31e,USDC,39.950100,0.000000
0x6B5f75F4A6d692E9bCf35DFbce8C6018E2958e8b,MAG7.SSI,0.000000,15.068318
0x6B5f75F4A6d692E9bCf35DFbce8C6018E2958e8b,USDC,66.257329,59.157329
0x6B61e466a6e90858cA7E7b13D030C967b473e910,MAG7.SSI,15.183600,19.947026
0x6B6Ada2f26600341c6B985beF3F3a643F79d6c0C,USDC,15.019300,0.000000
0x6B6B612d85C45cC610A6e96DE9ec41D5dd909E5C,USDC,29.985000,19.780197
0x6B6BAE243b974339B605AAA00cFb2BCc3BA8df16,MAG7.SSI,30.000000,29.982900
0x6B7BCCD74E68E835d29df34314A3AF4932C2cA8F,USDC,39.000000,41.323775
0x6B7F2d722E9bf1d17bFEa9e94E9B926D3949F71f,USDC,16.200000,8.290516
0x6B7FE48E66DAAc35566fB1c8f35eC825F62c6c7e,USDC,500.000000,201.530753
0x6B7cEFE27F0df22f6Cb35Fde49fd95cBfe70c9d1,USDC,15.012600,0.000000
0x6B8D24208AefD6B1CF9Fb4d04630AaA025c268b1,USDC,49.800000,0.000000
0x6B93e566AA77A308C3e4C5e9b3fa550643339505,USDC,15.006200,0.000000
0x6B94fB009eAbf9883bD70417b4A28c60E70e1978,MAG7.SSI,75.690500,75.614100
0x6B98Bec15469C7a8b737800C68d645c8c2BfeE33,SMAG7.SSI,15.030000,0.000000
0x6B98Bec15469C7a8b737800C68d645c8c2BfeE33,USDC,16.400000,39.766954
0x6B9F4418Ee58FD0D7D73B99f91f0F6FB0D2e3e5b,USDC,38.000000,39.980485
0x6BA05DFA3834032A3A749757E09E9e0456b757Db,ETH,0.007655,0.000000
0x6BA05DFA3834032A3A749757E09E9e0456b757Db,MAG7.SSI,0.000000,33.231468
0x6BC8fd0CC4Ff2200Cd8ffbD115c82721Bb684C9b,USDC,39.000000,41.215438
0x6BCC1eD6BbaCf7e68c1BBC558De5B1ab2332C58D,USDC,105.897202,105.371004
0x6BDD0ca4f35dE5b662aEBeD628b5994eEdFAD749,USDC,59.102782,0.000000
0x6BFfc08f42048cf3f1B54A5E39FB12115c620913,USDC,45.000000,39.242955
0x6Bbd6e302605c811B19392E2C5AdCeD03913d413,BNB,0.447100,0.000000
0x6Bbd6e302605c811B19392E2C5AdCeD03913d413,SOL,0.203280,0.000000
0x6Bbd6e302605c811B19392E2C5AdCeD03913d413,USDC,73.590000,596.352698
0x6Bbd6e302605c811B19392E2C5AdCeD03913d413,USDT,49.990000,0.000000
0x6Bbf3B3693cFab91D1742f3b878C703001562476,USDC,39.978100,0.000000
0x6BdDF7ED2972Fef4846B0B10aD2a277cEeE62FfB,MAG7.SSI,2000.000000,0.000000
0x6BdDF7ED2972Fef4846B0B10aD2a277cEeE62FfB,SMAG7.SSI,10180.673100,0.000000
0x6BdDF7ED2972Fef4846B0B10aD2a277cEeE62FfB,USDC,0.000000,339.339920
0x6Be56d6285A6257838De134D36d8F9963492c1ae,ETH,0.007596,0.000000
0x6Be56d6285A6257838De134D36d8F9963492c1ae,MAG7.SSI,0.000000,32.732993
0x6C029A2AD992b325619659046808912a38a214B2,SOSO,190.765400,0.000000
0x6C029A2AD992b325619659046808912a38a214B2,USDC,690.000000,104.535445
0x6C379b18368803a947335E84E3Bb6726C66312Ec,USDC,15.450000,16.515527
0x6C400Cc54c60B20075810db4806D4001127e6649,MAG7.SSI,29.518605,29.502105
0x6C550015eeE165f125C41ea1f9687C1E64E97bfd,USDC,41.570000,0.000000
0x6C785D1C78D75ff937947110E5734477c0E3107E,MAG7.SSI,0.000000,102.132035
0x6C785D1C78D75ff937947110E5734477c0E3107E,USDC,51.000000,0.000000
0x6C81f04165445F484EAd16Fd38E0c6C41892D4B0,USDC,39.670000,41.334760
0x6C82fbE91b332FE7f22d2733a300012109585Cb9,USDC,37.651000,41.239559
0x6CB29D386f82966191f2C9f53737b5ef76f38993,USDC,1118.331063,827.107980
0x6CCD4a1f3C708b9637382E5eB498223c7DbA2F9F,USDC,15.000000,15.070696
0x6CFa4996252c021CcE547C7b2E542ae0F37b1Fc0,MAG7.SSI,64.929296,87.482401
0x6CFa4996252c021CcE547C7b2E542ae0F37b1Fc0,USDC,9.317261,0.000000
0x6Cae2326d13C845559eDBC330f2Ddb3dd13fdc4c,USDC,39.740000,41.424665
0x6Cc8e4deb552E81E98d6f91F855d728e6dd12d93,USDC,15.029100,0.000000
0x6Cd50ef6C3D1FC9DfCD3c19100A49cb7Df7C2279,SMAG7.SSI,147.820460,148.320460
0x6Cd50ef6C3D1FC9DfCD3c19100A49cb7Df7C2279,USDC,313.859151,105.513000
0x6Cd9887Aa6ebbBF8cd7ecB50413aA670c8a68076,USDC,15.007400,0.000000
0x6Ce309DC00fBcD401f157149321f8cADfe020eF9,USDC,15.000000,15.054519
0x6D112E145e33cBEEC755f9E2f3eEA8284903f8D0,USDC,15.007100,0.000000
0x6D18cA62dD623E6984b09F74a238d3214a2E1015,USDC,15.077498,0.000000
0x6D4740bAe2bEF853a2E5589e6abA6B6e7E4C3786,USDC,37.130000,0.000000
0x6D492a4084faa2B226Cf09Fc8aabA9e43b2eBc2E,SMAG7.SSI,43.960500,43.960500
0x6D5e2B8B4076BeE4068Bfb179CD682D849D9A916,USDC,35.000000,39.000000
0x6D652AeDE0D510b684b1062Add0A3a2FCef0BE35,ETH,0.006000,0.000000
0x6D652AeDE0D510b684b1062Add0A3a2FCef0BE35,MAG7.SSI,158.365612,0.000000
0x6D652AeDE0D510b684b1062Add0A3a2FCef0BE35,SMAG7.SSI,158.988900,0.000000
0x6D652AeDE0D510b684b1062Add0A3a2FCef0BE35,USDC,170.589960,80.000000
0x6D6635Aa41Bff64c853Bf88eb81906B8191B03A6,USDC,39.500000,41.690375
0x6D886859559981aD6e646E7E5112523e8Bcb821D,USDC,15.106408,0.000000
0x6D9DC42D20d4D07FbA4642aF8c3227293828cD0c,USDC,15.002000,0.000000
0x6DB2BdF7A61754D383755C699Dc539707554CAa9,ETH,0.005000,0.000000
0x6DB2BdF7A61754D383755C699Dc539707554CAa9,SSOSO,18.000000,0.000000
0x6DB2BdF7A61754D383755C699Dc539707554CAa9,USDC,15.000000,0.000000
0x6DB2F9DB3caF55cBb300E02440C8e96f8F0149a4,USDC,38.100000,38.043167
0x6DF0a836CFa125BCdfcfB5236bEA06dA774EE235,USDC,36.800000,0.000000
0x6DFeA5d66BcF4226665021bc2d2E229A951Bf291,USDC,16.000000,0.000000
0x6DaEA348e871D1A3233151cb77E259B7109F9878,USDC,24.867757,10.478174
0x6Dcd97bFC736DbC2F8bc9065974913DdFB1A66D9,ETH,0.017400,0.000000
0x6Dcd97bFC736DbC2F8bc9065974913DdFB1A66D9,MAG7.SSI,0.000000,75.806445
0x6E09956bBd8093f8D42a8954894b1C12d47738D1,USDC,41.000000,44.231381
0x6E2E578fb79398da14CdE78b7E432853fcDD60D2,USDC,85.100000,220.879272
0x6E2ebE1121Bf634c961e4f5531E173755dFbA07f,MAG7.SSI,0.000000,76.118561
0x6E2ebE1121Bf634c961e4f5531E173755dFbA07f,USDC,37.000000,0.000000
0x6E3b7D2Aad3DACc009B9dE4B49C933bF5BF8B993,USDC,15.024800,0.000000
0x6E41B2fb6401B7b789F1D3fE49ddD7308c5AC570,USDC,15.400000,0.000000
0x6E5364c619e82439d3FA330F6C9A018a7825b66d,USDC,104.000000,63.469757
0x6E59426C652C87060Fc0378e1181a5013B0251fb,ETH,0.000003,0.000000
0x6E59426C652C87060Fc0378e1181a5013B0251fb,MAG7.SSI,69.635300,0.000000
0x6E59426C652C87060Fc0378e1181a5013B0251fb,USDC,1278.155875,694.754689
0x6E5cA92aF8f571A5e005F5C842DA5CBCa646dAc7,USDC,37.000000,38.947572
0x6EB0f0e9fA05EE47C8150628240b26b895A54ED5,USDC,126.900000,0.000000
0x6EB45F4Eff3625eA74b9d72dbbc9ee282Cd7C6d1,USDC,15.020000,0.000000
0x6EB6ba8046e3459Bf7C09AbC337Fb0e97B613D08,MAG7.SSI,76.609700,76.532800
0x6EB7F3a33761822fE597E4D8688f102F3E8E664D,SMAG7.SSI,13.745900,0.000000
0x6EB7F3a33761822fE597E4D8688f102F3E8E664D,USDC,620.911374,0.000000
0x6Ea76338356745944530B51c4F70eaD40F9f631B,USDC,976.484410,966.714044
0x6EdF492695BDCB1c76206Bb2a6490366f24C22A3,ETH,0.003000,0.002894
0x6Edf15ae8132649EdF2D6E044AE40b79718f7475,USDC,28.350073,51.616600
0x6Edf15ae8132649EdF2D6E044AE40b79718f7475,USDT,29.990000,0.000000
0x6EeF52828c3F43F523C135072812EfE9c3358E2d,USDC,37.617000,41.211460
0x6Eff8CAd5f63c23912EcFC5b024c8554D17e7dcB,USDC,160.887479,94.642698
0x6F0aF5fd0d379AAA68e63EcE78a988EeB95aCfA2,SOL,0.043995,0.000000
0x6F0aF5fd0d379AAA68e63EcE78a988EeB95aCfA2,USDC,12.150100,0.000000
0x6F165685711AdE93ecA0444B4aBC1F548282b88d,USDC,44.566200,36.496272
0x6F46c10417b926df5D1A1CB60A6B72cFF6050150,MAG7.SSI,0.000000,76.381429
0x6F46c10417b926df5D1A1CB60A6B72cFF6050150,USDC,40.000000,0.000000
0x6F4aA0E7F0f73307fa23aE663A749EA3662e9Fc1,USDC,15.090000,0.000000
0x6F61052F8ECA40EA55Dd328e8be7e93b69Ba260B,USDC,5.000000,18.250173
0x6F87486F64dfb433eAAd990077DD365BB5aF0406,USDC,50.000000,0.000000
0x6F887b6eC08D5CE91e05d068Dd1D9Fe3247A9639,USDC,43.100000,41.415577
0x6F9E686c0661Da3146e3Aa98adb9cD088a190A8c,USDC,49.700000,95.005394
0x6FA5565c394571739FEd465f996e38112F4e1A89,MAG7.SSI,0.000000,35.801047
0x6FA5565c394571739FEd465f996e38112F4e1A89,USDC,35.000000,0.000000
0x6FB41E18EFabf1C8dB90f3dE37D17B67F158e4CE,USDC,1102.758376,1088.476369
0x6FC72ec1C90aa3EEb705da9c94775E9f0e76A7F5,USDC,300.000000,292.367342
0x6FaC39cBfb03c2bc75e20C7e4499396F453e449E,SMAG7.SSI,5.000000,0.000000
0x6Fd7d505A0acB5411f98B13317Bf68dfa0cF559C,USDC,39.900100,0.000000
0x6Ff99039A5d979a2D13C899Ebb908b81bb7F2Db1,USDC,39.500000,41.684157
0x6a017e344bd4BBd1650B78dC0c813cF2F658A3CE,USDC,40.000000,38.818502
0x6a0324cB020fdEe54fF6e945e568E170c7CFe794,USDC,804.539117,794.112222
0x6a0E289C0C3205eD5da9B5481925e5CE2c4D05EF,USDC,15.005500,0.000000
0x6a0a92FEBDE1D200273B593358a0274B9e198D37,USDC,866.039051,855.618590
0x6a21208435B004D2cC5A51a690A53f7Ca2EDF8cd,USDC,20.000000,20.000000
0x6a26d63bc7B8ABa0A2423568d9A1E3593c810ad1,MAG7.SSI,0.000000,15.449104
0x6a26d63bc7B8ABa0A2423568d9A1E3593c810ad1,USDC,26.792025,30.880445
0x6a2884D0048563c8E41a64F81Dd90ed0B7860aef,USDC,15.000000,0.000000
0x6a3DEE67CFD29354038135ACFF069A4972BbE31f,USDC,19.960000,13.407128
0x6a49DD4A4aF14D76cE1D1de3f30fAF2ef729cf9E,USDC,45.000029,0.000000
0x6a52fAC062872B8480f1faEe6EA3D6AA07f79d6C,ETH,0.023500,0.000000
0x6a52fAC062872B8480f1faEe6EA3D6AA07f79d6C,USDC,0.000000,30.533850
0x6a584943221AB4a94A7BaAeB77ff86dfd1187e0D,USDC,15.020900,0.000000
0x6a5D911703CE5E940Ce6c2f9F9f0cca2975330EF,USDC,15.026400,0.000000
0x6a6DC0E25c1A5A41e7d32E400F20cbDA098eCEbC,USDC,37.623000,41.135586
0x6a6DEF20b95c180a77fAb7A244a76454Dbf33259,ETH,0.014000,0.000000
0x6a6DEF20b95c180a77fAb7A244a76454Dbf33259,USDC,149.645946,0.000000
0x6a80Ef35768396636eA6d46997458F995D2c1837,USDC,151.000000,140.036274
0x6a81b311931F6b06e6b0ddC5A42061fe634E432c,SMAG7.SSI,102.017900,0.000000
0x6a81b311931F6b06e6b0ddC5A42061fe634E432c,SSOSO,101.603900,0.000000
0x6a81b311931F6b06e6b0ddC5A42061fe634E432c,USDC,2367.741561,1134.445466
0x6a8451e2f595302e6C519243Ab77D56B37DeC247,MAG7.SSI,74.042942,74.042942
0x6a92d5F6a6A2852b6e6aB88182a23F18bE92229A,SMAG7.SSI,1464.070700,0.000000
0x6aBB943f2Ff31ec631fb5BBd71Bbd0127902CE16,MAG7.SSI,31.590671,0.000000
0x6aBBd4004a267A43B26e1B48Ee280f74Ce92aF9C,USDC,210.000000,212.478073
0x6aC26065c9Ef28e0128BaB245F220573533D9E88,USDC,0.000000,14.000000
0x6aC26065c9Ef28e0128BaB245F220573533D9E88,USDT,20.850000,0.000000
0x6aFF29FD108c3ab397317f500771EeaC788C871C,MAG7.SSI,0.000000,76.751982
0x6aFF29FD108c3ab397317f500771EeaC788C871C,USDC,40.000000,0.000000
0x6aa3869BfB3F2B7A2E5ee0a8fca7Ef45f2d00b20,USDC,15.029000,0.000000
0x6ad073634C57118D0a988C690BE6ddF7046e4E74,ETH,0.019640,0.008429
0x6ad073634C57118D0a988C690BE6ddF7046e4E74,SUI,0.000000,34.184210
0x6ad073634C57118D0a988C690BE6ddF7046e4E74,USDC,120.831014,29.878557
0x6aeBB4cF60F2Cdd331B7F187E736813889a62666,USDC,553.415479,545.934436
0x6b024aCc3801A174D5a2e8fB4E3e198dA8ce4Ce3,USDC,16.000000,0.000000
0x6b0cf063aF387461041Eae19261d3F5c9CC4928c,USDC,599.765400,505.918695
0x6b13f3A5e00dF44C492A0b79E3E8A26C0F0D1F2f,BNB,0.006969,0.000000
0x6b13f3A5e00dF44C492A0b79E3E8A26C0F0D1F2f,USDC,20.001393,21.577283
0x6b200A60F8e211F2d826561D16C00C1dB1bF2e00,USDC,39.500000,41.633800
0x6b22dDD7Abf12Fd0E46ADec5eF7c85a54a813942,USDC,15.109100,0.000000
0x6b2cE2E56e27280c494fd7F18Ad52f1f800C0A18,ETH,359.258381,63.478570
0x6b2cE2E56e27280c494fd7F18Ad52f1f800C0A18,USDC,212810.751459,1258037.133404
0x6b2cE2E56e27280c494fd7F18Ad52f1f800C0A18,XAUT,0.000000,8.000000
0x6b2eA8b4099D38C1d012e1fea2E532BCA5f3911a,USDC,19.994729,0.000000
0x6b38C1c9CC094f8631401993c14285Da227452c1,USDC,60100.000000,0.000000
0x6b4CD3c0FA5e95F79bF006A83531281eB6370831,USDC,15.007800,0.000000
0x6b500b85Dda7EbF4CACdE3E2600da6e20C8C75b9,USDC,110.850014,0.000000
0x6b5234E25f46b8eC2E6a7ddA5F8951E9577E50FE,USDC,579.747700,510.488000
0x6b615aB9a06895deae80bbc196FD8c2765dcFB1e,USDC,41.950235,41.950235
0x6b6310a45B119E3f67BC428CcDD55349D1FE1CB5,MAG7.SSI,79.817800,80.317860
0x6b6310a45B119E3f67BC428CcDD55349D1FE1CB5,USDC,59.328896,0.000000
0x6b632fb9A101b908035A85e5840a18d3370c44Bf,USDC,21.340000,14.622483
0x6b8aA92b9DE717dE31dB461BF8fFb853736f24A9,USDC,22.948806,13.264202
0x6b8b6DEeE30FbB3E48844E70B03Bd4EAeD864215,USDC,15.170000,0.000000
0x6bA59f7f2E32ac289ED6028F924Fa5E5FD1DecC3,USDC,39.965100,0.000000
0x6bB982e33171a215AB823406e5E67180F01f5F59,USDC,40.361952,42.773921
0x6bCAFC198791a9A9dD4D6c2A35448C2a76Ae95fF,USDC,3050.000077,3050.179811
0x6bDC7594817b354d24C7EE6b7d3a47F51d6a5413,USDC,49.800000,0.000000
0x6bE88b6Da308f7b149e30d127606bF6538F86258,USDC,41.600000,0.000000
0x6bF6095208C8b5de7c70924881226e33854425B8,USDC,15.016600,0.000000
0x6bb087ADBCC9bd94e6BFF07362e2a312657fbB56,USDC,37.063000,40.454627
0x6c01EEAC597E21FbCed3d8cF4b95AadA278Fc33E,USDC,61.000000,42.592407
0x6c05F123a2848bf487e8d222F84151A5111D106F,SOSO,36.000000,0.000000
0x6c05F123a2848bf487e8d222F84151A5111D106F,USDC,21.484615,0.000000
0x6c0C24e0bD4f425E21358F37c9CBFBdfd24230df,USDC,39.000000,41.579013
0x6c1aFf9016290a2Da69EA5f4b210AF9E96c3d3cc,USDC,6.286790,0.000000
0x6c1ce70D0C4a15314403B398dC542aBA3BFc9493,USDC,49.862533,35.347415
0x6c2147f0f4EFA49934e31B7F416C1c5D8073F675,ETH,0.012124,0.000000
0x6c2147f0f4EFA49934e31B7F416C1c5D8073F675,USDC,0.000000,38.854456
0x6c3BB1783b83cF7B4a96bCe202EDD17802Ad97f5,USDC,19.495275,30.085881
0x6c4696511Cb22876ec5Ffac7b0993b102F2eaA63,USDC,39.500000,40.807197
0x6c4ea6580eFD3F84d00825b86bAeaff1dA97f62e,USDC,7.320457,0.000000
0x6c55F48629A16Ee8845190E7B494F26601580F34,USDC,15.005600,0.000000
0x6c757c705EfB34B4ec84d8C6c77d988181B3ED8e,MAG7.SSI,77.060300,76.983100
0x6c7a07F8ee8dCd4Af2534405621DF1CAEbb0Ad8A,MAG7.SSI,466.904456,0.000000
0x6c7a07F8ee8dCd4Af2534405621DF1CAEbb0Ad8A,USDC,194.200000,0.000000
0x6c94aFD82e6546690a69D17B17D6fF4B9f3b6Ba1,USDC,39.890100,0.000000
0x6cD011763945E5e7EA728f021Cfd94F0D7Fddbc1,USDC,15.000000,15.096684
0x6cF64F9940D58673013C87F553b444B7C3480EfC,USDC,51.279548,0.000000
0x6cFD49d53bc1966285745851080c3Bb25E351159,USDC,15.009700,0.000000
0x6ca05e6CC2D05D2479d4c28c23e48A4F43BFb884,MAG7.SSI,136.014840,0.000000
0x6ca05e6CC2D05D2479d4c28c23e48A4F43BFb884,USDC,1200.000000,0.000000
0x6cbd3351D795B126a415A58681f3CF591739594E,USDC,15.009500,0.000000
0x6cc4EBafFb4E55F3262B69a4b2204fB8Fe246c8F,USDC,58.843809,59.184935
0x6cc7A4A8A813f18EB429AD0cf46947b2605d46dB,BNB,0.000000,0.096936
0x6cc7A4A8A813f18EB429AD0cf46947b2605d46dB,ETH,0.025795,0.002593
0x6cc7A4A8A813f18EB429AD0cf46947b2605d46dB,USDC,9.971764,0.000000
0x6cc8BA62a17a83EE8d7a0229Cc2772e7899F2098,MAG7.SSI,15.018200,0.000000
0x6ccC98E68bFEb6AF20B4Be04447Bf99c990F4B4C,USDC,15.000000,14.570455
0x6ccc53BD4F6ce26db799B5E86FBD32803BF3d383,MAG7.SSI,30.008912,29.990412
0x6d02Fd4dCF6B6063Fdb0042F478CaFE669F95D0D,USDC,20.765099,0.000000
0x6d147C5F43f618b65e44EbF7E4823F4001f2e974,USDC,15.013300,0.000000
0x6d2569C4595b47E71Cd94aAaf4074E769A73B7FE,USDC,141.306055,128.138808
0x6d2a6DD49230E895372d0E7BA9F9A20b62D605FE,USDC,41.161431,39.393498
0x6d40c9f4723D79084c79207E69a0dA24E6BFFb40,USDC,14.340478,6.380823
0x6d40c9f4723D79084c79207E69a0dA24E6BFFb40,USDT,15.000000,15.000000
0x6d460712aE0dfB98b2c882b7Bbd970D829039c0D,SMAG7.SSI,94.516300,0.000000
0x6d4d5b09223Fe6CF73CA8cf48aFfeD4b95888AEB,ETH,0.017400,0.000000
0x6d4d5b09223Fe6CF73CA8cf48aFfeD4b95888AEB,MAG7.SSI,0.000000,75.806145
0x6d7EA217B1422E9Fc2C8fE6cB9CDc33318b7c7D4,ETH,0.003000,0.002895
0x6d9F8b612A5C2bcd590A552Ba8cb9a95d0305c1e,USDC,41.803594,0.000000
0x6dAAf5669bA9da104Fe61484B99AE062d2afa192,USDC,15.010300,0.000000
0x6dB4919A8E6F80Cab50db0E40FcDa7d182422eC4,MAG7.SSI,15.019500,0.000000
0x6dB9C61d5869854191A40c1a824F4282BE75704e,MAG7.SSI,77.406991,77.303690
0x6dE025B3EEEAeDf4FBDE83136cC7E0BAF5bc71aE,USDT,19.863834,19.863834
0x6dFa839d593a4F7F0CE578b1a0a64D0d1F054BB5,USDC,40.000000,38.476347
0x6db033Ac80d3504fF0A5Dec8Dc7efcA0215d42cA,USDC,501.000000,493.743405
0x6dcFfB450b77dDB8dE443c5d47Fc043B131F6439,BNB,0.015000,0.013990
0x6dcFfB450b77dDB8dE443c5d47Fc043B131F6439,ETH,0.003654,0.003552
0x6dcFfB450b77dDB8dE443c5d47Fc043B131F6439,MAG7.SSI,33.186440,33.686403
0x6dcFfB450b77dDB8dE443c5d47Fc043B131F6439,USDC,23.564038,42.515764
0x6df18f195931f60C6f169F7FAB067b0BB71ad352,ETH,0.062395,0.061721
0x6df307FFEB403b8Ec4a1e19B9997b61970CcDEec,USDC,20.436867,0.000000
0x6e164EF5008F4Afc531Dd6D3905aeA5783C3d5e0,MAG7.SSI,15.203700,0.000000
0x6e44c0efeCA886b546bc2aa85118094b83B87297,USDC,1500.000000,1167.024904
0x6e4EB24194C6F2487bcE229416d9928062398c4e,USDC,71.100009,44.346732
0x6e4EB24194C6F2487bcE229416d9928062398c4e,USDT,74.850000,0.000000
0x6e4d867B0b9DA23D0b15e28D1DdC8f382e9e3a5b,BNB,0.120000,0.120000
0x6e4d867B0b9DA23D0b15e28D1DdC8f382e9e3a5b,ETH,0.010000,0.000000
0x6e4d867B0b9DA23D0b15e28D1DdC8f382e9e3a5b,USDC,298.521537,0.000000
0x6e5b4B37A30bbc75fCD7Ca2F2a5c8b8D4666ea16,ETH,0.020979,0.022564
0x6e9E580e788EbD8f6D8900D6709505728D4d7B20,USDC,18.100000,38.472922
0x6e9e373e9C24e516Af3318D4C947bC0146745Ce0,USDC,38.000000,40.453489
0x6eFc3790f96C6bf6a42cB2D4769e8E6c04832247,USDC,45.000000,43.733648
0x6eb8119245C0BB24db7748fd516E295f37dF5bc1,USDC,38.000000,40.449161
0x6ecf13cb313E163756636B925B7C26F85cB000eF,USDC,39.480000,41.349953
0x6ee81d0c0541B1C125386EAb281D84d78d4B7918,USDC,100.000000,101.785302
0x6eeF15c292A908e0984335E1d5596e17B94a7E64,USDC,445.180466,292.296788
0x6ef1ab0766B6011d1F7568935a3659BF87746b74,USDC,35.000000,33.781308
0x6f015FA8bBC77ef25cA26Bf315a6E174875b382A,USDT,15.200000,0.000000
0x6f06cE8c2EA09bB65608d3D431b7e88986efb4b6,USDC,26.100000,13.415130
0x6f07a08960140433e2b6EBe1769C94096fD204F4,USDC,16.000000,0.000000
0x6f09F209F81ff5182144fF05c074d4Ce64fa514f,USDC,15.000000,15.372043
0x6f1AA0E59f34fa51aB4c2628180d409e732a5956,USDC,20.000000,11.631496
0x6f1c28f0d41a9B78fD4907a17E191ced62ccc834,USDC,29.894009,29.909316
0x6f2673e9Ebcd5668ACE48E6e60ed573Fb917Dd79,USDC,1985.000000,1987.700000
0x6f28D5612f757bC71d70389E838CEed3186294B0,USDC,1982.000000,1984.980000
0x6f49a1c2197e8938f0909a8C8419DDa111305fC5,USDC,129.979377,133.214697
0x6f5d8Ac5cE09088198E7783aFB37Cfd35c5df751,USDC,15.435567,14.781456
0x6f8184EcbE49bAf9b58A02995C5B6e8556240675,ETH,0.003000,0.002894
0x6f99cfcD97A86b5dac4542aB5b2a2aF8a9CbF567,BNB,0.063954,0.244656
0x6f99cfcD97A86b5dac4542aB5b2a2aF8a9CbF567,DOGE,0.000000,35.158300
0x6f99cfcD97A86b5dac4542aB5b2a2aF8a9CbF567,SOL,1.029765,0.706703
0x6f99cfcD97A86b5dac4542aB5b2a2aF8a9CbF567,SOSO,50.000000,0.000000
0x6f99cfcD97A86b5dac4542aB5b2a2aF8a9CbF567,USDC,30.251446,247.112467
0x6f99cfcD97A86b5dac4542aB5b2a2aF8a9CbF567,XRP,124.680980,0.000000
0x6fAa7EC24f636E40ae1b170D4563D07285af8268,SMAG7.SSI,208.151100,0.000000
0x6fAa7EC24f636E40ae1b170D4563D07285af8268,USDC,59.900000,0.000000
0x6fBe793D63Ff2dB53Be40e76cdF3876D55878308,USDC,574.065900,505.000000
0x6fC04A38e19095Ca8061DaF28BDF3dBCdBAeDF00,SOL,0.200000,0.000000
0x6fCBEfD320A66F694b3e2D58aA890002C8Ad27d3,MAG7.SSI,77.783700,77.705800
0x6fa5B9DF62A3e77633C414817bEeb6C529011B51,MAG7.SSI,0.000000,80.995554
0x6fa5B9DF62A3e77633C414817bEeb6C529011B51,USDC,46.915325,5.200000
0x6fe1b3525c924746E16d94Ad6316799537F64f8B,USDC,15.005700,0.000000
0x700e295993487Ac1a868DeA161e57DD2ae5228A7,USDC,6.959727,6.959727
0x7010688804Ede7d779321D3BaE38cC43afe89608,USDC,26.200000,5.000000
0x701613f76F6DC80E16847a605027c49c8C97E4e7,USDC,7.960000,0.000000
0x7018EF77812dad976E568DE2aF67c83CF45DDcb5,USDC,5.100000,0.000000
0x7018EF77812dad976E568DE2aF67c83CF45DDcb5,USDT,11.000000,0.000000
0x702228242b091cd73360059bB419a2841a374D7F,USDC,16.000000,16.000000
0x7025E22D9f05AFFAEf85323c8f4587D1E535995f,USDC,23.100014,20.236833
0x702877c07b16AB692bEa1C5b6591029d6394A6BA,USDC,15.021900,0.000000
0x7031260bABBcbDFa85A800f042183428D7612912,ETH,0.013000,0.012565
0x703466A5eD27AE9b05C83a05DB0Ae7Fd44405d8C,USDC,7.960000,0.000000
0x703A6da3f5B885935015475dF0e3c154c6F18e08,SMAG7.SSI,151.000000,0.000000
0x703A6da3f5B885935015475dF0e3c154c6F18e08,SOSO,289.000000,0.000000
0x703A6da3f5B885935015475dF0e3c154c6F18e08,USDC,125.000000,0.000000
0x7041Fe83FF360Da89b1Ee11520876D75949BfBa5,USDC,40.900200,45.284342
0x704268666d1E6dEF9AF1f87138f203740E269DFc,USDC,15.024400,0.000000
0x704347d00aA871a1352FB4d75B5ECf7Ba925e8c0,USDT,20.000000,0.000000
0x70438189764979491b68ACB063185B257bce873c,USDC,37.000000,38.563729
0x704Ab3944b31a47546D0d81899C02592B403A338,USDC,1074.745597,1067.985183
0x705B0a975Cf7DDB0F11eD779B5467e9486Db0A1C,MAG7.SSI,15.049000,0.000000
0x7060073f2fE543F2dCdBc0D01bA3cCcf2d5b3891,USDC,39.500000,41.627189
0x7061a2Ae92721c571d1b55B22108f98E1e2A3D8e,SOL,0.049995,0.000000
0x7061a2Ae92721c571d1b55B22108f98E1e2A3D8e,USDC,11.400000,0.000000
0x7064d7b3977b7900Cfd4eea04D00106F1D84c415,MAG7.SSI,76.000000,75.920000
0x7068F67961A636fFD4aCf92eEA58C97A45E5De8B,USDC,5087.124763,3248.507689
0x706dE53444A45f243f19CFEaa2830741a66250df,USDC,6.700000,0.000000
0x70732c198eAc78220468ca6b818495c0624b78f2,USDC,30.235620,30.235620
0x7073a3F1B34bfAA3661149F878A1d4a77dFF29af,USDC,15.016800,0.000000
0x70805d99894B9A43577ab85E5e1f6c30138138BA,USDC,16.000000,0.000000
0x7083573D63a98a040484869F3B4C9637fAaF9cb4,USDC,104.300000,103.216939
0x708FA7846a1E4D5C4b5F613d08f3179Bd4F812Cb,USDC,151.558888,101.038192
0x7091b95Fadcb7823d27206582Dc2A55892bD4dC0,SOSO,39.237396,0.000000
0x7093B89c611e10D19719f55122E78E6275E6B091,USDC,11.500000,0.000000
0x709d8e32dc6c2425F68D3a3756BC2bc9d5A7BaDa,ETH,0.103068,0.064126
0x709d8e32dc6c2425F68D3a3756BC2bc9d5A7BaDa,USDC,0.000000,25.000000
0x70A6F13e9F3EB8Ac8a98bF6f45895F29cAdE995B,USDC,39.900000,0.000000
0x70Aa9fc11727314e71CD589c539cC60A31956feA,USDC,20.000000,20.000000
0x70AdEC7a28b7d74736B64339f3D35c61edEC55d7,SMAG7.SSI,3251164.131400,0.000000
0x70B6Bf308e24D56d9857656Cad1A38546488320b,USDC,424.022070,463.964881
0x70BCbEfb3E7ed5650Aab12F1f6edB08Eb97506e3,ETH,0.006000,0.006000
0x70BCbEfb3E7ed5650Aab12F1f6edB08Eb97506e3,SMAG7.SSI,5.926400,0.000000
0x70BCbEfb3E7ed5650Aab12F1f6edB08Eb97506e3,USDC,29.741308,0.000000
0x70Bb8A7b7ac5187ca4407c8083d343c57ABf5cD8,MAG7.SSI,300.980300,0.000000
0x70Bb8A7b7ac5187ca4407c8083d343c57ABf5cD8,USDC,0.000000,151.229448
0x70Bd901FE39a44c32168b20Ad5C89b4A8c334dd4,USDC,366.269403,357.952018
0x70Cac0003D3FE54820C6c42DAE01C301D6f0bc9F,USDC,15.024700,0.000000
0x70E59373e5dbb1c6F70818e98491E215dAfa6B61,ETH,0.003000,0.002894
0x70E71A7D1f39Eb748FAdc6493Cd1F11ECf88CC95,USDC,38.080000,39.094446
0x70Ea88E8cDBe64225Cdc002C518F7Da333AAd346,USDC,51.762097,31.720558
0x70a53a19Eca8Cd44F630D3Edc6945Eae0E522DcF,USDC,180.395167,159.936514
0x70bf999A63D0E1a76Aae57230b0700cC78f0cde9,USDC,37.615000,41.069447
0x70d252Dacc8fF297F35B500243Dbe9746A9F7148,ETH,0.002300,0.000000
0x70d252Dacc8fF297F35B500243Dbe9746A9F7148,USDC,449.209159,342.555414
0x70d830818Bd052f41eA5eEf0a26026339A4d130e,USDC,37.864000,41.438532
0x70e188878069f445be270DbA623B96460E7F2b62,USDC,24.000000,16.013478
0x71065D35d07790437173DA72cFf9d0A5862Be1a8,ETH,0.178374,0.157133
0x71065D35d07790437173DA72cFf9d0A5862Be1a8,USDC,12.015680,5.850654
0x71065D35d07790437173DA72cFf9d0A5862Be1a8,USDT,5.342325,0.000000
0x710A28861966C1E5027e9ae8A001a7BA0Aab4cd6,USDC,46.000000,45.791362
0x711260d303CB5d377C423ccb398A380f96d97a82,USDC,867.968449,857.316931
0x711f3c177E0989CFB4E9D12ECdc75A8F09F0E6d1,USDC,38.000000,40.408354
0x7126063A90C3b1041c2D33C801459488da4A59B4,USDC,16.315875,0.000000
0x712f02d83D87e1006125EEd42B8D56b7971bbD2F,BNB,0.054910,0.022843
0x712f02d83D87e1006125EEd42B8D56b7971bbD2F,LTC,0.310106,0.000000
0x712f02d83D87e1006125EEd42B8D56b7971bbD2F,MAG7.SSI,0.000000,27.927591
0x712f02d83D87e1006125EEd42B8D56b7971bbD2F,SOL,0.090000,0.212685
0x712f02d83D87e1006125EEd42B8D56b7971bbD2F,USDC,15.550000,0.000000
0x7131d89d8bF5A5329764b51AeCC0B2Fe157735A5,BNB,0.025000,0.025000
0x71446bf33bd2f7341eeca8d5A91EEe9bEd49E5E4,USDC,26.289395,44.000000
0x71499CfeAb1c23A0b6ECbF96A7ad3e6937Dc1286,USDC,15.100000,15.717646
0x7159C35Fdb981a78d49C5520631B837593A24884,SMAG7.SSI,34.000000,34.000000
0x716468B82Ab0F16c7Fb9A35bF6f85e1BA75A6b64,USDC,200.000000,198.594595
0x716a896835b8f3C33D0378068c8218F282d9700B,USDC,39.000000,41.197137
0x7171F1CB09e580eAb9c53587d4C9A06fDB1B9537,BNB,0.000000,0.010992
0x7171F1CB09e580eAb9c53587d4C9A06fDB1B9537,MAG7.SSI,117.037186,103.780326
0x7171F1CB09e580eAb9c53587d4C9A06fDB1B9537,SOL,0.083350,0.000000
0x7171F1CB09e580eAb9c53587d4C9A06fDB1B9537,USDC,0.000000,9.802111
0x7175D5Bd77e433e3c70Bd3180145A1C128535e6e,USDC,53.552287,11.476887
0x717fF928A3F92Ee2cF31cA836c169594A7Ec848d,USDC,17.400000,18.083468
0x71971d2f0565076f16c8b65847faC47Ff61fe458,USDC,49.800000,0.000000
0x719E2223d4B0f9bf9F1478ADD40CF2D0e666a6C1,SOSO,26.000000,0.000000
0x719E2223d4B0f9bf9F1478ADD40CF2D0e666a6C1,USDC,916.863056,425.015743
0x71BD57EC260aFed47e91aD2fE6D0596d0d9a63Cb,SMAG7.SSI,7.311800,0.000000
0x71BD57EC260aFed47e91aD2fE6D0596d0d9a63Cb,USDC,216.560674,1033.092696
0x71BD57EC260aFed47e91aD2fE6D0596d0d9a63Cb,USDT,893.768400,0.000000
0x71E7be7493188c75cCa9bfa086996d57A0fd06a5,USDC,15.020200,0.000000
0x71EaD5290fd0D2106BCE0b767518509aE8be6079,USDC,31.702832,0.000000
0x71EaD5290fd0D2106BCE0b767518509aE8be6079,USDT,12.160300,0.000000
0x71Ed2D86077a3fD3a4eDD4E59f99B79B78C8dC86,ETH,0.017460,0.000000
0x71a6fB9004558124eA0757d54D6F89a9465Dd29d,MAG7.SSI,0.000000,137.450874
0x71a6fB9004558124eA0757d54D6F89a9465Dd29d,USDC,110.000000,8.991093
0x71b39f4138db1FC1A402c3d16C21F38c77D5BA28,USDC,21.000000,0.000000
0x71bf5E84D2100F4a7Ce04777BBF0D6988bac4eF2,MAG7.SSI,15.030000,0.000000
0x71c02b0082B4Cb2e4DfbD04aB63aB52A4625f421,MAG7.SSI,306.177160,305.870960
0x71c355585C50BA48d6F13c7060C1C7D6B11dB0c7,USDC,0.000000,56.189250
0x71c82Eb4F565ADbf51EA10753457612F17C2cA92,USDC,563.935294,552.948279
0x71e6949d28f2146EE68CD48f03dEc0bFC04b60DF,USDC,15.000000,15.000000
0x71fE2cb4D00Dc19BD998810113299D98fbFdF6F0,USDC,15.009400,0.000000
0x71fbfABEBaF3038B8544881649F45ae7a206A6d4,USDC,14.892471,7.199543
0x72065b1951B23B132B1672355bAc349d77d6eC32,MAG7.SSI,14.000000,13.980906
0x7208c2ebc0599fE88FBE4315d39915d3a17d5dC6,SSOSO,11.079100,0.000000
0x7208c2ebc0599fE88FBE4315d39915d3a17d5dC6,USDC,25.490138,68.049532
0x720d6ED40351a4E57b0EBb19c06c3B4dFF19B6D6,USDC,15.467000,0.000000
0x72247d2a597C95477fE1134117ea7ace97995F7E,USDC,39.950235,39.950235
0x722eDa7fefc41Bcb59ADb24F62c7f835636530a4,USDC,39.000000,38.063411
0x72325D792658e4fD9e99Ce839a7f2d4EbC89E4E4,USDC,210.000000,207.667545
0x723b2d3F9f4D547AFE03E6Cac57Fd042Ac713d99,USDC,39.000000,39.907234
0x724238555208302a2232FD2dD5ADd893fa142313,ETH,0.013138,0.004578
0x724238555208302a2232FD2dD5ADd893fa142313,USDC,8.090635,16.699837
0x7244cC05caf1737Ead90a07Ab7Aa883efd5300e5,MAG7.SSI,116.041836,15.400000
0x7244cC05caf1737Ead90a07Ab7Aa883efd5300e5,USDC,0.000000,49.254929
0x7254dc6E8b464c51488Ff67d28ec2E01859E74cc,USDC,15.023500,0.000000
0x72640c75C6e535c33890Dbd2934c200A6bc0f52a,MAG7.SSI,6.360688,6.361100
0x72640c75C6e535c33890Dbd2934c200A6bc0f52a,USDC,199.531013,457.183187
0x726A4cb9aAa705dda3E9EAb44234E2E14609fa53,USDC,48.780000,0.000000
0x72704495C9B41b506066720ed5Fcf7d674a9e730,USDC,16.000000,0.000000
0x727d358693c6B18076B86f4628bCc5BE1deD3cfB,USDC,78.724195,0.000000
0x7280015E714fe2F86CDa1ccBcF17CaE787b61Ad3,USDC,15.063164,0.000000
0x72806D05C0F14dE3d815D08d7BC63AD30A1C1f06,USDC,773.038357,764.160446
0x7283Aca7d5b452CC737027F336D3fe04Ff7ab668,MAG7.SSI,15.019800,0.000000
0x7287E8F8fcbC74d0279832c73E38794AB3162521,MAG7.SSI,91.743400,91.651600
0x7287E8F8fcbC74d0279832c73E38794AB3162521,SOSO,1.000000,0.000000
0x7287E8F8fcbC74d0279832c73E38794AB3162521,USDC,12.500000,0.000000
0x728DC26Dfc38957b3Afef230F8152672789e8C11,USDC,41.780000,41.000000
0x729D69cdBB495d25d0C9cB08701F292Ae2192C5a,SMAG7.SSI,34.460500,34.460500
0x72AC7b28d5C1C28d254B086af0009f3DDadFBE2a,TON,15.006253,0.000000
0x72B07c480DC3de3C3FC8f2dC0435900B86727B2A,MAG7.SSI,15.019800,0.000000
0x72B26A48d4d7Da78A5Bf58cA02436e41a8fA76D1,USDC,15.000000,0.000000
0x72B574bd98527C34110e53041B8e4179E47C6073,USDC,41.010000,42.490000
0x72C8Ade55e9EF41902B4B5ACB326d73eC51c4996,USDC,16.079755,0.000000
0x72E37FF6E158A9539db8a954b91177263953925c,MAG7.SSI,75.000000,0.000000
0x72E37FF6E158A9539db8a954b91177263953925c,USDC,950.634437,922.052313
0x72F3130cdAa8De222CfD20Af798d43Ed67A59481,USDC,38.500000,37.691171
0x72aB7E948a21Ed5Ce511e3432435E3046eF5BD84,ETH,0.008989,0.004489
0x72aB7E948a21Ed5Ce511e3432435E3046eF5BD84,USDC,0.000000,8.871781
0x72b1BF0125b0d541BD498aAA3f61EAf8974a3742,MAG7.SSI,15.172300,0.000000
0x72b279432880c377a23fd8E07CbdDB8Fb2766852,USDC,15.500000,0.000000
0x72e4e8125B2e1E1640546d03C2cBd0a39f370c8e,MAG7.SSI,15.019800,0.000000
0x72f2253544524e24074Aa3a7476e42debe67772c,USDC,146.600000,42.597914
0x72f7f76A875580c557B6Fa14dD45378bF075CE7B,MAG7.SSI,78.511900,0.000000
0x72f7f76A875580c557B6Fa14dD45378bF075CE7B,USDC,127.410438,61.000000
0x730d132F2CEF8314ff04128f096B879aa69595FF,USDC,1140.194752,1130.031920
0x7310a46455E737Ce5447b52754eafD49d05b4eDF,USDC,15.019900,0.000000
0x7313b5ccBfa3346511c7d1bb7E90042d3011b924,USDC,16.000000,0.000000
0x7319024217f9692973B31BA4ec8Bb8382Db56250,SMAG7.SSI,150.939700,0.000000
0x73290d685182592Aa12E1C2be1671612179DAD64,USDC,15.000000,15.034183
0x73305c7E9Ea7874a890Cea0C002101E0F231ee38,USDC,16.000000,0.000000
0x733829662A204f0edE70d66Bb70216dB49F067E8,MAG7.SSI,141.087220,0.000000
0x733829662A204f0edE70d66Bb70216dB49F067E8,USDC,2627.000000,262.000000
0x73397A26067bB4cA4eB69541F702500c1E823845,MAG7.SSI,117.053710,0.000000
0x73397A26067bB4cA4eB69541F702500c1E823845,USDC,33.582057,58.270069
0x7339D9fEb914F41Bdbceea0C893E1A985e418eAA,ETH,0.030000,0.029858
0x7345dC229036ff4E6C3c821216b0A7afcaf05a32,ETH,0.005500,0.000000
0x7345dC229036ff4E6C3c821216b0A7afcaf05a32,USDC,6.000000,20.473550
0x73468E6E7af3127160451D4E92b8A836F0e09EF1,USDC,15.025500,0.000000
0x73492889bAC58453ab3926B508d10a63107323Fb,USDC,41.727972,37.163426
0x734B0C023f7bF0bfaeed36B345a9D52E6545AFfF,MAG7.SSI,15.045500,0.000000
0x735011a2Ef6c08772542863462f94EDAEEbC937C,USDC,19.911999,19.911999
0x735623815060b002bB9951861b6992D3Ac98D206,USDC,37.000000,38.609984
0x73566956721E3db046cdDfA55f7EB3c7AbEE243A,USDC,83.582704,83.582704
0x7357Ddeb9b08b09380862eE1e19C1E89B4DD72Db,USDC,11.000000,0.000000
0x735B0bc5550E6486b9291AfC992E20CF3598D04d,SMAG7.SSI,13.157000,0.000000
0x735B0bc5550E6486b9291AfC992E20CF3598D04d,USDC,0.000000,80.559142
0x7364314faB6973523Cf08105355354aD9Ac1e977,USDC,44.914488,42.691949
0x7366594a8b5eC68E84720101a5871a42cc475E78,USDC,15.000100,0.000000
0x73706962982a9430c68e115F9d15811432c8774B,USDC,1087.176369,1080.936786
0x73741e2E72FfAa853a7C50d5e01C2a72F12E366E,USDC,37.000000,38.442037
0x73747b7a141434cfc7ea21db594F7699EEC277e7,MAG7.SSI,0.000000,76.662247
0x73747b7a141434cfc7ea21db594F7699EEC277e7,USDC,40.000000,0.000000
0x737e6D396E6D1daa632bd8d9F48B42162B33A922,USDC,13.479130,0.000000
0x73823d0fD67BD36F186De6AFadEf3c690068333C,USDC,15.000000,0.000000
0x73872869565800BC46329fa718ae0f92CEF35929,USDC,55.000000,0.000000
0x73874BAC533Fc75FdD749A5EcBB64d20e2eBE663,USDC,25.204878,15.890253
0x7396b7c5278EEc5B199f880284b0F63A3283B01f,USDC,39.000000,41.313214
0x739dd59A7CDa48445AC4A1a9E4504B06b8fEA35b,USDC,40.338138,0.000000
0x739e4B9Cc9f41cc145030fec6f4f35765E0dA720,MAG7.SSI,2101.858210,0.000000
0x73Af66bfc074911BEb3f4a6954D4737dA4F95236,USDC,15.015200,0.000000
0x73BFc8E18f15F06162F6F0BF6F7B44Bd7Ce09C90,MAG7.SSI,34.503672,0.000000
0x73BaCf698ce090E09aCe6335A8C2e414b1FcC7E9,BNB,0.025000,0.025000
0x73C1f5c941AE4FCB5F4F47345afAa208387DB4ec,MAG7.SSI,76.131100,76.054900
0x73De44E62F32BDd04860659A6322a445C46542F7,USDC,15.026400,0.000000
0x73F4757C2e487356d8AE9436a62C70aDa3Ce9A94,MAG7.SSI,0.000000,76.682234
0x73F4757C2e487356d8AE9436a62C70aDa3Ce9A94,USDC,40.000000,0.000000
0x73a22437f05766F594AF458e21D34eBeF1162bab,USDC,15.000000,0.000000
0x73dC9D434970ae213caDBB9f3FD13D0b9555e5E2,USDC,16.010939,10.926623
0x73da02ceBcF258AB453286Ee82d02f4736ae1404,USDT,20.563000,0.000000
0x73e601A13c96d991d56cEcDeE61644fb0AC88773,USDC,15.260000,0.000000
0x73eF34994D644431537cbebf68963eDbAd940843,USDC,16.000000,0.000000
0x73fC79ff01408508E99C867B490adbf729328E47,USDC,40.000000,97.397807
0x74073088AD62B034C63f703dAe05Bb34b37d6905,ETH,0.210174,0.093340
0x74073088AD62B034C63f703dAe05Bb34b37d6905,SOL,0.000000,0.348718
0x74073088AD62B034C63f703dAe05Bb34b37d6905,USDC,162.877905,389.156482
0x740Ad4B521F5dbBa4263f9d20a43eCA7988D45Ce,ETH,0.002000,0.000000
0x740Ad4B521F5dbBa4263f9d20a43eCA7988D45Ce,MAG7.SSI,127.714847,0.000000
0x740Ad4B521F5dbBa4263f9d20a43eCA7988D45Ce,SOSO,49.500000,0.000000
0x740Ad4B521F5dbBa4263f9d20a43eCA7988D45Ce,USDC,0.000000,77.219948
0x740D4748Cd6B37a9A03BEe44BB0a4A8657cB810b,USDC,39.500000,41.751196
0x7419A8D7CAbd384dd4b366eCEE825f2BE088a545,USDC,38.062000,0.000000
0x741F87B85FE33D2c573ED73F23F6dCfcFd0a3B51,USDC,300.000000,288.540823
0x7425Da9641c7EA3922dB8ee4F66122ef327d802f,ETH,0.018998,0.000000
0x7425Da9641c7EA3922dB8ee4F66122ef327d802f,USDC,161.920000,146.287231
0x742D92cCf5d090a88BFeC13775109CAa105E6309,ETH,0.003600,0.003197
0x742D92cCf5d090a88BFeC13775109CAa105E6309,USDC,11.600000,33.141155
0x742D92cCf5d090a88BFeC13775109CAa105E6309,USDT,190.021218,0.000000
0x7431c50aC8d805491b41958b50dAa5601Cdd2c7c,USDC,120.000000,0.000000
0x7433220DaCC9F29aA35cB8805FD46e7b9A677dFb,USDC,38.000000,40.484891
0x743AAE532214f7716233952EeD9e51700752adE6,USDC,37.950100,36.170081
0x743BE81fF3a588BcD4cB0aAE5cC1B3ECAAc5ff58,USDC,38.000000,42.565768
0x74450a87389540550dD42C5B412a9f7b76E8D8Ea,USDC,39.000000,41.418803
0x7448940bEe5E86B0d038b29C306b97AB241317B9,SMAG7.SSI,1028.580300,0.000000
0x7448940bEe5E86B0d038b29C306b97AB241317B9,USDC,4661.822864,6057.464601
0x7449642433f434C8c79fDeBE70d6C37fb0F0633A,MAG7.SSI,15.074800,0.000000
0x7450A0856c7D83BE9e9093BDFb0a0Be80dD8E84b,MAG7.SSI,75.000000,0.000000
0x7450A0856c7D83BE9e9093BDFb0a0Be80dD8E84b,USDC,918.396501,909.124835
0x74549f63cF95cb33d453a3305ef7227c7d48a1b9,MAG7.SSI,0.000000,76.125161
0x74549f63cF95cb33d453a3305ef7227c7d48a1b9,USDC,37.000000,0.000000
0x74555A29b2925F3D0Ed0ecc1A2A359bD53a1c178,SMAG7.SSI,102.761500,0.000000
0x74555A29b2925F3D0Ed0ecc1A2A359bD53a1c178,USDC,36.000000,37.261287
0x745eCF82137A4c83Abb43B4e8970A01C834Bbe78,USDC,15.024200,0.000000
0x7460812DA354B3C34d7028019Bd989bC79b3686e,USDC,37.000000,38.939459
0x7464E52Ed61EAEa31668A1bD6103a440d55E8eC8,USDC,16.000000,16.000000
0x746Cb97928f9ef303fF9f7A140De0e74dE4A23Cf,USDC,40.000000,38.768634
0x74726c43FafD8f9C3d50A9F63820bfB8860F3481,MAG7.SSI,0.000000,9932.581906
0x74726c43FafD8f9C3d50A9F63820bfB8860F3481,SMAG7.SSI,18744.497600,0.000000
0x74726c43FafD8f9C3d50A9F63820bfB8860F3481,USDC,11267.602758,3882.000000
0x7473C29d5eABF3575aafEDB6029C4B01be88dDCe,USDC,15.000000,15.071577
0x7474AA3dbA30abB8841427b82E2c64E2662706a3,BNB,0.025000,0.025000
0x7488153376A8e28636383AEc5d466985E8faeD5f,BNB,0.038978,0.011970
0x7492514Ac22EE909F5CA6e88bd4Af6D12309599c,USDC,40.050956,0.000000
0x7492B0CDF111f8D7a20F53fb54048f1C8A2aCbF6,USDC,15.400000,0.000000
0x749A487e480De7D75735d4477a369E98AD70E49f,MAG7.SSI,25.483000,25.982921
0x749A487e480De7D75735d4477a369E98AD70E49f,USDC,59.100000,0.000000
0x749a9d47F51cAf4574dCcFC7D9835af7d8E73618,SMAG7.SSI,30.000000,0.000000
0x749bde1E9740e15D1Cbb7B47E05344a1454059F5,USDC,15.000300,0.000000
0x74A09e655d441CeDc477A5A432dc656E724A3081,USDC,14.705296,12.826504
0x74A4c75d5E24392cb83928dD83CAE0815244Ea7d,USDC,100.678463,100.165879
0x74C5e6B893a8fbb709Fb572eA7E9d0Cf050d067A,USDC,40.320000,42.492300
0x74C67184BD0a6DB886E582f410648b02FF92B023,BNB,0.025000,0.025000
0x74CC43b88DcC9CDb5FF3B87Accb0Ce473E1a3E15,MAG7.SSI,76.979100,76.901900
0x74D0E9CCB666c6ac3A230b8e6bdF8c4Baf1e47D7,USDC,42.026915,0.000000
0x74DFcf2DED4e5f394d71a1EF6819d08a265cC6E1,USDC,10.011875,9.301544
0x74aFAE46193e475f7Bdb1aDaC46dAeE0fB09Fdd6,USDC,571.209853,558.565169
0x74b486e89cEc57c624123B21F54B70F51e323E09,MAG7.SSI,16.000000,0.000000
0x74b486e89cEc57c624123B21F54B70F51e323E09,SMAG7.SSI,0.000000,15.953606
0x74c57a54F405C92336FD56Cb4ce69dc035937D5B,USDC,45.000014,0.000000
0x74c57a54F405C92336FD56Cb4ce69dc035937D5B,USDT,18.000000,18.000000
0x74d760D6183375E4225cE5dD9a08d7c062049583,USDC,38.950235,38.950235
0x74e06aA278ce8925218a0a5D3cD7009706C37bA0,USDC,573.648400,507.000000
0x74e9384e924d93ca56f5DA6BA2B530e4be4D62D2,USDC,16.000000,0.000000
0x74eC9291c856f9267A549ffB68133b58414cC186,USDC,100.000000,90.196146
0x7521C7d87Ff49CE4aDf2048679bFF31cf3c23162,USDC,40.000000,41.988516
0x7521de15A531be36F0a0a351Fa709550Da4FfFF5,BNB,0.025000,0.025000
0x75250E3609b7eD10c3a8633b4f15926B872FD266,USDC,52.560000,51.594056
0x75253ce04F49C1b1Fe21ADE6201bf81931D6ba19,MAG7.SSI,0.000000,102.232010
0x75253ce04F49C1b1Fe21ADE6201bf81931D6ba19,USDC,51.000000,0.000000
0x7526D6391C4dC0F3CDD913A6dB767fe86da89d71,USDC,33.250015,61.105499
0x752BD073F2E7bEc6903204aAb94FF433D4617c99,BTC,0.000104,0.000000
0x752BD073F2E7bEc6903204aAb94FF433D4617c99,USDC,155.250448,20.000000
0x752BD073F2E7bEc6903204aAb94FF433D4617c99,USDT,53.064290,53.064290
0x7543c17f8f71b95f40574219a88B9Bd814a29610,ETH,0.005495,0.002594
0x7543c17f8f71b95f40574219a88B9Bd814a29610,MAG7.SSI,5.678600,0.000000
0x7543c17f8f71b95f40574219a88B9Bd814a29610,SOL,0.371362,0.164909
0x7543c17f8f71b95f40574219a88B9Bd814a29610,USDC,117.435354,125.156107
0x7543c17f8f71b95f40574219a88B9Bd814a29610,USDT,103.173933,0.000000
0x7552CbA186ee1A8aA4e2C423494056b0Bd3373cE,MAG7.SSI,140.991868,0.000000
0x7552CbA186ee1A8aA4e2C423494056b0Bd3373cE,SMAG7.SSI,0.000000,140.301227
0x755396e468C10737195e25c59a19668c1f395837,USDC,15.450000,0.000000
0x7557CfaEF5a6335a5b205b983602d0F634B799ae,USDC,15.022700,0.000000
0x755C7FA1a219BD33d0dcd12B64a170A170187db9,USDT,29.530475,29.530475
0x75697105a8E3b8F7a46a58a4689708ae65fE3636,ETH,0.010053,0.000000
0x75697105a8E3b8F7a46a58a4689708ae65fE3636,USDC,59.430000,40.489458
0x756Ce3b4aABe5b5dbCB159F70B1adcC7f8087ae3,USDC,39.654100,0.000000
0x756f9cc88a51cCB7C18d4DD2991b836ed0823733,USDC,41.495700,0.000000
0x7576e3db7f59C449507cb0e745D07A51095d7352,MAG7.SSI,77.108900,77.031700
0x7579C07Ec0a77D2e6BCbf321B3aAB43c2DAacb9c,SOL,0.000000,0.183880
0x7579C07Ec0a77D2e6BCbf321B3aAB43c2DAacb9c,USDC,15.458419,0.000000
0x7579c1284064FC3Ed0c41884B5f3F05bE68eBcF4,USDC,15.016800,0.000000
0x757a9D479F15ecd09F18D06b6131306DA4eD2dEf,USDC,3347.962777,1437.106358
0x7586A0151F9468D4f7E0879d13E21593357Fd31d,USDC,39.000000,0.000000
0x758D46f0603b088D68963caF7AA34ef9fE225053,ETH,0.007000,0.005812
0x758D46f0603b088D68963caF7AA34ef9fE225053,USDC,27.480775,25.749262
0x758e39622df4741818a51d3ed5613A36A67B8A2E,USDC,15.028600,0.000000
0x7595a52a604BeaF2F17F9621aEa0Da4a16598722,MAG7.SSI,0.000000,98.555355
0x7595a52a604BeaF2F17F9621aEa0Da4a16598722,USDC,55.200836,0.000000
0x75A88Fdecd6E75eD71330c3f2E6A710555A029BA,ETH,0.013369,0.012948
0x75BF05912c078Df21E827e3FE8E7a14F5673092f,USDC,15.024300,0.000000
0x75C332353238e0197E566788E1c36D22AD0c2C0f,AAPLX,19.285419,0.000000
0x75C332353238e0197E566788E1c36D22AD0c2C0f,AAVE,65.970966,0.000000
0x75C332353238e0197E566788E1c36D22AD0c2C0f,ADA,30073.000000,0.000000
0x75C332353238e0197E566788E1c36D22AD0c2C0f,AMZNX,22.955216,0.000000
0x75C332353238e0197E566788E1c36D22AD0c2C0f,ARB,49230.848018,0.000000
0x75C332353238e0197E566788E1c36D22AD0c2C0f,AVAXC,734.555000,0.000000
0x75C332353238e0197E566788E1c36D22AD0c2C0f,BNB,17.640000,0.000000
0x75C332353238e0197E566788E1c36D22AD0c2C0f,BTC,0.460000,0.000000
0x75C332353238e0197E566788E1c36D22AD0c2C0f,DOGE,101529.358993,0.000000
0x75C332353238e0197E566788E1c36D22AD0c2C0f,ETH,31.575451,20.010510
0x75C332353238e0197E566788E1c36D22AD0c2C0f,GOOGLX,16.720958,0.000000
0x75C332353238e0197E566788E1c36D22AD0c2C0f,HYPE,387.061145,0.000000
0x75C332353238e0197E566788E1c36D22AD0c2C0f,LINK,1130.242267,0.000000
0x75C332353238e0197E566788E1c36D22AD0c2C0f,LTC,125.999800,0.000000
0x75C332353238e0197E566788E1c36D22AD0c2C0f,METAX,7.644909,0.000000
0x75C332353238e0197E566788E1c36D22AD0c2C0f,NVDAX,27.772324,0.000000
0x75C332353238e0197E566788E1c36D22AD0c2C0f,PEPE,1734729444.333400,0.000000
0x75C332353238e0197E566788E1c36D22AD0c2C0f,SHIB,1171429542.734500,0.000000
0x75C332353238e0197E566788E1c36D22AD0c2C0f,SOL,135.000000,0.000000
0x75C332353238e0197E566788E1c36D22AD0c2C0f,SUI,6551.486736,0.000000
0x75C332353238e0197E566788E1c36D22AD0c2C0f,TON,6369.635912,0.000000
0x75C332353238e0197E566788E1c36D22AD0c2C0f,TSLAX,12.450523,0.000000
0x75C332353238e0197E566788E1c36D22AD0c2C0f,UNI,1617.550000,0.000000
0x75C332353238e0197E566788E1c36D22AD0c2C0f,USDC,638031.492929,809053.839061
0x75C332353238e0197E566788E1c36D22AD0c2C0f,USDT,103999.200000,0.000000
0x75C332353238e0197E566788E1c36D22AD0c2C0f,XAUT,2.219000,0.000000
0x75C332353238e0197E566788E1c36D22AD0c2C0f,XLM,47099.003620,0.000000
0x75C332353238e0197E566788E1c36D22AD0c2C0f,XRP,7559.000000,0.000000
0x75C9618302da79Ee8DCA43bB13aCF7535C8Ad40a,USDC,18.800000,0.000000
0x75D2b601fb666323E15916337ff662128b5C4F52,MAG7.SSI,15.459500,0.000000
0x75D2b601fb666323E15916337ff662128b5C4F52,USDC,0.000000,8.008151
0x75DD7Aa4b90233dA7E33982fD2530aFbF0fe6Eb6,USDC,22.116008,0.000000
0x75Efae53C26D2092c6e4B8545c922Cb17695Ccd0,USDC,39.652100,0.000000
0x75FA2280147458971bbccEA6B83647175f497040,ETH,0.062395,0.060823
0x75c9D74560D6Da336Ca67e0F5e78F11c599a0d57,MAG7.SSI,15.050700,19.412877
0x75f52F655badF11a6347207aCFAa430BFcf0b0Db,USDC,20.010000,16.142716
0x75f95d43f7DA50BC4bbBfc8842388939b2aCDC3c,MAG7.SSI,15.461111,0.000000
0x75f95d43f7DA50BC4bbBfc8842388939b2aCDC3c,USDC,109.000000,0.000000
0x75ff6E9Ef2941c032e67cf8ACA2ae22D4dF53497,USDC,15.027900,0.000000
0x76014303B3550d9428F94C5c38475303fE582FcB,USDC,15.300000,15.592542
0x76021cA9999697C0669d04095E68Fa4589432321,SMAG7.SSI,51049.117400,0.000000
0x76021cA9999697C0669d04095E68Fa4589432321,USDC,1302.112741,0.000000
0x76026A6fcC4254835f804dfb8f562C8f3F462456,USDC,50.032544,42.000000
0x760DDD69fDef82230348c4acFFf6B41A4E1AB905,USDC,60.768980,0.000000
0x76126628E4aB3Cc3b321473eAfBF88E1aD89bea2,MAG7.SSI,0.000000,82.450055
0x76126628E4aB3Cc3b321473eAfBF88E1aD89bea2,USDC,41.141146,0.000000
0x76206e1cC83a6ee513358D3f98caE6c782B1c5D6,USDC,15.020900,0.000000
0x76240E4120125a80Ab7bf68b9165c42983090cA1,MAG7.SSI,15.186900,0.000000
0x76269916B0A058D2d66470fD4b264fB98c5782eb,ETH,0.012000,0.011883
0x76294695d85C9Bcf206A245234073dc887e2538c,USDC,16.000000,0.000000
0x763A7624710d7e0a8f1dAa4ebB69D61BA950A172,USDC,321.482922,242.170183
0x76459E73dC6fCbF954Bd96c22640337F5f62cd53,ETH,0.019000,0.000000
0x76459E73dC6fCbF954Bd96c22640337F5f62cd53,MAG7.SSI,305.665800,0.000000
0x76459E73dC6fCbF954Bd96c22640337F5f62cd53,SMAG7.SSI,108.009600,0.000000
0x76459E73dC6fCbF954Bd96c22640337F5f62cd53,USDC,55.000000,40.000000
0x76473f88650482E398eb85af1227841C1a2C8882,USDC,41.550000,0.000000
0x764842cad1B885aC8608Dfbf469dDCa5811d0121,USDC,15.150000,0.000000
0x765a38281298385Dc5D5846C620b7f54Ad327e23,USDC,15.014900,0.000000
0x7660cE9ba971AC408b196dE0e704321005796Ca9,USDC,19.120000,13.164922
0x76641b5EBf11e5Ed60E43f14BD836C9905e3245b,MAG7.SSI,15.045000,19.437164
0x7669B6ABc1a19A4336F8b3b89D20E1262706Cc90,USDC,79.500000,20.126641
0x767235CCEEf614F2B5653B41A9D120Af3a8bFF1e,USDC,100.000000,99.866241
0x76726b43a7B68aBEEbfF0301c89781c561AfeC03,USDC,58.591200,0.000000
0x767B0c4c2e2fB6d93805EdCF4003e47482Ded22E,MAG7.SSI,98.950929,98.849829
0x767B0c4c2e2fB6d93805EdCF4003e47482Ded22E,USDC,15.200000,15.200000
0x767B45c643abFBa9B32a0BEb043C954A5c08C49d,MAG7.SSI,75.000000,0.000000
0x767B45c643abFBa9B32a0BEb043C954A5c08C49d,USDC,880.898592,872.982513
0x7684d3c7e5728CFD12DE9F9382e3917bC711AbA6,USDC,39.500000,41.655513
0x769499ae7e1f139E1527B6d9cAF702A8762569a5,USDC,15.300000,0.000000
0x76Ac8D525A01f9a5CC9AAB2B4104191Dee658125,USDC,229.000000,226.494574
0x76Ad32D96f72b26C22B6eBe280Aa4C49767d9997,MAG7.SSI,79.231606,0.000000
0x76Afe3A7356aB039F3B6CCE6701D905CB782EF18,USDC,39.000000,41.212707
0x76B267Ea93bAA000383f78c2B82A823AB7B9E337,ETH,0.000000,0.026694
0x76B267Ea93bAA000383f78c2B82A823AB7B9E337,USDC,34.067651,10.518347
0x76C43356aF8F69B413b18D7AB4835C5F4557Cc9A,USDC,39.840529,26.189157
0x76CCD2976F4c9ad5dDAB7E5F1ef7AE9BF13CC04C,MAG7.SSI,7.948600,0.000000
0x76CCD2976F4c9ad5dDAB7E5F1ef7AE9BF13CC04C,USDC,166.786336,114.811884
0x76a8A62B1a88Be4208Bca62b1C72fCd5A8783003,USDC,97.920549,70.756068
0x76a8A62B1a88Be4208Bca62b1C72fCd5A8783003,USDT,15.100000,0.000000
0x76a8be66cBbe4a17F4Dd0A72e67978df8F2F023b,USDC,66.810191,41.336318
0x76aE6f8124d45c2E8265f396169895b02F54e6a1,USDC,15.029900,0.000000
0x76b2659f4d217a92B9916C17b55fAeAACCbb24c0,USDC,205.000000,196.104369
0x76b98fD0E9c90C1De1B2e29531989dbD956872a4,BNB,0.010000,0.000000
0x76b98fD0E9c90C1De1B2e29531989dbD956872a4,USDC,10.500000,88.070667
0x76bB7278cAf78dB44bF269C9E606e4f33e1Bbd45,MAG7.SSI,0.000000,76.710015
0x76bB7278cAf78dB44bF269C9E606e4f33e1Bbd45,USDC,40.000000,0.000000
0x76d172abea417C7C14af8e2235eceb608e75f06c,USDC,39.942772,42.864552
0x76f2064493D6CB67c500222f4abeaf1f865449E7,SMAG7.SSI,3216560.253400,0.000000
0x77032AfA134A4De96d47C35157F3bAeAC5Fa493c,USDC,945.609526,513.763068
0x77155Cb8AfFb5DFc0F3478FF0008bb5F532E66Be,USDC,15.007000,0.000000
0x7718BF1a212919Aab4Ca96A1dD9817BED751a0e6,USDC,16.000000,0.000000
0x771c365B0003600bD1c163c5500a0F7b586381C3,MAG7.SSI,0.000000,15.139200
0x771c365B0003600bD1c163c5500a0F7b586381C3,USDC,117.027329,73.157329
0x77288789275341B3AE9AE209A4cD1fbeCda9E2ae,USDC,15.022200,0.000000
0x772f03DFE3d977396C37710103F74e9c8aa19edC,USDC,22.950235,22.950235
0x77334B7920545702dbb472bcA5a4bEcE4F4177a6,USDC,45.000029,0.000000
0x773c5482FcA7993C0382C37cf4CF49Ef250925fB,ETH,0.062162,0.060790
0x774279ef682Ba751483F4EcfEf4F8a23d304a2d1,USDC,15.021000,0.000000
0x774726c22B5193a9fc4473505C377ef6D97D8Aed,USDC,39.200000,39.339257
0x774A53c4441e0D927DD28F3446213167ABc580bd,USDC,475.743600,405.000000
0x774Ac9836864c24eB5947908416737C3e121cCB1,USDC,235.350176,0.000000
0x7764E05c995974A454F4D496a99F745518C53C95,USDC,15.000000,0.000000
0x7769d0Bc2E0f7B3B036c84dfeEfa357592fF0269,MAG7.SSI,0.000000,1576.662200
0x7769d0Bc2E0f7B3B036c84dfeEfa357592fF0269,SMAG7.SSI,1576.662200,0.000000
0x776eE8C0549981639ad9e99117eF1a171B688192,USDC,15.000000,0.000000
0x77758c4A6d66082c3b44a8A21deb64d6c4b5688c,MAG7.SSI,15.000000,0.000000
0x7775FD4eB4Af09a63EF83784327692fb05E9BCE8,USDC,16.000000,0.000000
0x777D33DCC8F6EE207E8e26900199DA20bEa11b3f,USDC,41.522000,0.000000
0x777e9b439409FC19B6Cdf97FD3A3AE1fB24A5465,USDC,15.008000,0.000000
0x77849A72F278C871bdb765702091336aB7aAc398,USDC,39.900000,39.739027
0x778D28FC6908d17Bfc0D8c0b94f677A830217ee5,MAG7.SSI,77.397179,77.319679
0x778E3d435dB21144743f7e6050975E592B9E20b9,USDC,194.144325,87.490625
0x778fe9435CBe93E055A19d94216c940CF72da789,MAG7.SSI,29.569973,0.000000
0x778fe9435CBe93E055A19d94216c940CF72da789,SMAG7.SSI,0.000000,29.552434
0x77934E948F50a3e41cd5ed0fDd9F4a6Cb9ebC3E7,USDC,0.000000,51.177511
0x77934E948F50a3e41cd5ed0fDd9F4a6Cb9ebC3E7,USDT,49.900000,0.000000
0x7795B163c47EbA73caC786f363f5aFDC6a727EbD,USDC,37.845000,41.489884
0x77974Da11F05043a3e894D74a0667633BeC2AcfE,USDC,41.300000,0.000000
0x779CCe6E746CD6975ABcBe8b22BD206a8AFa32Ac,USDC,15.009100,0.000000
0x779e7C0A6C1B31AF775BeEd455182F3FD1a50097,MAG7.SSI,0.000000,22.990600
0x779e7C0A6C1B31AF775BeEd455182F3FD1a50097,SMAG7.SSI,7.049400,0.000000
0x779e7C0A6C1B31AF775BeEd455182F3FD1a50097,USDC,16.000000,8.278400
0x77A6B81EFa7a901b9Cc6CdDc1b874de0A57C75fa,USDC,44.094440,0.000000
0x77AA1eAA4967583C1bee2Bb5e7424D1920a2924d,SMAG7.SSI,526.197100,0.000000
0x77AA1eAA4967583C1bee2Bb5e7424D1920a2924d,USDC,363.278800,395.424800
0x77B1097B42B6Ba0547A98b8119cc483BCbF21EA5,USDC,48.410327,46.981491
0x77BDb806174feb07E4F9871d13E569f3C13aDC56,MAG7.SSI,28.900236,0.000000
0x77BDb806174feb07E4F9871d13E569f3C13aDC56,SOL,0.187078,0.000000
0x77BDb806174feb07E4F9871d13E569f3C13aDC56,USDC,150.448906,139.221100
0x77C2766BA7a5eC16e2694ABC7020876A2F8b5b47,USDC,15.110000,0.000000
0x77D0bE5fBa53D0B71B946f00960377093CE0883C,USDC,49.000000,41.506355
0x77F0D26df270f0Bc5F646Ec5B42f2BfBA4721726,MAG7.SSI,28.145321,28.145321
0x77a261f87aC69572C4f16A5ACE5B5efCd4d52935,USDC,39.201939,43.603950
0x77acB8DA2dc73b13F3470D87642C87C80D1Cd582,USDC,41.600000,0.000000
0x77bD716b0BedDE76aAab95262E0B5C0c28B2865b,USDC,83.600000,41.800000
0x77cFc85567F3f92712cF847FE1B3BEB9d2908913,USDT,39.000000,0.000000
0x77ca8479bbfb0533c36eef40613A0E0efC116692,SMAG7.SSI,231.901700,0.000000
0x77ca8479bbfb0533c36eef40613A0E0efC116692,USDC,230.635040,271.482751
0x77d86Ca31feDd9a6357deA2b88381021C8d0bC02,USDC,35.228029,60.225379
0x77dd6FEA8F51546cAf7EE75CBE273E2682e8e035,USDC,39.000000,0.000000
0x77e7c2dA25a8d4A9811100EB432dAE850cdb3d8a,MAG7.SSI,444.536299,0.000000
0x77e7c2dA25a8d4A9811100EB432dAE850cdb3d8a,USDC,101.000000,0.000000
0x78058CB8f28B932bc82D5b3AEcE842E393A343e1,USDC,110.900000,0.000000
0x780E2187880d3f0df3e1AB82326A313de1992481,BNB,0.059000,0.000000
0x780E2187880d3f0df3e1AB82326A313de1992481,USDC,147.687019,212.318110
0x7810d9E7eE47a86BE74aA26a5AACC6fAc2610f50,USDC,39.500000,41.715747
0x782997E8FcF108E3873c96b514FaC4f1B10A9EBd,MAG7.SSI,0.000000,76.682234
0x782997E8FcF108E3873c96b514FaC4f1B10A9EBd,USDC,40.000000,0.000000
0x782F174a733bE6536217A6d932cd8C8f785D25B0,ETH,0.017480,0.000000
0x782F174a733bE6536217A6d932cd8C8f785D25B0,MAG7.SSI,0.000000,75.744084
0x783188Eaa0d5ee3406B4883828E5066E1bE1175b,USDC,300.000000,293.798853
0x78355180151Eb940E55D1A19793a621F6B4509cd,MAG7.SSI,185.494866,189.146125
0x783e2C3109d7e6383a15C8CdE58d8b62F1465f8b,USDC,39.610945,41.742008
0x784A5A36dE14B337fB599Bd1FcE8b5Ae97f13819,ETH,0.028261,0.027454
0x784FB56b4E083bA81eF0c47Ca71A2BD77B015Ec7,USDC,16.000000,0.000000
0x78548613121e8C8f3AE0B38DAbef4077d96e09E3,USDC,15.020500,0.000000
0x7863b05969B50029E4396c91B64dec0772AE2C20,USDC,0.100000,0.000000
0x786b1e24177fb2E821b9381174Dfcc29bD61b4F7,SMAG7.SSI,9034.238900,0.000000
0x786b1e24177fb2E821b9381174Dfcc29bD61b4F7,SOSO,7.000000,0.000000
0x786b1e24177fb2E821b9381174Dfcc29bD61b4F7,USDC,0.000000,3832.205476
0x787CadbDa7682e8E78D35cd503Ee7F3d98847816,USDC,15.022800,0.000000
0x787E3c4e156Eb0999de211800C5445a1CF19769E,SMAG7.SSI,0.000000,4.000000
0x787E3c4e156Eb0999de211800C5445a1CF19769E,USDC,22.536961,22.122766
0x7893D80328fb1d6956f38D2324b4DC78Bd3dE24F,MAG7.SSI,30.455000,0.000000
0x789447ccab4f4fF86B07Fa423372f8a09722fb53,USDC,38.499064,25.899884
0x78975e9eeB1760279abc5d6af54E060835D56757,USDC,15.026700,0.000000
0x789c83D3aB4D14bbdAd4D4E997Ed0Bf15457fdde,USDC,15.902289,15.902289
0x78A5D95066299E874384CE17793AcA51Fb270C1b,MAG7.SSI,15.200500,0.000000
0x78A98aFFa71bD0071874801CCbFe1b126Ead8380,SMAG7.SSI,35.960500,35.960500
0x78Ae7662C8B4e17A0d439766c5DE36284607AB82,USDC,16.237824,17.103489
0x78B0202B8eB12B8d45CA989e5De664D8129e15dB,USDC,32.863018,32.863018
0x78B4bEa1397d42187558ece5EE1e91e1c4aa17C6,USDC,77.138397,76.475044
0x78BD46EE7fb8799b9eCa04208b5c748DcCa83fCD,USDC,15.000000,15.000000
0x78C94187cAa300F63418B40e222da2Dd76e65528,SMAG7.SSI,30.000000,30.000000
0x78D577870353547a81E1D17200849243eab5635A,USDC,229.000000,226.674121
0x78FE092b836ae9eE0944235aD83C77FAbB524f4C,SOL,0.173970,0.000000
0x78FE092b836ae9eE0944235aD83C77FAbB524f4C,USDC,11.532762,0.000000
0x78a04A7bEB63d3263890A9bDfBB5aDF255A142fc,USDC,24.578375,13.775174
0x78a9811BF08d62bfE0cde9b14072980541965F39,MAG7.SSI,76.000000,75.920000
0x78c25974c72ae51845C773408D7E99f515d888aF,USDC,16.000000,0.000000
0x78cA5911bA5d82F70A9d3366b0D0885F6286CDec,MAG7.SSI,75.551627,75.476026
0x78cA6502b82c55A4b92fE8dB8412EeB9AdD32dA1,ETH,0.003000,0.002894
0x78e0281484E7e8979A301b1a166B070488dcB80e,USDC,15.894551,9.086342
0x78e0281484E7e8979A301b1a166B070488dcB80e,USDT,33.089447,0.000000
0x78e72b0864bE95025eBca0ce9541Ede91339945B,USDC,576.006600,508.000000
0x78f0606ab90916Be984FA519eBb2f5B4E3719E19,USDC,15.001700,0.000000
0x78f57F727572f75Bb243e793bbEd8B5760a29684,USDC,16.576981,15.163660
0x78f604233e4359d73bD5184DFebaEbbe69649E78,USDC,15.000000,0.000000
0x78ffECd0CD403f23D32564F8CC1Be2522Ea2f9bB,USDC,49.800000,0.000000
0x79072F96B6a5E8D69A66e0eAAEF49674eF0dD8d3,SMAG7.SSI,12500.000000,25.000000
0x79072F96B6a5E8D69A66e0eAAEF49674eF0dD8d3,SSOSO,2895.000000,0.000000
0x79072F96B6a5E8D69A66e0eAAEF49674eF0dD8d3,USDC,897.000000,0.000000
0x79072F96B6a5E8D69A66e0eAAEF49674eF0dD8d3,USDT,1900.000000,0.000000
0x79076Cae7730D4bE75E851429aa7d8E32F7D662F,USDC,49.300000,7.787544
0x7908f86cE084eCce133d2666630009BB279C2B44,MAG7.SSI,309.283000,309.783000
0x7908f86cE084eCce133d2666630009BB279C2B44,USDC,380.000000,23.797892
0x7910d9a81c262933236F6d45e386053f65D55627,USDC,15.010300,0.000000
0x79131a2E0Aca0c5a3058241825A3bC69A5Adb99d,ETH,0.014842,0.010366
0x79131a2E0Aca0c5a3058241825A3bC69A5Adb99d,USDC,19.821572,28.080775
0x7919739d0D37C874f2A20D0d7E9C23E9584015fD,USDC,53.728317,7.059375
0x791aEA1e71da424A903339Cb22B38Cbac265f4A6,ETH,0.020422,0.003622
0x791aEA1e71da424A903339Cb22B38Cbac265f4A6,MAG7.SSI,0.000000,28.098516
0x791aEA1e71da424A903339Cb22B38Cbac265f4A6,USDC,18.884501,7.521611
0x792697828f8dB74DbCAd54274422C4996c211710,MAG7.SSI,76.960100,76.882900
0x792ADD9439Af86232cFE2022b616cbdb6f8565D5,SMAG7.SSI,56.467700,0.000000
0x792B8E05D21ABD11bbeF4A4344a41cf2a94E0fD0,SMAG7.SSI,5.683100,0.000000
0x792B8E05D21ABD11bbeF4A4344a41cf2a94E0fD0,USDC,60.500000,62.377631
0x792DdfAa17241D9c3BE2B3A2d5EaD312A19f6BC6,MAG7.SSI,0.000000,75.098580
0x792DdfAa17241D9c3BE2B3A2d5EaD312A19f6BC6,USDC,39.800000,0.000000
0x792a2183D47dc42Bc149Afcd558DBBA576763186,SMAG7.SSI,4076.718200,0.000000
0x792a2183D47dc42Bc149Afcd558DBBA576763186,USDC,3590.000000,0.000000
0x7932b8a92d0881edF63458d6b04cB82721F991CC,USDC,57.000000,15.471440
0x7935923d6673aED5ED6cea90d6bC481F7C45cD34,USDC,39.000000,38.086526
0x7939ebA1f261a01715DD817513E15F763E664aAD,MAG7.SSI,128.000026,127.870025
0x794Ca08BF59052fd7Df51704757CcE06656ff7c1,MAG7.SSI,15.739000,0.000000
0x794Ca08BF59052fd7Df51704757CcE06656ff7c1,USDC,0.000000,8.082682
0x79509dC86156A2898128e6442D96B8BF42F2a7F0,USDC,41.600000,0.000000
0x7962B18a8254955Ed6651AD39d281A4F8E643654,USDC,16.000000,0.000000
0x796f5A4361F69F016745D63a6Ef34Ab1159EbfD4,USDC,39.753100,0.000000
0x797257529922678033628D9dF4C422f2225FfFc1,USDC,15.000000,12.755961
0x79736a3aF4d3187D9293bc89c0A80553c6C37DE9,USDC,15.009500,0.000000
0x7979cA82dbD3Dfe2eA1df11eE080913e147571ef,USDC,15.995700,0.000000
0x797C4b9e878deE5e5A8CC3Bf041C3B24104e8e9f,SMAG7.SSI,31.440500,0.000000
0x797C4b9e878deE5e5A8CC3Bf041C3B24104e8e9f,USDC,1571.521574,1361.407231
0x797E439C21A14a617C6AB9809F8C24E61043b518,USDC,891.351249,880.871980
0x7988a87C65B67EfCf9A9938C9193f6DA14c63326,USDC,15.012500,0.000000
0x7998E224a1498B051Cb68AE20628d76C7659fCE2,MAG7.SSI,15.019800,0.000000
0x79A33a8481df374C0b7d524109E51059d9962940,BNB,0.025000,0.025000
0x79B2160E5CCE0D1885ae893D721136b1de60d66b,USDC,517.709029,510.780274
0x79D1FccE03fc16ac24Bb3ba9493C0e16a7f89f02,USDC,20.000000,20.000000
0x79aD47979791C8739Ce1c7Be69511E2beB0A932a,USDC,500.814300,406.981760
0x79b8C6EDa81efa05a93f64be2A96E0d03c4EE078,USDC,15.000000,15.181801
0x79bDE15dE5680BbDA1d4c9Fe2625707553b908D9,MAG7.SSI,76.284200,76.207700
0x79bdC7273f1C162D96bF983b2CF98A97516F0bb0,MAG7.SSI,18.693294,0.000000
0x79bdC7273f1C162D96bF983b2CF98A97516F0bb0,SMAG7.SSI,659.863100,0.000000
0x79bdC7273f1C162D96bF983b2CF98A97516F0bb0,USDC,202.038581,35.000000
0x79c60F3d6089896c608c8aB153F440DdC2e39683,MAG7.SSI,0.000000,76.741989
0x79c60F3d6089896c608c8aB153F440DdC2e39683,USDC,40.000000,0.000000
0x79cbEd42d632D00A0E990EE4859Ac4B3C70E68Bc,USDC,90.000000,61.000000
0x79cbEd42d632D00A0E990EE4859Ac4B3C70E68Bc,USDT,50.000000,0.000000
0x79ccdb92Af22246224F2CFEc434cFDaf583baF2b,USDC,1215.140000,1201.821531
0x79e222781e813b17C7B3Eb14b9a76Cd3c9675C58,MAG7.SSI,0.000000,76.660193
0x79e222781e813b17C7B3Eb14b9a76Cd3c9675C58,USDC,37.200000,0.000000
0x79eDb717b1e7eDA016c3e20756A04a58d996FC2a,USDC,15.008900,0.000000
0x79f599B822266bA29de92fd87bf896FAcc69B16c,USDC,15.006700,0.000000
0x7A1dD468Fbc7040a56792864D9Eb2849CF737Bb2,USDC,51.700000,52.653391
0x7A1f524ed2487BfdFB5fE84FffcCB0F03634202E,MAG7.SSI,15.069100,0.000000
0x7A3a64431d81fDb42D7a73a5383985692047E989,USDC,15.800000,13.150000
0x7A44eB38a9e3711911180aeD079a6B5ab5c0776a,SMAG7.SSI,3950.664900,0.000000
0x7A5370975A2431B03655016c765Be6239847766A,MAG7.SSI,752348.258670,388101.482596
0x7A5370975A2431B03655016c765Be6239847766A,USDC,265205.983863,446799.505540
0x7A6871491B07ED855ec115A81D4E6e626E5Ce26D,MAG7.SSI,0.000000,15.089211
0x7A6871491B07ED855ec115A81D4E6e626E5Ce26D,USDC,51.865783,44.165783
0x7A7E44c429bd218De5e62C66a6A283FFe21F8EDf,USDC,38.869425,41.645552
0x7A817910be445BDe72D55c8C7159301Cd79A5B81,MAG7.SSI,0.000000,76.210885
0x7A817910be445BDe72D55c8C7159301Cd79A5B81,USDC,36.990000,0.000000
0x7A8D23417EfB648d2D08Ce77dAd916aFBf96Db3b,USDC,599.680000,508.985600
0x7AA7e58dA4352bc9074e30b3B6448b5ff32248D1,USDC,40.052131,0.000000
0x7AB4F4bAfF39bb3D1D51a34AB8161EF0117c9292,USDC,38.940000,38.233662
0x7ABf6761f1f368D8481D3CcA24BA7c42f7f598Be,BNB,0.025974,0.000000
0x7ABf6761f1f368D8481D3CcA24BA7c42f7f598Be,USDC,10.000000,5.000000
0x7AD4c9816D9fc995856A872C066A36780E067B43,USDC,15.000000,15.189850
0x7AE472Fef9aDBF85923aeDDE8a85818005cd77CF,BNB,0.066999,0.015988
0x7AE472Fef9aDBF85923aeDDE8a85818005cd77CF,SOL,0.145000,0.000000
0x7AE472Fef9aDBF85923aeDDE8a85818005cd77CF,SOSO,9.000000,0.000000
0x7Aa1D5595f0105F121377053fF173Ace0aAe8D85,USDC,41.870000,0.000000
0x7Ace738c283EF423Adf532794563b811a0Bc7b65,USDC,39.852100,0.000000
0x7Ad58B4FbAd790f88260203283c5162a2Eb246B0,USDC,16.720000,0.000000
0x7Ae988446f1Ea40318E60Ef7E84f731C0A5Cc482,USDC,15.000000,0.000000
0x7B043d964164E258ff9D06C600D2355aB718B06e,USDC,41.266300,0.000000
0x7B1124362d49C94c3Dcd42E88E80954536f67B30,USDC,785.996362,783.645000
0x7B1A8Dd95356a59C47a58B7d65800De62Bb9d5c5,USDC,17.000000,17.000000
0x7B2e2FFEFdC86d23B2851c0EbE59B1b158A710C8,ETH,0.010000,0.010000
0x7B6d9270CE8d9c3b4e9FBb90D8160279966cBbc2,MAG7.SSI,103.326200,0.000000
0x7B6d9270CE8d9c3b4e9FBb90D8160279966cBbc2,SMAG7.SSI,93.000000,0.000000
0x7B800841E7561B7fb0Ca7edb37CE75a57734b722,MAG7.SSI,11.000000,10.988900
0x7B856051E1E1D0bb7f11AA0b5088267740c8288f,MAG7.SSI,83.853050,13061.353050
0x7B856051E1E1D0bb7f11AA0b5088267740c8288f,USDC,7765.500077,1154.823878
0x7B958BA690EF3A44065Fa06CF0D50522bd78ac58,USDC,76.853678,73.639399
0x7B96Afc8dde942481acA540b3FF04a51dA474385,SMAG7.SSI,15.399900,0.000000
0x7B96Afc8dde942481acA540b3FF04a51dA474385,USDC,77.303446,16.000000
0x7B96Afc8dde942481acA540b3FF04a51dA474385,USDT,51.000000,0.000000
0x7B9d015E798575aEE98762456827397F750CE2E2,USDC,82.327677,75.683154
0x7Bb864493F1AD42Da17c4f937f7D30311f1F206E,ETH,0.062371,0.060899
0x7Bc51bdCB6f72D40a5e54d78eaCda87Eb236045A,SMAG7.SSI,50003.000000,0.000000
0x7Bc51bdCB6f72D40a5e54d78eaCda87Eb236045A,USDC,0.000000,2628.356363
0x7Bd052dCef29Ed662345eF8aea0a189E45Feaa3C,USDC,24.490000,0.000000
0x7Bd2d12D3c9cd91dAA136DE372d4c63619220087,USDC,111.850014,0.000000
0x7Bf3b30058ED7f16B3Ea837704FcB8b7BA54d04a,USDC,39.960100,0.000000
0x7C18fd2021a97aF47F33F2D6BB1a85D190A9292b,MAG7.SSI,76.023740,75.947639
0x7C28C542cc99265f8760A46eADf0Dcf4295F16a8,ETH,0.000000,0.003297
0x7C28C542cc99265f8760A46eADf0Dcf4295F16a8,USDC,27.690000,20.210493
0x7C4A3c2A6B91B4f25109c79E826C9cA4995d0321,USDC,15.014600,0.000000
0x7C4ab6eAd777Ec8Eb4870B30970f88E1caD1c316,USDC,49.700000,207.108417
0x7C4e4A66f0B0D848395A49446c80A0F30340304b,USDC,40.000000,38.781395
0x7C524e2604A5bf3047B601f6b369bF35acCFF7F9,MAG7.SSI,15.020000,0.000000
0x7C687b2236EB1d0d38fbE035786f9363D38CeF07,USDC,20.000000,20.000000
0x7C7BB317eBEe4781618DD1De8992ED23196BB63E,MAG7.SSI,15.108400,19.430564
0x7C8deF43F167db5b69772728A9889a1051f54657,USDC,46.036671,44.604178
0x7CA639f6CA3b5BBf90deCB1BfED954D47f1BADbA,USDC,15.025000,0.000000
0x7CD4686A09e5C8eFA4a890f39dCD2C670967dCE5,USDC,39.940100,0.000000
0x7Cb0D6e0F478d1491484d92653000Ad30A1c904a,SMAG7.SSI,266.977500,0.000000
0x7Cb0D6e0F478d1491484d92653000Ad30A1c904a,SOSO,2.000000,0.000000
0x7Cb0D6e0F478d1491484d92653000Ad30A1c904a,USDC,100.000000,0.000000
0x7Cb655d58823D28D420C610F8Fb74AA190b25c50,USDC,49.800000,0.000000
0x7Ce7d3849A18ba6b754DF0B9DED3566571305F05,USDC,37.358020,39.738856
0x7CeAf7AF857Eb6460fE441b2CA15E2DcADb6A5e5,USDC,46.809300,44.919184
0x7CeF206bc0ee6C9db9B077AC221A5a70f4875f6e,USDC,7.000000,0.000000
0x7D03BDe7a8795FeB14e60a1eFC43b31c1F80c2cb,USDC,15.027400,0.000000
0x7D23593dd82d0Db0d65EBe167B6160821E087f68,MAG7.SSI,15.033300,19.885271
0x7D380a66771721440263fF16bFcB3fB7041AFd7D,USDC,15.963723,15.963723
0x7D3be6Eb88903A395A9664557e2be731042Ea951,USDC,39.500000,41.638456
0x7D4e28C5f64A7e81F905E7a8669cD1bA411aD97d,USDT,39.700000,0.000000
0x7D4ef1c78A8e74c538c6cDdEe4Cd1806F88997e3,SOL,0.057000,0.000000
0x7D4ef1c78A8e74c538c6cDdEe4Cd1806F88997e3,SOSO,5.582500,0.000000
0x7D4ef1c78A8e74c538c6cDdEe4Cd1806F88997e3,USDC,50.000000,46.690000
0x7D5942149e1382a9418cB24DF4abFb221001d44D,USDC,50.000300,0.000000
0x7D6fD52C293F392bD7e51e3F222ba4115c9C2877,ETH,2.440000,2.440000
0x7D803f7a29550c00c170AD5C80002a0E169bc47c,USDC,46.318489,44.429011
0x7D8FCeBcA72f94c63170BC0602b55929Ac349530,SMAG7.SSI,124.503800,0.000000
0x7D8ff1d28aC5681748Ea02c2bEccF36B74d6D37D,USDC,99.900000,99.358163
0x7D92AB083347E2d82C8700779E63F9525B4688dA,USDC,15.300000,0.000000
0x7DD275BDAaD559eAD75f63F19aE01e84073b21be,ETH,0.000000,0.014000
0x7DD275BDAaD559eAD75f63F19aE01e84073b21be,MAG7.SSI,21.265777,21.000000
0x7DD275BDAaD559eAD75f63F19aE01e84073b21be,SOSO,10.000000,0.000000
0x7DD275BDAaD559eAD75f63F19aE01e84073b21be,USDC,63.907565,0.000000
0x7DD38173e5c9911223e280399b754eeb5A8517E4,USDC,15.017300,0.000000
0x7DDf82d12Fed9b86f792eA969D754Aa40456809C,USDC,416.000000,0.000000
0x7DE71a1469ed80a491D92747E6873AD1dEFFC5c8,USDC,41.960000,0.000000
0x7Db7ae3676a9B514e401f448796eA391dAe76D78,USDC,19.000000,0.000000
0x7Dc8f26100D43770f00cf5e658fc7250C9d3F88a,USDC,15.017400,0.000000
0x7Dd29f4Fcdf7B5A95390df0e7309B8A709143E46,USDC,38.920000,38.483185
0x7E004b9ceEd69CC50e3Fb018bc61ca68AAc0538C,USDC,15.000000,14.266087
0x7E00C573ffFc25A7721Fa88e098d2F3De0a1FEeD,AVAXC,3.400000,0.000000
0x7E00C573ffFc25A7721Fa88e098d2F3De0a1FEeD,ETH,0.065000,0.000000
0x7E00C573ffFc25A7721Fa88e098d2F3De0a1FEeD,SMAG7.SSI,150.557300,0.000000
0x7E00C573ffFc25A7721Fa88e098d2F3De0a1FEeD,USDC,543.334425,278.748960
0x7E061b9bAB161117f74b911574c6D963AcC7189f,USDC,879.984029,869.268449
0x7E0ADEc8915e69bf94110F13B7F8bcBF1948e291,MAG7.SSI,5.100000,5.071600
0x7E156fCbC56f9065D2306981b820D4fF8a81B92a,USDC,15.300000,15.592554
0x7E287CA7928A092C549De8565c51ACbe7F33a90c,USDC,45.000000,24.918817
0x7E3d33CDc46e71E3dD0594ebbaa86D07D9230202,USDC,16.000000,16.000000
0x7E48C4f6f02C7CAB6bc11310CFA01d2aa645240b,USDC,55.760157,33.487549
0x7E4F5eEC2733C6547DBA6C2369c9C5aAd14de121,ETH,0.350000,0.000000
0x7E4F5eEC2733C6547DBA6C2369c9C5aAd14de121,MAG7.SSI,323.445219,0.000000
0x7E5e97e0D9278BF8674170adCb5C0a9EeFE329f5,USDC,37.989002,40.461849
0x7E5f2571040c9D70F26C6E7aE498327B925494C9,USDC,39.964100,0.000000
0x7E688fd24c606349AAB0E47269bbF82d6935E4aE,USDC,82.954482,37.912015
0x7E810FE473015481e824a94EeBc5C65442D8A288,USDC,15.320474,6.014833
0x7E85968d02ef9F3849004C733C46b6978b2c4ba4,USDC,15.000000,15.204426
0x7EA1b7Cfd78f98255a91E9ADBF8c31556D438BcA,USDC,39.200000,0.000000
0x7EC3A129878A3561964C383bD8943Da53300Debc,ETH,0.004183,0.000000
0x7EC3A129878A3561964C383bD8943Da53300Debc,MAG7.SSI,171.409997,95.948826
0x7EC3A129878A3561964C383bD8943Da53300Debc,SMAG7.SSI,0.000000,93.236942
0x7ECB749Dc1a9F267E592c46931b78b4bcE5b52E0,SMAG7.SSI,21.342400,0.000000
0x7ECB749Dc1a9F267E592c46931b78b4bcE5b52E0,USDC,5.000000,0.000000
0x7ED30C1F92BC127216d5238B93B88594E638D6bE,MAG7.SSI,0.000000,76.700167
0x7ED30C1F92BC127216d5238B93B88594E638D6bE,USDC,37.230000,0.000000
0x7EDBab57B5E8f7ab247288E618b5a30c81823fEF,USDC,22.119200,0.000000
0x7EEEDfF5FB4e5D797fEAf2ddd442B60d4AbA55Bd,USDC,9.902800,9.902800
0x7EF14Fca5AadbD99fd8C6846270939582F0700Cf,ETH,0.003000,0.002894
0x7EbB117118AE77E8B21A9FEd0Fe199BE2Ca3dC83,MAG7.SSI,75.000000,0.000000
0x7EbB117118AE77E8B21A9FEd0Fe199BE2Ca3dC83,USDC,943.503698,931.587068
0x7EbB6059796f3174aE26723233d60e45A1F26324,USDC,38.782553,42.226424
0x7EbB6059796f3174aE26723233d60e45A1F26324,USDT,38.000000,38.000000
0x7Ebc2578133D8856e7689b446d9e0aCF1D151e26,USDC,39.700000,40.788374
0x7EcC2B74816e53619BC941699Ae5E07FC4a4aFd4,USDC,15.007700,0.000000
0x7Ed1E45549D8dad214fA79ef4a2914db49e8D191,MAG7.SSI,15.874100,15.863700
0x7EdB3c4cD904D8A14e1aCc8480E96A6cBD1bD9c9,USDC,15.013300,0.000000
0x7Edd90926Cd94dF5245d8C9F9E625E46Ae30D891,USDC,15.029700,0.000000
0x7EfC972deF0124947c074AFCBd93ed929f773Bf3,MAG7.SSI,75.150000,75.074800
0x7F0911e98D6642f48DB6F0c9BBa8781A9f5A71D1,USDC,15.000000,15.322734
0x7F0961458D466C6292d8DCD4c1E80841b071FEd3,USDC,95.069646,88.292496
0x7F118b131779F7651f6Bd2eA42D02278A7357AE1,USDC,101.639447,101.094970
0x7F143A46aF0150FcF410655Be6543b36Be2dF44c,ETH,0.006200,0.002297
0x7F143A46aF0150FcF410655Be6543b36Be2dF44c,SMAG7.SSI,76.413200,76.913270
0x7F143A46aF0150FcF410655Be6543b36Be2dF44c,USDC,206.000000,39.477502
0x7F18157dC4Fc443a3D33d317946b8b0E2298b081,ETH,0.008000,0.005895
0x7F18157dC4Fc443a3D33d317946b8b0E2298b081,USDC,178.935739,98.203538
0x7F3E06ccd03fb5C4048125ecEfD11751fF620860,USDC,15.800000,0.000000
0x7F4c1Af9D6aB07Bc4BEF21B8611e7eE3Ea91Acd9,USDC,15.024900,0.000000
0x7F51D06EB352f9Ee743b87f4b6A8EbC380E8A8ce,USDC,15.012500,0.000000
0x7F57E64dC6ffa7e67ffe3564f69F1AcAFA294D14,USDC,66.032081,23.442343
0x7F74eDca89A0fc6c6dE1f3F7f3f7B432D07978e1,USDC,15.003400,0.000000
0x7F76e2e448c867162014F588eDc60a2c3AC75605,MAG7.SSI,15.095000,0.000000
0x7F7faB499744457dd265c61576e3a17bF0F40EBB,USDC,50.000000,46.979225
0x7F80701cB0bb1dc7d814b4b98c970762725a1045,USDC,1091.521723,1080.030116
0x7F80894cD58bD13F351383Ca81d0758Aaa415FAC,USDC,539.947845,532.217443
0x7F812A524E72461B4AA20f3146A0b3C50271Efbf,SMAG7.SSI,2528.294200,0.000000
0x7F812A524E72461B4AA20f3146A0b3C50271Efbf,USDC,0.000000,226.616871
0x7F859D157268E0bBf469796213320E9A84603C0B,MAG7.SSI,15.119000,20.090735
0x7F8D4c5b5240126a0cc5256b3c5D39D245C6C6Ba,USDC,15.000000,0.000000
0x7F8D9C92d34600a94052Ab2cbc7ceFCD3380B6c9,USDC,52.600000,0.000000
0x7F9C4E6C5439937608E4eab7b904875066dEC76F,ETH,0.011000,0.000000
0x7F9C4E6C5439937608E4eab7b904875066dEC76F,MAG7.SSI,21.600000,0.000000
0x7F9C4E6C5439937608E4eab7b904875066dEC76F,SUI,8.000000,0.000000
0x7F9C4E6C5439937608E4eab7b904875066dEC76F,USDC,299.300000,182.000000
0x7FF8b288460de27e1d0d4BF1D430CB9c2a5534Ce,ETH,0.090467,0.089244
0x7Faa55a2686a091d2202c86e0B1e56BcC91F12C0,USDC,0.000000,18.286393
0x7Faa55a2686a091d2202c86e0B1e56BcC91F12C0,USDT,15.837749,0.000000
0x7Fb9125a90002e9A2E13b792Bf219b9862754063,ETH,0.012152,0.000000
0x7Fb9125a90002e9A2E13b792Bf219b9862754063,USDC,0.000000,38.777872
0x7Fc043e48c7059D8d83F8aCf4E83935f9EF06B41,MAG7.SSI,75.969300,0.000000
0x7FcDBE229d8D62E365DBB47Caae538577b32a9D4,USDC,15.009600,0.000000
0x7Fd7D3eE7dF9DcE90da92ebF663a70A11099541F,MAG7.SSI,0.000000,76.742489
0x7Fd7D3eE7dF9DcE90da92ebF663a70A11099541F,USDC,40.000000,0.000000
0x7Fec9E15594fA74Ac94F0fc1D5f2896FD5FE2389,USDC,15.000400,0.000000
0x7a2dbeDdfdf62862e64Ee3806E7Be55F52236C62,USDC,300.000000,293.721797
0x7a381948cA9E93D396988240e15a3AD202C08078,USDC,15.016000,0.000000
0x7a437f866Fefdf5FeB376AED304a173bF28630eF,USDC,42.218131,40.464468
0x7a466F3edeCC11BfB6433638835910f6Ae764dDB,MAG7.SSI,0.000000,1.600000
0x7a466F3edeCC11BfB6433638835910f6Ae764dDB,USDC,24.596585,33.751243
0x7a54249Cc79Bc9E569942A2F5adb96A06C3E550f,USDC,15.740000,15.761675
0x7a5668Dfd744f678b1575bFB23353508D3b45C81,USDC,45.200000,0.000000
0x7a595a3dB93778AcFFC565A7Ff60CE012aD34017,USDC,103.383312,102.809404
0x7a67766f4c6f2A8e6E37729467672A0B0f45F772,USDC,177.035469,171.446515
0x7a7AC5e125bcf37Cb8AD1484BF4c17529F930e85,MAG7.SSI,0.000000,34.033541
0x7a7AC5e125bcf37Cb8AD1484BF4c17529F930e85,USDC,18.672267,0.000000
0x7aAfE9b10F7f55ED8862BE3b44b983655B7E08BC,USDC,15.000000,0.000000
0x7aCB3aCF646637589f28612B490901bb104aD1F6,USDC,16.653614,8.128581
0x7aDd618639Ed216a2d2B49fBb38Ec8d5B77d98cB,MAG7.SSI,13.092588,13.078010
0x7aF17e8e244b983F8aD226D39D4c2bA777fc5354,USDC,36.400000,38.553024
0x7aa78Fd56AF7ddFbb7A7b1f4B55116e78D3c077b,USDC,15.000000,0.000000
0x7aa860Ba80d3d4f37dE4E8c67b9293A4799e3C38,MAG7.SSI,243.751286,5.100000
0x7aa860Ba80d3d4f37dE4E8c67b9293A4799e3C38,SMAG7.SSI,35.690200,0.000000
0x7aa860Ba80d3d4f37dE4E8c67b9293A4799e3C38,SOSO,8.134100,0.000000
0x7aa860Ba80d3d4f37dE4E8c67b9293A4799e3C38,SSOSO,100.035200,0.000000
0x7aa860Ba80d3d4f37dE4E8c67b9293A4799e3C38,USDC,15.072018,0.000000
0x7aaf940C8e66f4D65616342046Cd345780a30776,USDC,1087.002217,1092.821723
0x7ab008744aB6CbaCE4d599721412F6E29De7d226,USDC,40.049989,0.000000
0x7ab15965FEb8b01a617bf7d3a0117E76895940D2,USDC,16.000000,0.000000
0x7ac96dE3CA34c22fAfa7Dc6876C7Ea2eEc5d1F77,TON,12.480000,12.480000
0x7acb5F5739cc13D84aC090d5C46E9e2Ff53de6d2,USDC,39.008599,40.541892
0x7af7FFd2c8127FC2176CE4Dca9acD2DfddaE3b42,USDC,109.850014,0.000000
0x7b12c2cF48018d9a0E396c2bF4e254B13c5e4501,ETH,0.008700,0.008700
0x7b2314423eD55152822792D6d0A7dca98542793D,USDC,36.507140,0.000000
0x7b332E708AaB7B61481b87c5B501c9A3A65C227f,USDC,59.654176,0.000000
0x7b553Bf4aEb6e1aFADFe9db45fD0E5d96BB308c5,USDC,18.319800,9.847039
0x7b5Ecf8b105D0a4739B117c3F46439C1F19bD5D7,SMAG7.SSI,199.377300,0.000000
0x7b8101aCcC03C69a04837c1d4d80b640D0b5FE61,ETH,0.005000,0.000000
0x7b8101aCcC03C69a04837c1d4d80b640D0b5FE61,SMAG7.SSI,7810.390700,0.000000
0x7b8101aCcC03C69a04837c1d4d80b640D0b5FE61,SSOSO,10.000000,0.000000
0x7b8101aCcC03C69a04837c1d4d80b640D0b5FE61,USDC,10637.683903,0.000000
0x7b97b6e69e03088B77036D03E8ae21b805Ac26f2,USDC,511.426500,445.000000
0x7bBFe2d32eb5C962Fd9a4C0885dD62cE19f6cd83,SOL,0.049995,0.000000
0x7bBFe2d32eb5C962Fd9a4C0885dD62cE19f6cd83,USDC,11.393866,0.000000
0x7bEB1F4961882e15721DbB995E08Ea286a310Fc6,SMAG7.SSI,65.332200,0.000000
0x7bF9e8e7a7Ca986AD55360F278D71E5E271ee31A,USDC,18.000000,18.000000
0x7ba36A8761F3a734334091fE200C790950da347A,USDC,15.000000,0.000000
0x7bb2602E197ED5101dF7998Ad80cf3238aEc0189,USDC,43.000000,0.000000
0x7bdb76E169E36EC9fB4753b6Db146f07Ed513817,USDC,39.754000,41.421314
0x7bfdc8F33e4F83e67041875960D05e01164b05fD,USDC,98.900029,106.627016
0x7c0b2FEa134059d223F6103E9605106A1825CD59,USDC,15.600000,0.000000
0x7c296c26B3B5Ff1F842423747880c60e13564FC1,USDC,460.000000,461.130000
0x7c2a003c8A249cfBf162138d7b2dC7bc89Df3d1b,MAG7.SSI,82.988700,0.000000
0x7c2a003c8A249cfBf162138d7b2dC7bc89Df3d1b,SMAG7.SSI,29.044300,0.000000
0x7c33eE738B94405CB043B9559c0721698E2BE113,BNB,0.019434,0.000000
0x7c33eE738B94405CB043B9559c0721698E2BE113,ETH,0.009874,0.000000
0x7c33eE738B94405CB043B9559c0721698E2BE113,USDC,19.000000,84.729981
0x7c342c8536543cD702eAd63E38ed3100B09C64d0,SMAG7.SSI,4000000.000000,0.000000
0x7c342c8536543cD702eAd63E38ed3100B09C64d0,USDC,20.000000,0.000000
0x7c43623bF4Fdb7788E7b800F436864e17af28035,USDC,15.000000,0.000000
0x7c4efFa8F4206e7426b3DA401f9C26F701D59b57,USDC,42.076449,42.727972
0x7c548c1d3B006686283Ba8425238c3114523A471,ETH,0.010000,0.000000
0x7c6486B447538E96C2EC339271F181d58Bfd9fC3,USDC,15.029800,0.000000
0x7c6C07E7765e682c1d165CEa1787f364d9D825e7,USDC,10.276505,0.000000
0x7c7BB7B54d9cC65617A4547A97000b26023d71Ac,USDC,15.014100,0.000000
0x7c7e120a0fA544AD818f7999507D20C5D739896E,USDC,991.582460,980.844227
0x7c87184D780fE0dA48Ac86d967E400d366c6696F,ETH,0.002000,0.002000
0x7c87184D780fE0dA48Ac86d967E400d366c6696F,USDC,5.000000,5.000000
0x7c87184D780fE0dA48Ac86d967E400d366c6696F,XRP,4.000000,3.000000
0x7c89e3e4095F2FFFF90C98FA5923ced85a7e97ea,USDC,39.950100,0.000000
0x7c8f265D90dB1d6ed590489EA159B468CCf044ca,USDC,27.235620,27.235620
0x7c9347F45abeB5c4E917C4f5f6FcA2932FBf7062,ETH,0.012149,0.000000
0x7c9347F45abeB5c4E917C4f5f6FcA2932FBf7062,USDC,0.000000,38.751736
0x7cA3433C0E97818BF74A97b2a9059657C415538d,MAG7.SSI,15.130700,0.000000
0x7cA9EcD25F26502947826354056F86B2E7D252F2,MAG7.SSI,75.764100,75.680000
0x7cE61ef8C376107F861Dc944Fb3dbEd66A021C65,MAG7.SSI,8018.475689,0.000000
0x7cE6618603f98964BCc0C48B916574B5302a22f9,ETH,0.010000,0.010000
0x7cF35761366E2B9C421ffF44bE532A665Bb3AC0f,USDC,38.542916,37.258051
0x7cc981eFABEa09b5d2b4EBc04d022a0c66875458,USDC,200.000000,191.561846
0x7ceA07368AA10BC15d488aeC9f013d1bCc592f75,USDC,15.004700,0.000000
0x7cf706F70d83faCF4E122d38798317Cd09f7dD8E,ETH,0.030000,0.030000
0x7d0FBa50F80892b668385f16B17685De58609785,USDC,28.406297,18.907292
0x7d20e62Ca54c03967f380a1Fc5DcaB1b42Dde4Ca,MAG7.SSI,7.313566,0.000000
0x7d20e62Ca54c03967f380a1Fc5DcaB1b42Dde4Ca,USDC,37.816088,48.902167
0x7d22875f5A5C4186CD7083D3e5cbEb8F72E5611b,MAG7.SSI,16.000000,0.000000
0x7d22875f5A5C4186CD7083D3e5cbEb8F72E5611b,USDC,112.000000,0.000000
0x7d242595Fb1b4E8Ed18c6b7AC301897002EA0283,USDC,15.022300,0.000000
0x7d2df584Fcd0211d20D23faF5dc0a8E796287E4a,ETH,0.007826,0.000000
0x7d2df584Fcd0211d20D23faF5dc0a8E796287E4a,MAG7.SSI,0.000000,34.038641
0x7d38d968bFb32558f9E43b7DdaBcb480D5351cA4,USDC,15.020300,0.000000
0x7d435Dd4678c37B0f92a3e3daFDbA23617d077AF,USDC,743.417237,220.000000
0x7d44437209f4B65396f5df52768DD188341C3088,ETH,0.003000,0.002895
0x7d49eE82f2dE9374e904F17731578eAd7300E9fE,USDC,375.000000,367.269403
0x7d6CCe47cA9FE49319ACDB598e75CbF6200fbe1f,ETH,0.003000,0.002895
0x7d791a7c27FCa8788B8f549f4BdACfCDA276968C,ETH,0.010000,0.000000
0x7d7Ef73Ce4881C13F516E8f1533580e717b8D628,MAG7.SSI,0.000000,76.118600
0x7d7Ef73Ce4881C13F516E8f1533580e717b8D628,USDC,48.935583,0.000000
0x7d87cc8a7C6B771f59E3B0FE043C650568BFD843,USDC,135.078784,135.034539
0x7d896dF07fa228B81Cb8D289b0B51e8EcFc1eE27,MAG7.SSI,0.000000,15.009039
0x7d896dF07fa228B81Cb8D289b0B51e8EcFc1eE27,USDC,69.757329,62.157329
0x7d98Ba01AEed9443b2f56b97Cd8CAbb6FeD9D927,SOSO,10.770000,0.000000
0x7d98Ba01AEed9443b2f56b97Cd8CAbb6FeD9D927,USDC,283.709565,178.890499
0x7dA84321c931BaD06Dc1c00C4c2a9BE71eCeDabF,SOSO,1537.965350,0.000000
0x7dA84321c931BaD06Dc1c00C4c2a9BE71eCeDabF,USDC,0.000000,75.971543
0x7dAFc1F43dAAD507209309eBda184f049520631A,USDC,39.973100,0.000000
0x7dE0eA20d4f416037A64B5e307835771EB83b83F,SMAG7.SSI,54.466900,0.000000
0x7dE0eA20d4f416037A64B5e307835771EB83b83F,USDC,149.000000,0.000000
0x7dE6057405611FBD649274CA70bb73ccb6919cf3,USDC,39.870000,41.663816
0x7dE7B896aa6CBf6CD388dEEdE8796a4f6EA9A479,USDC,39.384286,10.000000
0x7dED99145c30b04035F35bfF853A5982AEd18C55,USDC,38.790000,0.000000
0x7dFd44CbeF689dB466e9409FFCa7B5C24ABAEb4c,USDC,876.221314,865.319753
0x7da93c40324089CBF5E41BBD2f89Cfb97641DdaD,USDC,45.264177,28.148580
0x7e002944c3c920e4fFE1D0c27BC1326FaF6c7935,USDC,42.000000,44.402455
0x7e0A0B6Bc2b9b23aD638903901188E6B5d0Feb22,USDC,76.427914,75.766854
0x7e0BfC59d7131DFCa74493991C7477d3232Fd992,SSOSO,80.431600,0.000000
0x7e0BfC59d7131DFCa74493991C7477d3232Fd992,USDC,85.714528,54.913448
0x7e0Ef467934873e610125B8729120A6D51Ab4214,MAG7.SSI,15.020000,0.000000
0x7e1CD2Feb9eeE4c095bD7BE7E3F1aE72c1829704,USDC,67.428756,59.107198
0x7e386F93AfE4e4da6D4aAC7eD5e40a12dc129E40,USDC,15.000000,0.000000
0x7e652bb8F54d1802DbD258649de0A320BAF3dA37,USDC,18.399356,0.000000
0x7e75CC21cCB5E65Ac215cA9318B262CD3c3e5a1A,USDC,39.800000,38.398000
0x7e85D8d12C90257838C81fd8fa188D17cfA2751f,ETH,0.020075,0.000000
0x7e85D8d12C90257838C81fd8fa188D17cfA2751f,USDC,76.180359,78.921348
0x7eA2914b26b153B721f38e2c7d38CCA67BB8CdD7,USDC,15.005300,0.000000
0x7eB65B0EE94f76F9Ce7e992D01B57383997Acd4c,USDC,15.023700,0.000000
0x7eB8BD3196732d938246b84d575777fF5a8E6ecA,MAG7.SSI,5.100000,0.000000
0x7eEf14F205b2F6CE4c293329233cBa36edd96a6C,USDC,98.300000,34.327378
0x7ec4Cf0ebD8656b03d0E2Cb5F784E1D667cf0c7a,USDC,18.500000,17.681649
0x7ec9425c1ebac5C7B92B14dbDD6896Ba7618ECC7,ETH,0.036257,0.000000
0x7ec9425c1ebac5C7B92B14dbDD6896Ba7618ECC7,USDC,0.000000,108.013777
0x7ecf1Fb360b2F451337336230cb43410459814cc,USDC,39.500000,41.631980
0x7ee06598c39Db15e5eAb55CF4d411b176eB5FAc5,USDC,15.500000,15.182138
0x7ef093db9cBD100885D6c0bB6bc13BAb9996648e,USDC,50.000000,41.017197
0x7f010565fbC43ffbCC5735CbE01F1B2068294CE2,USDC,37.086000,40.575714
0x7f0B014225a50685A79AbD794798BE0Ac343cF93,USDC,533.816421,522.780737
0x7f2BC2544C1201fEf407843c9CE021DBBbE17661,USDC,15.966474,0.000000
0x7f3C9528F2EbAEBE189427810B2659597cadEBDe,USDC,105.173848,104.612422
0x7f4321CdB5523aE893dA42d1c9f26E581b1c2319,USDC,15.000000,0.000000
0x7f4a486A2A752E2929198E9955F31A9017f62043,USDC,34.710232,16.970000
0x7f516883EA017e9E2aDD492e0f7c88FF3031388C,USDC,639.518040,629.458292
0x7f59D7b39E64980353757F54B95cA90e1c1DD832,ETH,0.006000,0.003000
0x7f59D7b39E64980353757F54B95cA90e1c1DD832,MAG7.SSI,0.000000,22.283597
0x7f59D7b39E64980353757F54B95cA90e1c1DD832,SMAG7.SSI,10.269700,0.000000
0x7f5Ea990F76243a465e219a42b99B51Cab75E932,SMAG7.SSI,612.473200,0.000000
0x7f8151eb37c1Cb57C2DE1917C54C887284B2fd21,USDC,15.000000,15.342344
0x7f8f6E79B79B0A55230394145348050B01721Fdc,MAG7.SSI,12.322011,0.000000
0x7fC4F4eC1D2C54a1b9F5c7aa54ee887A5ef0275c,MAG7.SSI,5.139021,5.197500
0x7fC4F4eC1D2C54a1b9F5c7aa54ee887A5ef0275c,USDC,154.054538,40.711654
0x7fE838D671351D644564b5eD3FC9060C7a305161,ETH,0.026284,0.000000
0x7fE838D671351D644564b5eD3FC9060C7a305161,USDC,84.400000,139.476959
0x7fF92EE9cE2B72654c07e046f6FEE4cc25CA331a,USDC,15.195700,0.000000
0x7fa9e165baa1e646c0D8489e583180982e4F201D,USDC,0.500000,0.000000
0x7fb8a87bbdE95F8A3Ed11D86d126A7130BFB0B3E,MAG7.SSI,75.468600,75.604600
0x7fc1125fdE942672652CA1773998b4bc0011e882,USDC,15.013500,0.000000
0x7fd226F24B3c5aff215723C4fb58073d57119E06,USDC,15.100000,0.000000
0x80010056a5b72A9F086E50dB6d6420b11a802Ab6,SMAG7.SSI,43.419700,0.000000
0x80010056a5b72A9F086E50dB6d6420b11a802Ab6,USDC,51.460489,0.000000
0x8005BeD453Bd09448af3102b74377D2cE7BDd316,USDC,15.310000,0.000000
0x801277BFD772a2Ab04984FeEE54aa93BD8a99a7c,USDC,19.500000,0.000000
0x801b31B4beEb143E9f413639B4691CB976c24151,USDC,211.331463,247.177537
0x8020A2f4036a77A6d33C0484d20BEB266C48649e,USDC,526.795329,518.180526
0x8021a39CbB2afEd702ef8f0970db1c5fAe766f5e,MAG7.SSI,0.000000,76.731995
0x8021a39CbB2afEd702ef8f0970db1c5fAe766f5e,USDC,40.000000,0.000000
0x802B8765307933e46b823d616444872A54d46E6B,ETH,0.019800,0.000000
0x802B8765307933e46b823d616444872A54d46E6B,USDC,0.000000,39.882216
0x802D981F3BACcf23620DC4d96013B6CDB57303F8,USDC,20.000000,20.000000
0x80340d3A2288359761F73951F47700722C09b1d0,USDC,1552.426551,621.756108
0x80340d3A2288359761F73951F47700722C09b1d0,USDT,299.990000,0.000000
0x803919311B9e5Fef1466cC6D32b3671BF4EA203b,USDC,15.022000,0.000000
0x80452c6d747DecCe49b7e0AB423f8A375817AbE4,MAG7.SSI,20.096581,0.000000
0x80452c6d747DecCe49b7e0AB423f8A375817AbE4,SOSO,147.258900,0.000000
0x80452c6d747DecCe49b7e0AB423f8A375817AbE4,USDC,242.840416,32.864482
0x804Da1dF146f40c2eEc8Ec94d3e3b7952f40214A,MAG7.SSI,15.048300,0.000000
0x80566D6201694eD19756Ed55BA2fF7cBF8005677,USDC,15.130000,0.000000
0x80596E01f247930C9Dee8544bD99eb045F7633e6,USDC,15.000000,8.576943
0x805bab139804fbDFC423d3402E112Bac19Dea9C2,MAG7.SSI,0.000000,15.184913
0x805bab139804fbDFC423d3402E112Bac19Dea9C2,USDC,59.965783,52.165783
0x8061aC6560b69C0D99Df823d0533e418337e2864,MAG7.SSI,15.015100,0.000000
0x806467a0E888B98B197066FAfD9403f9cEdFD479,USDC,200.000000,0.000000
0x8065822Ac1257FeF4D0d890a4017024B4729925a,USDC,199.000000,0.000000
0x8067122afE799290C0FE34e4e0DaE67D7FcffeC7,USDC,37.000000,42.537928
0x8076504BF271031E8218f40CDbA5b9a4774946eF,MAG7.SSI,0.000000,76.710015
0x8076504BF271031E8218f40CDbA5b9a4774946eF,USDC,40.000000,0.000000
0x807eDc9Cca4620E59B6919cF51B699ec6a2Bde55,USDC,216.000000,39.000000
0x80818BeF7096DD8Ebf37160B16fb0776572eAB2B,MAG7.SSI,16.011100,0.000000
0x80818BeF7096DD8Ebf37160B16fb0776572eAB2B,USDC,19.993611,19.993611
0x8085bd7Ea7Fc2A807fACAdCD732206FC690e2663,USDC,15.700000,0.000000
0x8086Be764Ca65A48ca3bE47402771F521098eEbA,USDC,37.723000,41.275266
0x8089021005818d228d944fAb4CC1D37875DE2f67,USDC,1933.850602,60.000000
0x808d08f07e398b6FE05Ea6961263b78c8f421764,USDC,39.681361,0.000000
0x80B4900e4B138b65402819f7A7439190c1A9dDB9,USDC,38.000000,40.475522
0x80D22450d7628e728Afc35459a8af46762d6AC64,USDC,15.021100,0.000000
0x80D3677f302877b84F2d0d5d1584c32adD715b0f,USDC,49.800000,0.000000
0x80EaD07805b746CD3c8aEf2D51B48d122CE95cfc,SMAG7.SSI,2991.490400,0.000000
0x80F0F4b48E83e1182dE98E34330B57b1114e6aF4,USDC,20.660271,9.668326
0x80F10D0B8cE24CA2E34b0927e7751869B3ee2ab3,USDC,15.014600,0.000000
0x80F45F9026fCc8052CDdeb6d6d1618785Ae897f1,USDC,15.026600,0.000000
0x80dEE10F73F1B2143D22Cba3bA4f775158fBDCEd,SMAG7.SSI,5.946900,0.000000
0x80dEE10F73F1B2143D22Cba3bA4f775158fBDCEd,USDC,1057.353802,110.004275
0x80dad394FD2b03358801B95a73e324AfA66320a5,USDC,15.000000,0.000000
0x80e1F56E258E870B9787d27573585278775d77b6,USDC,38.400000,38.271832
0x810689B77440D405ffB6F2185dda0A6F22f3B2CD,ETH,0.004398,0.029771
0x810689B77440D405ffB6F2185dda0A6F22f3B2CD,SOL,0.000000,0.372757
0x810689B77440D405ffB6F2185dda0A6F22f3B2CD,USDC,172.825521,119.018531
0x810689B77440D405ffB6F2185dda0A6F22f3B2CD,USDT,9.076321,0.000000
0x81111A7D089dd22d6f21A563bd37D22DBa49Aa3D,MAG7.SSI,15.015200,0.000000
0x811CFB485B631B5408B8c4e781929931B9f4D550,USDC,200.000000,192.483499
0x812232Dc074821fD39B708aB87c4AF0dC3923c9b,ETH,0.032138,0.031483
0x81336F9e1A9dF872F57C8Ac8d554aa1754846c12,BNB,0.025000,0.025000
0x81360Fb7E99352246F96Ff7A50115ce852e7934f,MAG7.SSI,160.338600,0.000000
0x81360Fb7E99352246F96Ff7A50115ce852e7934f,SMAG7.SSI,143.295800,0.000000
0x81475bCEFdD4D748aBEdC4d88F65d760ecE72Fb4,USDC,20.000000,19.842072
0x8151A8cB34bF414D9A0F0a27E5CDfa2e68FD60ba,SMAG7.SSI,92.326100,0.000000
0x815a3D7656134d04Bf5b932f83cC8e6c888F406a,USDC,1985.000000,1981.930135
0x815ff30E37809bB5Dfa19e0907A936F16dAf468a,SOSO,20.000000,0.000000
0x8165fC959e11D63d6aDfC99D5d17C5346ED611dD,USDC,17.310000,11.190439
0x816Ee499aA895493bfBc6fDA1052FC837a16D828,USDC,15.000000,0.000000
0x817ca39Ecbf648C169CA18122C4eE3Db957a670D,USDC,39.500000,38.662217
0x8192a0C853FCc747d33c0BF232bF6C9c7b682222,SOSO,155.000000,0.000000
0x8192a0C853FCc747d33c0BF232bF6C9c7b682222,USDC,2143.800475,1444.637064
0x819FB0CFEE93913D9e0206096803fa81fa802B0d,USDC,20.956528,18.278748
0x81Bf32498abB206ce906ff78BfE863BA0f8Bb288,USDC,2534.459958,2135.675258
0x81C2ce70B7B602698b4f71baa859c326612EC523,USDC,15.003800,0.000000
0x81D4f05338260423197E169D46d3B02dfB3CB6D0,SOL,4.600000,4.603240
0x81D4f05338260423197E169D46d3B02dfB3CB6D0,USDC,58.097258,67.798861
0x81D5c3F69e8b90Eb4a75afD437c1cB26ceF43920,MAG7.SSI,15.016300,0.000000
0x81D8A5D9f6B0bE8F702f79D3c9b04465205caf44,USDC,50.500000,0.000000
0x81Dc4aeEA9E250F2B1a2f734280cd8B045d84B38,USDC,1133.742314,1122.332651
0x81a1aD6723F49Ae0f3322E45ab9cA56F8Faa44Db,SMAG7.SSI,135.589600,0.000000
0x81a1aD6723F49Ae0f3322E45ab9cA56F8Faa44Db,SSOSO,172.877100,0.000000
0x81a1aD6723F49Ae0f3322E45ab9cA56F8Faa44Db,USDC,101.000000,147.200034
0x81bF36f95BD3ccb28ddA156D48D08Cb76bcf87eE,USDC,52.187832,53.561655
0x81bc37dD12E491Aba8F47DC681aE278776E2f691,USDC,19.918327,11.860958
0x81c14937Fad8d2cb724eCdF7BE5F022b963920D4,MAG7.SSI,15.005300,0.000000
0x81c5c65F89B8a1Eefd1dFabe1A9b4c9A6B3217DC,USDC,39.450100,0.000000
0x81c747837a540A12cd47A22Aa8968E4b2d81989e,USDC,37.950100,36.281340
0x81d3833C5f653b6bE4B3B353Ea0f465ea4b2f3E8,USDC,330.272466,332.771311
0x81dF37ffAC4C6837c25a68D846CE8fa86B78350c,USDC,16.000000,0.000000
0x81ef4E4ca372F788ff5478aB9d1a7B88a626d74a,USDC,49.800000,0.000000
0x82028Ca386c3d31C91A925c4ADB88fFf8326F6B1,USDC,15.000000,0.000000
0x8203Eb0ABaD49E66dc8aFF5cE2a38ADD8eA6cA48,ETH,0.006426,0.000000
0x8203Eb0ABaD49E66dc8aFF5cE2a38ADD8eA6cA48,USDC,0.000000,17.797053
0x821221842fD8c25f124165DF51a684A1C433f36E,USDC,1761.640949,0.000000
0x821E7961E2aeB94bAFd43cC36440d5EB2931953b,MAG7.SSI,306.298600,1022.212100
0x821E7961E2aeB94bAFd43cC36440d5EB2931953b,SMAG7.SSI,1539.678000,819.279108
0x821E7961E2aeB94bAFd43cC36440d5EB2931953b,USDC,0.000000,21.957046
0x8223a064A64F479418f048BBE3d1fe2301A28e82,MAG7.SSI,61.152054,61.152054
0x8223cdC45b47D8e721B72947C7e818558b47f2A8,USDC,39.751100,0.000000
0x8224c67f544D8A47AF0628E462588e8daA4cc6eB,MAG7.SSI,0.000000,13.373400
0x8224c67f544D8A47AF0628E462588e8daA4cc6eB,USDC,1575.647537,1158.865158
0x8243415e698E3b46009232A5B3e7EB6234a61d8f,USDC,15.012000,0.000000
0x8253772492ce979fAD2F4a75639a569EeD512F37,USDC,174.991261,122.957256
0x82538492e86cc5a06016E19539af92e82Aa49085,USDC,16.000000,0.000000
0x82599b609C55590d55cEAd2F9EC2519bD7d00E5d,USDC,44.000000,41.095940
0x826F2D81c03d43Fd1aCfbb831EB9409157270934,USDC,47.850000,49.513137
0x8270110925A1cCc4378403eb565B3c7D4AFdE79E,SOL,1.800000,0.000000
0x8270110925A1cCc4378403eb565B3c7D4AFdE79E,USDC,70.079425,0.000000
0x82701FdE7CC4CDB443Ec51057cEc0A5bFab5e7a8,USDC,532.000000,399.641119
0x8272ed2C5f190BDb1b9916aCa4A1BF92e54ea0C9,ETH,0.043682,0.000000
0x82834412bA897a5d305bD166cDc7DEcc8779C1E6,MAG7.SSI,28.856758,0.000000
0x82934f6906bcbe630Bf5b09a738BA8F8a133E843,MAG7.SSI,303.594200,0.000000
0x82934f6906bcbe630Bf5b09a738BA8F8a133E843,USDC,80.706545,0.000000
0x82934f6906bcbe630Bf5b09a738BA8F8a133E843,USDT,20.490000,0.000000
0x829CfD90E5C7ed752531dB5DfefF5efcEd30699E,USDC,40.000000,38.745279
0x82A4F38db1f036E10CE9f87ab59461dD6325Be1F,USDC,38.000000,40.416217
0x82A6B6BdEAF2D14B279561c0D75B60226b6c0f10,USDC,39.995763,0.000000
0x82Af5b3113289C4c578D3fcDdddE385F0De5DA73,USDC,39.000000,41.143530
0x82C004Ab2202269c1f309A403FE4d819f950D895,USDC,190.093013,0.000000
0x82E43b3EDF45980251340D3eA8e59FCdD566ab7c,ETH,0.065821,0.000000
0x82E43b3EDF45980251340D3eA8e59FCdD566ab7c,SOL,0.261055,0.259873
0x82E43b3EDF45980251340D3eA8e59FCdD566ab7c,USDC,227.233696,416.598886
0x82Fa947Ad250d217259ac0BC036F960B92Afc2E8,SMAG7.SSI,225.752200,0.000000
0x82a627Ff293165fE627EA911E0E3Ca20320290eb,USDC,300.000000,294.778692
0x82b547Cec68B6FB837a47EcbB61E17310E0282DF,USDC,44.660607,0.000000
0x82b8F55150802ad5638586A6F724BA096AB64622,USDC,203.900000,0.000000
0x82c1A0AEa72c350Eb2B521F4d6Caa39927686F5C,USDC,39.970100,0.000000
0x82cdEf71762A716A4f745C7B36D458731d6B7b79,SOL,0.041158,0.041157
0x82dB82Bf7d3d6F22Bb207Ac2BabAe05A31544E5e,USDC,46.712651,45.224235
0x82ddCc9C22e2F800bAC41adE0815EF781bf058a3,SMAG7.SSI,14853.249300,0.000000
0x82e03fF679b49504d7e560aD13dE0BCb7C001938,USDC,54.415089,18.508148
0x8300Adfd3cc474E5513c2B9580099855E77652e1,MAG7.SSI,15.035000,19.637277
0x830a04b54FB25b33dff60eF88757CfAFb3EAF6A1,USDC,15.017600,0.000000
0x8314B7E611c53d8868cCd55883e2fc4bc48A50F8,BNB,0.025000,0.000000
0x8314B7E611c53d8868cCd55883e2fc4bc48A50F8,MAG7.SSI,15.000000,0.000000
0x8324441B48F8F38432aF272C48F3280cDfdac9aA,USDC,120.976170,83.000000
0x832C262B96a7213F56C4e9E637E1D72988350C26,USDC,7.960000,0.000000
0x83310e62B7CF605F0baa86E6EE2e5D61513d0F42,MAG7.SSI,15.021600,0.000000
0x83313c871108BF276CBc0891015CD500Dc424c21,USDC,20.000000,20.000000
0x834169c232736aaD51d0F385C824630cF982F099,USDC,15.017300,0.000000
0x8347C9775D28538a78065ba0DaBCf4A754aB3BD5,MAG7.SSI,77.247684,77.170384
0x834C95ff099160180Bf33f49997f479827A6fFce,MAG7.SSI,0.000000,102.272000
0x834C95ff099160180Bf33f49997f479827A6fFce,USDC,51.000000,0.000000
0x834F7E8c0d862d1737c7850d2e013D47068DD0a5,USDC,42.950100,43.017187
0x834fb7C4cDAfb91b8e2dad7e639e54cd2858e2A8,MAG7.SSI,30.000000,29.982900
0x8357DEdbA6a74A6F779bB73B28065af2fE5145c0,USDC,41.210000,0.000000
0x835ED5cd76D6C4e1b6C0c092db614ca6F7ec9EEE,MAG7.SSI,0.000000,78.389106
0x835ED5cd76D6C4e1b6C0c092db614ca6F7ec9EEE,USDC,40.524626,0.000000
0x83604300C97a934E366179c97e948Ce7de97ed9c,USDC,40.900000,43.220897
0x8360B79Af58bCF1C2558761732Ae2b5D03B9e97E,USDC,42.000000,0.000000
0x8364ab71eaaBE46FD130a9B995082014138A3A36,USDC,1600.000000,1468.812413
0x836Aa96728a55cc77a4A642d3671Fd23Aa2c2dC0,MAG7.SSI,76.345100,0.000000
0x836Aa96728a55cc77a4A642d3671Fd23Aa2c2dC0,SMAG7.SSI,78.896700,0.000000
0x836Aa96728a55cc77a4A642d3671Fd23Aa2c2dC0,SOSO,26.517300,0.000000
0x8370B645f14491F2894B8950E2e921E89DBA9E07,USDC,45.045564,30.000000
0x8370B645f14491F2894B8950E2e921E89DBA9E07,USDT,12.358912,0.000000
0x8373c31Ae02C40dd3fEE8448065Bf6db4B0eD58E,BNB,0.230000,0.000000
0x8373c31Ae02C40dd3fEE8448065Bf6db4B0eD58E,ETH,0.180000,0.000000
0x8373c31Ae02C40dd3fEE8448065Bf6db4B0eD58E,USDC,0.000000,565.567420
0x8374e1147c10C9c57817A5FBADa53Ce69a502497,MAG7.SSI,15.035500,19.707482
0x837af7a3c194e7F1FD03624EEdDD05eDAeb2dA07,USDC,39.600000,38.381000
0x837b9E2967c9198c23dAE993F2397C0F7A3a3B63,MAG7.SSI,76.000000,75.920000
0x837bfcbf636F0B0f29Bd5B26283D30Ba1aeaC8ad,USDC,49.800000,0.000000
0x838512f0D092B081AC8B13600891C97DF1d6ca05,USDC,20.000000,0.000000
0x83865ff476c41193B114e66523d1Efbc09B70d84,MAG7.SSI,197.831800,0.000000
0x83865ff476c41193B114e66523d1Efbc09B70d84,SMAG7.SSI,2333.574800,0.000000
0x83865ff476c41193B114e66523d1Efbc09B70d84,SOSO,203.017516,0.000000
0x83865ff476c41193B114e66523d1Efbc09B70d84,SSOSO,30.632300,0.000000
0x83865ff476c41193B114e66523d1Efbc09B70d84,USDC,180.000000,0.000000
0x838B8760c07c65286408D0468bFED246EF8c6d70,USDC,43.898243,0.000000
0x83979438f76143C8A44Da71bD74A9D4F55050900,MAG7.SSI,0.000000,77.631556
0x83979438f76143C8A44Da71bD74A9D4F55050900,USDC,55.235920,17.829320
0x83981FbfFD1BC219c42a4D99059bBD0DE403DAe6,USDC,16.000000,0.000000
0x839E604EdE2a327bd9cB890ad4c13859bA920f30,USDC,39.965100,0.000000
0x839dFd7575D6587Cd8c12961d520138FB18d388b,USDC,39.000000,41.043738
0x83A38Cb296dbcfD3AC7F85AeF0Fa28C191B66B85,USDC,38.672858,37.015854
0x83C67F532FB4d712A6E2AbAce3725A9B998DeeEe,USDC,13.963811,0.000000
0x83CAC775dA29657DcFA2349DC092fCd4Fe354998,USDC,429.349326,0.000000
0x83CAC775dA29657DcFA2349DC092fCd4Fe354998,USDT,58.000000,0.000000
0x83CD6d4595779458291e8743859C3313bE3C7B93,MAG7.SSI,0.000000,65.691050
0x83CD6d4595779458291e8743859C3313bE3C7B93,USDC,75.247670,0.000000
0x83Ca78AD5E1ED3caa48725283FFAccCf4928f3fD,USDC,39.000000,41.252074
0x83D638921F610dad752923180eff5140d45DC6E8,MAG7.SSI,15.797959,0.000000
0x83D638921F610dad752923180eff5140d45DC6E8,USDC,31.163056,0.000000
0x83D967301aeeAC2B93d27833F11645609DBE8346,USDC,18.881436,10.513436
0x83E75C3873429Ef6116040B479E31579c3653D98,USDC,8.000000,0.000000
0x83Ef8ffEe63bCcd51b96bF2B9FeEb15ffF3af920,ETH,0.008300,0.000000
0x83Ef8ffEe63bCcd51b96bF2B9FeEb15ffF3af920,MAG7.SSI,61.889300,0.000000
0x83Ef8ffEe63bCcd51b96bF2B9FeEb15ffF3af920,USDC,100.000000,0.000000
0x83F022A553AAC8745fd10B9A0002FD34790b5Ee4,USDC,15.003400,0.000000
0x83F16407b7D8267cACbd5556079BaA29e3128bb2,SMAG7.SSI,341.000000,0.000000
0x83F66F71257112CCf443dB2252ceC46039d2c2e4,USDC,210.000000,207.535539
0x83c22Ff9e71733190ce013e24DDE966488CD6685,USDC,15.022000,0.000000
0x83c4586C744832e4C66F3B58E773687fA8E64a09,ETH,0.006600,0.000000
0x83c4586C744832e4C66F3B58E773687fA8E64a09,MAG7.SSI,250.117914,0.000000
0x83c4586C744832e4C66F3B58E773687fA8E64a09,USDC,59.200000,42.674262
0x83d5F9D1148c83e8C85E39d358CC15F0EeD18862,USDC,16.435500,7.723402
0x83d5Fd521a9fCf4367Fd7F8bA074ca1c18cD51b4,USDC,104.200000,104.184678
0x83d9eeF201B17952fC8AA50fEa581CABA47e23A5,MAG7.SSI,70.736205,70.736205
0x83e6412CCC3de205DccC88A2cF31c18e1A4c69eA,USDC,15.004200,0.000000
0x83eC7a6f28BD27b92BE2b64b168E985f5ecf1E1A,USDC,39.550100,0.000000
0x83f392830253769C3E87158FFF0A1EcD815DA043,USDC,28.327973,22.516480
0x83f69c076b36BCB3b7e36bB678829b5E591bdc14,USDC,7.960000,0.000000
0x83fB6a6FD7019437c8165D44a07B931B97B53812,USDC,1021.501700,1011.204719
0x840E4C26D25134C4348d006a53662397DcB5ae51,USDC,15.503616,12.104584
0x84157B35eDAD021F15a99B9BC2B4c0F8D3880283,USDC,15.018200,0.000000
0x841Aa1ADe349f0889709339aA8Ba715A824153C8,USDC,35.950235,35.950235
0x8429D854dE087C9EE4c2C83B33c44e105bdB4A3f,USDC,15.028100,0.000000
0x84342aCf73f97ffD7DFCbc821e46cf7a506C924B,USDC,115.084100,80.782852
0x84342aCf73f97ffD7DFCbc821e46cf7a506C924B,USDT,15.090000,0.000000
0x84362C2aaf2Ae4deBB51bE17f86Db2823edCf355,USDC,15.030000,0.000000
0x8439C7E27578AC9aa4DC4d1e5e229e4aB18289A1,MAG7.SSI,15.047400,19.669408
0x843a3133a177968102C32feBee00498f02a1639D,USDC,39.980100,0.000000
0x843b540f574A5843e96e5dbeb96b9Ca518ae18e6,USDC,30.000000,0.000000
0x843deeF720c7bf751CB0fbedF46dC98f04c3200c,USDC,20.000000,20.000000
0x845A60F2b1659111ac82FE7920daEe460B12A255,USDC,39.963100,0.000000
0x845A6bFC08BC098Fc58afC82c5f5EC0DC789F3a9,MAG7.SSI,75.320515,0.000000
0x845E9ee21E191FC9E101D58418261f2b3a90B22a,USDC,16.214000,0.000000
0x8466C664436666a6821E0D0D77Be651cEAF40a00,USDC,15.000000,15.077285
0x8476BabdB6523e1Af53d6d8c1eaDdc2f30E4dE7A,USDC,42.330000,0.000000
0x8477A9a11cF96Da77B363baF6cF137c279304300,MAG7.SSI,99.290560,0.000000
0x8477A9a11cF96Da77B363baF6cF137c279304300,SMAG7.SSI,21.500000,0.000000
0x8477A9a11cF96Da77B363baF6cF137c279304300,SSOSO,22.968400,0.000000
0x8477A9a11cF96Da77B363baF6cF137c279304300,USDC,153.350000,0.000000
0x8478E92F9DD73c51A383675B1e3492A6dc76a422,MAG7.SSI,228.701148,0.000000
0x8478E92F9DD73c51A383675B1e3492A6dc76a422,SMAG7.SSI,198.117900,151.541710
0x8478E92F9DD73c51A383675B1e3492A6dc76a422,SSOSO,55.125800,0.000000
0x8478E92F9DD73c51A383675B1e3492A6dc76a422,USDC,88.000042,10.002950
0x8479CA967af08C5ef5dDd0952623d1221b996Ff1,USDC,38.960000,38.257474
0x847E4bd557c04D4dfd709583aD025a7240665B0b,USDC,1977.000000,1979.700000
0x847aC917a6bC30a6b702A999bB5A580EBbC81A7D,USDC,44.460200,0.000000
0x8481796DfD2a178050328c338a7553c676C29AFF,USDC,76.397323,75.391061
0x848410433006a950f408293178Fc601e2Ae9de80,MAG7.SSI,15.016400,20.008287
0x848Bb3f675752422E8C0D5d3693aF6F1e826adDB,USDC,15.200000,15.200000
0x848D9F6A54A5C9148a6eF5f64223777a7762ab7E,USDC,37.100000,38.843624
0x84961c41465d7f047a7d0E90cB4D93BfeF1422Bb,MAG7.SSI,76.770200,76.692100
0x849A54543F9A138902Ae3bAb5b080Ed6C7f80Dc9,USDC,57.000000,15.425118
0x849d9651c057359D60e43620a7fd8938c02e7802,USDC,113.900000,0.000000
0x84A184EcF3120AF38ecd783cfC2F90e22eCD11cF,USDC,29.000000,16.000000
0x84B40BD00f374FfFE02ace0FcC12227FC87D59D5,USDC,37.155000,40.704141
0x84DF26b640239Ec5DdDadE55D53D2279376D10A9,USDC,30.000000,0.000000
0x84E6D23C633Be33533b9Ae9265aDc21C3d519F1D,USDC,15.027300,0.000000
0x84F6215a2e2d3191bCaA10b3d56A352413A6fA4c,MAG7.SSI,15.000000,0.000000
0x84F6215a2e2d3191bCaA10b3d56A352413A6fA4c,SMAG7.SSI,26.578200,26.543854
0x84be968cFB037c8e9Bd3DA68874590384b85A692,USDC,15.022300,0.000000
0x84d65197736D550Af6323D02d7eAC5E3e16Ce9cA,SMAG7.SSI,10.459500,0.000000
0x84d6BcaD09B386D83293312593687f8119BA6Ca0,MAG7.SSI,101.650867,0.000000
0x84d6BcaD09B386D83293312593687f8119BA6Ca0,USDC,0.000000,51.476983
0x84e3a7E2C9c29943ea19954fab90E024068B97f8,USDC,200.000000,176.283450
0x84f25D2aD4Db106583235e617E94042f783f70e6,USDC,41.600000,0.000000
0x84fbb03FbD38239714c76a579b898cdf621cdD39,MAG7.SSI,15.007100,19.569273
0x8500C7C7B0b2Ef8a27396a6e1f17cd8C62962D91,BTC,0.000000,0.000000
0x8500C7C7B0b2Ef8a27396a6e1f17cd8C62962D91,MAG7.SSI,90.107204,65.848684
0x8500C7C7B0b2Ef8a27396a6e1f17cd8C62962D91,SMAG7.SSI,11.019100,3.256378
0x8500C7C7B0b2Ef8a27396a6e1f17cd8C62962D91,SOL,0.134027,0.000000
0x8500C7C7B0b2Ef8a27396a6e1f17cd8C62962D91,SOSO,1.257000,0.000000
0x8500C7C7B0b2Ef8a27396a6e1f17cd8C62962D91,SSOSO,3.000000,0.000000
0x8500C7C7B0b2Ef8a27396a6e1f17cd8C62962D91,USDC,285.637982,295.898932
0x8500C7C7B0b2Ef8a27396a6e1f17cd8C62962D91,XRP,3.000000,2.000000
0x8507FC7F3b8C75773839d01b6B15BFc37bf4C280,USDC,38.960000,38.529935
0x85084Dd661Be95F6aFBca43C9CB3882b5614C7c8,USDC,15.000000,6.392148
0x850C1b0684BE248eC06679D81722a1d99873629c,MAG7.SSI,97.707800,0.000000
0x850C1b0684BE248eC06679D81722a1d99873629c,SMAG7.SSI,45.854900,0.000000
0x850C1b0684BE248eC06679D81722a1d99873629c,USDC,20.000000,0.000000
0x850aB56e624E0eb1ed33f52ceB3257a1D8AfA381,USDC,40.995700,34.362830
0x850cD44bcBdFe4bb11357608A51E62e40a9D318C,SOSO,1.000000,0.000000
0x85242A05647d9f264c6BE379dA69fAFaB76A8791,USDC,1000.000000,1611.899442
0x85255595Eb0fbab4b0eb71d487ECc88c9fce486b,USDC,44.000000,46.214964
0x852960846eDa207C51f6DEDc2A9A5f328172b30F,USDC,527.522400,460.000000
0x852A38a11e732534885bd59d2CBd9Ad265B85F4C,USDC,15.028400,0.000000
0x852C6D65F3006f7EF55CFc1476370bCa8F16EAb5,USDC,41.700000,0.000000
0x8534E1AED2cA4674bFC89553BD717D6477e67B8f,USDC,15.015300,0.000000
0x85366cAB210b2421c5D29a97a739EadfB3D5c471,SMAG7.SSI,120.000000,0.000000
0x853D69aF46043dA06EaAaba523b68B37DDef8B60,USDC,0.000000,6.756651
0x854746985fa9713d99d89DddEb8dc05cf90e65d0,MAG7.SSI,51.174500,108.255040
0x854746985fa9713d99d89DddEb8dc05cf90e65d0,USDC,28.725829,0.000000
0x8547551D3FA62441dbADB6e3967282BB2b4C8e96,MAG7.SSI,75.000000,0.000000
0x8547551D3FA62441dbADB6e3967282BB2b4C8e96,USDC,952.924431,900.934437
0x85478b5913CB9Fd5039B72933a0D96e939a2C033,USDC,37.350000,40.814290
0x85512FB45785d6bcED702a285AB246509A7dece0,MAG7.SSI,15.017900,0.000000
0x856846b077261E3C6abc9acd3602FE69D4FDcFA8,USDC,39.974100,0.000000
0x8576cd9a3847446F59E6Be3d2a4169b3DE1Bf396,MAG7.SSI,0.000000,11.525964
0x8576cd9a3847446F59E6Be3d2a4169b3DE1Bf396,USDC,6.000000,0.000000
0x857Fb64dA983a43b317D41e0EDBfd4e9e9471403,USDC,15.015400,0.000000
0x858499951Aeab725A32cecb217011056D64DCe38,ETH,0.017000,0.000000
0x858499951Aeab725A32cecb217011056D64DCe38,USDC,658.182241,88.000000
0x8584E0eBD89cd9B9130B29831B742BDa9f7d1274,USDC,15.000000,0.000000
0x8586cd54085362A31Eaa577a9e0e0327b016A1e3,USDC,41.900000,0.000000
0x858E1C20D5013887E9D0417Dc1DDCfe283341C02,SOL,0.156000,0.097948
0x858E1C20D5013887E9D0417Dc1DDCfe283341C02,USDC,46.316189,0.000000
0x858Fc790103F53915120461c5E8934A0774154cA,USDC,15.003000,0.000000
0x859107F8B58fE781530B471729c1CDda904eeC18,MAG7.SSI,152.320775,0.000000
0x859107F8B58fE781530B471729c1CDda904eeC18,USDC,231.000000,0.000000
0x85A1dD5064Fcc8924f84866D9F1ca9Cb41Cfaa1F,USDC,0.100000,0.000000
0x85AB01EdcE25209be11d9866C530A461bB802FC6,USDC,16.000000,0.000000
0x85AEDF10FA92a5B8E601E2A85bC3499ed5DB461C,USDC,15.000000,0.000000
0x85BB5Dd9A2dE03cBafA1f5d7859AA381b87692AC,USDC,39.152100,0.000000
0x85CbCa71a324B0D0707B596DfFDc819A8C86802c,SMAG7.SSI,30.000000,30.000000
0x85D286FD0d47b43f0A595Eb4761E9B7318349DD5,USDC,28.950235,28.950235
0x85a966C4aFc8c01a39d6c00a547D20730C5Bb34c,USDT,15.000000,15.000000
0x85ad366a2149B0CfE2ac14e9943Eea5a57D53F38,MAG7.SSI,15.051100,19.423270
0x85b6E8f426D189029C00C042930Fb5561e8B22C3,ETH,0.005000,0.000000
0x85b6E8f426D189029C00C042930Fb5561e8B22C3,USDC,30.360571,31.278150
0x85bdd6118436Fe3eF691B70088D1F78C3DC9e3D3,MAG7.SSI,5.000000,0.000000
0x85d7ac4F50CcAB9BB267b9314C266002F363e8E2,USDC,16.427691,8.871175
0x85f5d981BD4146C7656e4CeC4Eb5dFE4644c17F5,MAG7.SSI,0.000000,15.005230
0x85f5d981BD4146C7656e4CeC4Eb5dFE4644c17F5,USDC,7.800000,0.000000
0x85fa4FcF03773EB9F41324038491D7721dF86E8d,SMAG7.SSI,18.597600,0.000000
0x85fa4FcF03773EB9F41324038491D7721dF86E8d,USDC,98.705162,0.000000
0x860428dCb6179BedcaB2E35Dd355ae7c42739530,USDC,36.800000,0.000000
0x862553F328Ca18fC6664B08d329C515d6A26E6CC,MAG7.SSI,82.230300,81.775817
0x86257673D8cfC814dAa81ab64961635F4454609a,USDC,17.000000,0.000000
0x86259941CB314a3afd5B2F2cD9d7b3cebB10F405,USDC,44.460200,0.000000
0x8632b3b9BA8F7B7f243aFd836964CB0b871443C7,USDC,15.893609,13.406413
0x8634FD76727b5F2D17747903D0cCB53EDdB74A42,USDC,69.914858,26.469858
0x863929dF84e4179848Bf5834bf7e02F0eB6439b2,MAG7.SSI,31.000000,0.000000
0x863929dF84e4179848Bf5834bf7e02F0eB6439b2,USDC,62.685031,0.000000
0x863B599a0C67f12505564fC947B79952bFd1C025,ETH,0.019572,0.000000
0x863B599a0C67f12505564fC947B79952bFd1C025,MAG7.SSI,0.000000,77.323145
0x863Cc60F1702bfD7DDEE85808AE7C61Eba40aC62,USDC,15.008200,0.000000
0x863a15007484c3d0e533F13be529542F350f9dd9,MAG7.SSI,15.117900,0.000000
0x8644A52366511885DAA654Bf4EFB120566d2EC2A,USDC,39.000000,41.376202
0x864C946c44a1B8A5E963c7320c99275F44177282,USDC,7.960000,0.000000
0x8655Ba4B6024D9252747dF2F0Cfa30532719D6DD,MAG7.SSI,0.000000,75.984228
0x8655Ba4B6024D9252747dF2F0Cfa30532719D6DD,USDC,36.990000,0.000000
0x8667F8866473a48ae2151988B69c04f640ab43dA,USDC,38.070000,39.053730
0x869CfD7C71F9ccA05713119E7b86734089Ed565c,USDC,38.000000,40.445092
0x86B5029cCFA8632Df0238c15E95C95d7Ed0F006A,USDC,37.900000,37.858223
0x86C1C15f50914fd2ecFf4A71E1Eb818eaa7666d0,ETH,0.000000,0.001798
0x86C1C15f50914fd2ecFf4A71E1Eb818eaa7666d0,SOSO,79.183320,0.000000
0x86C1C15f50914fd2ecFf4A71E1Eb818eaa7666d0,USDC,231.255449,471.170254
0x86CaCaE17e5227f8bb0c71122b3f2BEc99F7e5ce,USDC,38.650000,0.000000
0x86D8e4fDB31AdF07a9e625C7b658C4802F64bAE7,SMAG7.SSI,33.884100,0.000000
0x86D8e4fDB31AdF07a9e625C7b658C4802F64bAE7,SOSO,50.000000,0.000000
0x86D8e4fDB31AdF07a9e625C7b658C4802F64bAE7,USDC,101.000000,0.000000
0x86De7A650870c59d990dAB7b728bB83579358733,USDC,39.000000,41.272366
0x86E13430f78AFD1B777ea374a5770398DC6d1e7a,BNB,0.113979,0.010938
0x86E13430f78AFD1B777ea374a5770398DC6d1e7a,USDC,1602.485100,1449.950695
0x86E507F8c86AeF28200deb6D2C96E96DDA47ef00,USDC,39.961100,0.000000
0x86F7299Ccc882d588aA64080380C49678df2bC9c,USDC,21.000000,0.000000
0x86F9C81d234B15C5f0886a0DAb486B5565F581f0,USDC,15.018800,0.000000
0x86a4F056593C7Efd88324591Cf07833322918a64,USDC,155.000000,87.416020
0x86a95Db4140C2B252f87e63BDa97bc57B5071ed3,USDC,23.050026,20.186845
0x86aD2EA6a70cC098E35Cb712A7d6028fDbF6BC10,USDC,37.697000,41.161657
0x86b13698df52Fab44e4216FA284b6AAFe9a1B622,USDC,15.104003,0.000000
0x86bc0C3Fec6F9437111be71F47Fff3e0676d95bB,USDC,39.000000,41.550601
0x86c97aF9615Fa55c34A2F2DD1fcF5b12ac9b735d,USDC,42.300000,7.051471
0x86d6df78Ad899b1CD4e5112ee63e490eccBDC7f1,USDC,103.693775,103.090559
0x86f3Db15dD8b16f1960b9126EB7aA6E0ED5be288,USDC,15.027500,0.000000
0x86fe2C051696654f79596273f94d9D308c224b9f,MAG7.SSI,15.050000,0.000000
0x87034815099A0A8F45d460ef3AdE930d687c1912,USDC,15.007500,0.000000
0x87058462378726A8AEAe50dC03168fA46D5B0a01,USDC,695.588805,686.799624
0x87129D534E2A7a296c46Cb35Ee8018967E2529f5,USDC,104.312422,103.758499
0x871501072c388dEB207584A4F15FcF14304F0c81,USDC,58.000000,0.000000
0x8717251D02046Cac6fc949DfDD73022eA8905049,MAG7.SSI,0.000000,77.262196
0x8717251D02046Cac6fc949DfDD73022eA8905049,USDC,37.670000,0.000000
0x8727216BfC79fd2d839Aec9b4398dBd3a9bb7952,USDC,39.000000,41.329537
0x87313055bB425A82ec2D74714cD91Cab6cf18966,MAG7.SSI,15.214200,0.000000
0x873290B4e078D3B90fD31f8EB3948e0009B884B5,ETH,0.023331,0.022525
0x87371b5C5d7f1A3658472602669C759EB60a5e21,USDC,37.014000,40.599223
0x873d17B79C08Ee28Dc245231f3FdA626C7763984,USDC,3004.639945,2975.362066
0x873e42c4dbdC89b7EAa4B310809f472c0296081D,USDC,38.530000,0.000000
0x874008BBE0FD436c38118757fa3F50F7Ade21Fc0,USDC,473.457000,405.000000
0x8742c951FD3098D84B20DCf07b0C61EE9b9045cB,USDC,30.000000,15.678732
0x8760a66e367Ad5D2788487c2d61A5Ae2Cfbd52D1,USDC,258.539433,0.000000
0x87632ab03d91Ec1f8a1a41Bd97DacAD6A569B05d,USDC,200.000000,191.963745
0x876CE5E9acabA65f8564d553a52D79D62bE166A1,USDC,15.028300,0.000000
0x877251A514352274815E5bAD05E0A9Bd100cA0b9,USDC,36.641135,38.475929
0x8786E8B0D41931ccb6Eb4897C9A10B4786c7FbF6,USDC,30.000000,15.709856
0x878b574d3243511aF59c09dadC4eCf99a8B9A300,USDC,577.925088,566.458813
0x878cbbCE071EC4e5e9Bf54d5b6a38DCce79498F5,USDC,22.000029,20.423430
0x879E1D0FA5B463F91ceb792d1F2636232F8548DB,USDC,15.000000,0.000000
0x87A1972Ef464eF519c25F5a75B99D7775F3ECEBC,USDC,15.016200,0.000000
0x87Ce66251AC726a53Bf3551073c85Df0d0d17d63,MAG7.SSI,15.019800,0.000000
0x87D26B276897186feD5A6ebbCc0bAD684a5Ac8D9,USDC,0.000000,126.886454
0x87DdA32B15E61689957C0620EaAEe79700128F59,USDC,38.100000,38.987333
0x87E5A453687c4DE4319B495A2AD2bCD8255883Cb,MAG7.SSI,29.579166,29.567166
0x87F3faFB7412cb78e3ee97A7454D6Bb6449ba6b9,USDC,38.000000,40.440248
0x87FBCee49C4649f757714663d63f865D75De43d4,USDC,44.460200,0.000000
0x87b503FBFE296B5623e739840cd3a3817c8DD308,USDC,600.119422,558.329428
0x87c1D8cd0d79a1b53C1b2A194A3CDC157FC97C20,USDC,9.200000,0.000000
0x87eAfBce6dc26708C9aEc2AD0F75938ECa4Cbc01,MAG7.SSI,0.000000,125.896845
0x87eAfBce6dc26708C9aEc2AD0F75938ECa4Cbc01,USDC,96.059462,6.000000
0x87fE550B978Aa3B2E7169AE58771D3546eb6711F,USDC,15.005000,0.000000
0x8804bB72C41C2b1487Dc3E33237CEE5ebc921533,USDC,41.700000,0.000000
0x880864e5D86c19f1d02c92e656332887c0cE5794,USDC,16.422000,0.000000
0x880e9445A483Ed8C87f45F2ba6C5A6B602c12aF7,MAG7.SSI,78.086700,78.008400
0x881bC6b4F6848941Aa07ca4cbaB02715d06b77E3,USDC,37.855000,41.465388
0x881cF3F58aE1748471586aEaa039516367F7a301,USDC,20.000139,14.290860
0x881dcCb9DfddB013dA405dd8bb13187b0B5C6a2f,SMAG7.SSI,92.108300,0.000000
0x8822edD628e290A421EB9F235eeAEEcEf2f3FeF9,USDC,75.670695,74.686009
0x882B7fb006E3BE8039A6Cf4AB6274b635608568d,ETH,0.048000,0.000000
0x882B7fb006E3BE8039A6Cf4AB6274b635608568d,SOL,3.800000,1.210248
0x882B7fb006E3BE8039A6Cf4AB6274b635608568d,SOSO,132.786340,0.000000
0x882B7fb006E3BE8039A6Cf4AB6274b635608568d,USDC,127.988532,285.020012
0x882b2046A8945E94585fe3793EB81f018A61B8c5,SMAG7.SSI,499.279900,0.000000
0x8832978B4cF61Edc9915cd54ebFC96D2D398279A,BNB,0.012000,0.000000
0x8832978B4cF61Edc9915cd54ebFC96D2D398279A,SMAG7.SSI,11.400500,0.000000
0x8832978B4cF61Edc9915cd54ebFC96D2D398279A,USDC,32.537031,58.312285
0x8832978B4cF61Edc9915cd54ebFC96D2D398279A,USDT,56.647863,0.000000
0x884f17fdd12DAE34738A86C9DABB435c5D16EE5f,USDC,15.017200,0.000000
0x88625dd11bD65D75476242E9fD3368A36F9877f3,USDC,104.200000,104.691966
0x8862F07dd4529399B797f5bc3F63C0b7Fc5c7249,USDC,138.433615,130.158448
0x8869709478C070D6724e3326301C01dAa3767AeD,USDC,40.000000,38.932200
0x886E86E2A147BeaCDfAB6BEAd9CFcCb667f5e7f8,USDC,15.559469,15.615957
0x8874C48692DB671Bcc4573EAb19E01B6745Ef793,USDC,104.200000,103.636404
0x8875E77973762bE2F5768e672B3BdF2874C32c68,USDC,971.849966,961.496506
0x8876a69FBC91b6d2a4E51e5A485c4e51e65788c4,MAG7.SSI,75.250000,75.175100
0x888121a62D05cb16E25479CcC8F0f53994Ac7CE3,USDC,17.654517,17.123932
0x88816A82d08B78c2249D5EAeAb69f5dCC8ABA1DC,USDC,200.000000,191.285790
0x8883B2253D14ec98b747B4C0D3E231f0980848DB,MAG7.SSI,189.101600,0.000000
0x8883B2253D14ec98b747B4C0D3E231f0980848DB,SMAG7.SSI,119.433400,0.000000
0x8883B2253D14ec98b747B4C0D3E231f0980848DB,USDC,16.000000,16.000000
0x88847293d89deDf624053A4706fAdD8eC9cfE32f,ETH,0.002020,0.000000
0x88847293d89deDf624053A4706fAdD8eC9cfE32f,SOSO,89.870000,0.000000
0x88847293d89deDf624053A4706fAdD8eC9cfE32f,USDC,13.890000,25.625541
0x888A766FF13715A6d7947e03102e8d32f89BaF17,MAG7.SSI,75.860000,75.784000
0x8890d60ccF32179CfECA93dEF653D491c5F65081,USDC,37.848119,39.244182
0x889380D8224C4466C600888145DE7B14bD8CA276,USDC,16.000000,0.000000
0x88954335E9bE566713Ba8a5e07cA4B8108bFcD1a,USDC,1104.627631,1091.342720
0x889Ec602c485b0c9804629B31754ef6Eee83f56d,USDC,16.000000,0.000000
0x88A0705D5f917f0F4903683AB904dCD77471C3F4,SMAG7.SSI,13.137600,5.000000
0x88B03De24fE436E0959E8e62CF3c3F815D06Fc54,USDC,37.624000,41.118457
0x88B4122D05b5b1688532B640Bb865d74AF9fd65D,USDC,15.002100,0.000000
0x88B539549c73dA167156761DC40eB930ff605BA1,MAG7.SSI,76.000000,75.920000
0x88B604B71C48f90BFe5FBf3C71aF8a000b829DdD,BNB,0.177243,0.089904
0x88B604B71C48f90BFe5FBf3C71aF8a000b829DdD,MAG7.SSI,162.327520,0.000000
0x88B604B71C48f90BFe5FBf3C71aF8a000b829DdD,SOL,0.000000,0.112610
0x88B604B71C48f90BFe5FBf3C71aF8a000b829DdD,USDC,99.154162,117.935171
0x88C6b9124AAAa0AB8a4CEC666EDC5E891A603bac,USDC,202.975916,140.557244
0x88C83c9339877402B38B6496a0B68CA644869966,USDC,39.100000,24.100000
0x88DaF863176781008422eC69844F2005dAFd16D2,USDC,15.007700,0.000000
0x88E60e43fa917818d653b81317B114Ab968F7fFB,USDC,569.072661,559.622024
0x88F01D3cEA2F6E01408165498483001ba88F1136,USDC,780.669711,769.193751
0x88aDe7B47f94e88A537D59f2a7DF1A4124a9d237,USDC,39.037731,41.922456
0x88adf5D66f8F15EA81b7e65702AfC8d49A438D97,USDC,11.104584,7.317252
0x88b3f24793B2c8375826d6bD00141763916339F5,USDC,573.690800,506.000000
0x88b52aAA726f3342307aB4a1C901982B8aacd22d,ETH,0.019512,0.018707
0x88c20a941E6E894924AaE4F5c5C5b539f9216842,USDC,246.880000,261.386465
0x88c2d31b0D87FF23Fc5276A2B391099F65c66fdC,USDC,15.022700,0.000000
0x88e398f0630217eF720E3D29D04B9A4ddBF20B46,USDC,355.405030,363.964890
0x88f473648A79A6551556525f143814988d166F98,SUI,31.358570,0.000000
0x88f473648A79A6551556525f143814988d166F98,USDC,40.694857,40.586803
0x88fE9A7FDA05Ea6da901E0f7E4d3cACEb6bC970b,USDC,720.374916,707.368924
0x890660b857B1f06f0D5A0Ca1Dd106D1ad1661748,USDC,17.000000,8.881148
0x891858f342A4DBDdffa09fB29dC96983aA1FEE9e,USDC,72.948976,31.582572
0x8918Db03DDF3d611FE88efd69696E2350265873D,USDC,39.150100,0.000000
0x8927E3B6C411DA62d568a4100CA25eb7B5aD2066,MAG7.SSI,5.000000,0.000000
0x892aecd1E4B7C42FA920B63960Aaf1e6B0166542,MAG7.SSI,75.619200,75.543500
0x892b5280AD24e9883d2f7354f67c706586D57b70,USDC,18.700000,12.984459
0x892ee9d8BA596E1CBB238055bd6724449B0bF647,USDC,15.900000,8.000255
0x892fda82D7B628D0D87A626BF45E065a68aCF7a7,USDC,119.491939,70.931935
0x89449a9DEFe66F5D6dD373b294fFA3D0996499D2,USDC,200.000000,191.890530
0x894A6613Ea67c2dAcb0aAaf357415d207952548d,USDC,41.307700,0.000000
0x894fC04639efE85F43F5343c00beD0736fa100f1,USDC,48.830009,50.125004
0x89574685c092f204942527a7895C4c69cd8a6476,USDC,59.120000,0.000000
0x895eeBE17d4582249B701eeB9646F78A7BF4B6d8,BNB,0.065000,0.000000
0x895eeBE17d4582249B701eeB9646F78A7BF4B6d8,MAG7.SSI,0.000000,75.489760
0x895f5fe9d6AAB2109996E67ddd4A5f5aF38eaf57,ETH,0.032457,0.000000
0x895f5fe9d6AAB2109996E67ddd4A5f5aF38eaf57,USDC,55.000000,0.000000
0x8968B5D382413F9B4ED5DceC931Dd0D69DA44449,USDC,16.000000,15.966672
0x896A27B0e7259ac1E0BB67E4aA69e3933e0e7797,USDC,15.000000,0.000000
0x8971aE61decA1BFBbA0DB64c8554FE1F315306B0,BNB,0.025000,0.025000
0x897Af8AB4b3b54033A6AA9099c77f6Fd4F0DCCf7,USDC,39.757100,0.000000
0x898267Eb44d7857f298C40D67C36864c00C931b0,USDC,21.789552,33.036469
0x898B07Caf3a9FD3Fe6005bAfBEf8095941D44A8f,USDC,41.000000,42.907766
0x898cA7a607d860F34cd3AE849038A19B8ba28523,USDC,39.500000,41.643877
0x8994f00F90E0Cda94C784fB498F6164Cc631CA2C,ETH,0.017480,0.000000
0x8994f00F90E0Cda94C784fB498F6164Cc631CA2C,MAG7.SSI,0.000000,75.784058
0x8997c499bd28E67237d5cF1Fbc2ee7EC4472f70B,USDC,44.464200,0.000000
0x89986546430c01eeC967C097Ce1C1Ca6Dd4F29C4,MAG7.SSI,242.432900,0.000000
0x89986546430c01eeC967C097Ce1C1Ca6Dd4F29C4,SMAG7.SSI,780.932800,0.000000
0x8999fcF0B6061Cb3DC5941658472bBC6719a5F6A,USDC,41.800000,0.000000
0x899b8F4C04971dF8D14B23039245E3eFe0594c15,MAG7.SSI,5.000000,0.000000
0x89AaC42c0c86d5c5CDafBC2587C90ba9230C2107,USDC,77.100163,70.918061
0x89BF5b39D9C892882aA2A3703c5c1DE0a1bC5Cc2,USDC,15.013700,0.000000
0x89Bd5937719BBf0bb14e648Ac0Bdc7eb695eBE09,USDC,363.481701,350.832947
0x89a2837d0a5cA4aAEf1A05666fE7613779b208A1,USDC,16.000000,15.962899
0x89dfD7d9865ffD0998113437bF630BD8957970c4,USDC,499.900009,479.651752
0x89eC245E73f852bed8AFe62d02D9407AD2033Ace,USDC,39.000000,41.252909
0x89f01C6d9397deCeC0BfDe24E90dE8Ca24B98290,ETH,0.003000,0.002897
0x89f1Aa7bac38c96D22bFaF9e493945e92AB4502d,USDC,40.546326,0.000000
0x89f5F539403DB33689196C7feB108B78fC4D0330,USDC,29.242453,0.000000
0x89f650b3687C6B57E04FCc777109B0e9DaCCf108,USDC,15.028600,0.000000
0x89fd8C3C103F3B67F502f19CD27e54F95f274A17,USDC,39.651100,0.000000
0x8A0C17dB41577f792625db42618819bE88CcDFB9,MAG7.SSI,301.000000,1274.213600
0x8A0C17dB41577f792625db42618819bE88CcDFB9,SMAG7.SSI,978.486100,0.000000
0x8A2B56F63F3dee61FBFeD9FeB3E91D0e0309b44B,SMAG7.SSI,113.586900,0.000000
0x8A3D212a15190C4BEA0a9f6990C320dc115848a5,MAG7.SSI,87.899343,87.811243
0x8A43543b7E958aA11C5186f1f816bbe749B959eC,USDC,39.962100,0.000000
0x8A50adF7B7C8e799966c274Bcd9045E2702ee449,USDC,1000.051964,989.668668
0x8A5189fd6BB762b4b39756766bB2b8Ca10F7eD70,ETH,0.003000,0.002894
0x8A589d4a8c48EA5Df2DEe7116e67865B16F6F06a,USDC,83.770977,0.000000
0x8A6dbef61b7208Bf6F2C195907b7C9944ebEd0F1,USDC,15.012100,0.000000
0x8A729DdCA70278D7EB0d5181FF115496D88aFD95,MAG7.SSI,0.000000,1062.046600
0x8A729DdCA70278D7EB0d5181FF115496D88aFD95,SMAG7.SSI,1063.110100,0.000000
0x8A729DdCA70278D7EB0d5181FF115496D88aFD95,USDC,300.000000,190.731338
0x8A853c6F55198eb57815D01a3ed4D7e7dfA4a5B0,USDC,40.000000,41.598005
0x8A8F1386f4e03272f40dD41450B933fCdDA13A13,USDC,239.000000,197.037551
0x8A91110308A5dD2a3d6D0e528570013899209500,USDC,16.000000,0.000000
0x8A933F410d13b04DbF84a11699bb713374283A04,USDC,37.000000,42.208512
0x8AAB03bc3Bf8C073B6f480f0B5FA5B757f0829e1,USDC,438.155742,150.000000
0x8AC880D03eAcA9d0954636876E32a3E27438096D,ETH,0.000000,0.001998
0x8AC880D03eAcA9d0954636876E32a3E27438096D,USDC,1396.620555,1391.841155
0x8ADc27356eB9A124FBC79E723A8DfE813F5FC600,USDC,7.000000,16.669261
0x8AF7e14e3dD6746834eEDB6e6556f90E95af97e1,USDC,41.720000,0.000000
0x8Abf823Baf374F38d75E7b59d7299AA344124444,USDC,15.028400,0.000000
0x8Acb357e6a6beA9eaF669c63F8210e9E65BD3850,ETH,0.007519,0.000000
0x8Ae211F4811F9A3DE15ae799D40e27faAb3853F6,USDC,336.000000,326.294016
0x8B0F67E32a74C00A8d13c6D9d6c480983b1dC7d0,USDC,15.000000,0.000000
0x8B2846214e09d04e12eB922Cd40646865A7Fb11A,USDC,15.023000,0.000000
0x8B291e420C71e67F012fCcf524e2BE212318ae1e,USDC,500.000000,354.380409
0x8B2D0EBB35B67C3a2330b42296d18A57Ba96D83f,MAG7.SSI,15.084200,0.000000
0x8B456608DD6a89aD2D3F979f7bFC8BF83961d2c7,USDC,41.000000,0.000000
0x8B598aCe1Bc255346F5f8F5c79365A82f467B336,SMAG7.SSI,1461.253200,0.000000
0x8B598aCe1Bc255346F5f8F5c79365A82f467B336,USDC,65.000000,0.000000
0x8B5E8699Ed8e5C303FA92ae140a793ebd96E23a9,USDC,28.960000,41.334410
0x8B65b5292becbFB51feEEc2bA5649c84F87e84BF,USDC,44.408409,0.000000
0x8B6b227E52cA5d0F119b36Ac62c09CCd4303D67a,USDC,49.800000,0.000000
0x8B79FB6306998814e3A36967bE53C2d852aad042,MAG7.SSI,341.710300,0.000000
0x8B7d61fdF0d2651bB1E9cDC6281b5E690C926feE,ETH,0.010000,0.010000
0x8B863501BFd1664a8Cc28934216044931b17cf30,USDC,24.418350,24.418350
0x8B9405Bd77fBbAB6893592A81c032161789c0740,MAG7.SSI,15.362800,0.000000
0x8B9405Bd77fBbAB6893592A81c032161789c0740,USDC,0.000000,7.881167
0x8B9D4a884AD1148159A86C61aE23fd2EC8d95525,USDC,16.000000,0.000000
0x8BC391015B219A08eB6831A09DF2C3BBca8BA41E,MAG7.SSI,9.453337,0.000000
0x8BC391015B219A08eB6831A09DF2C3BBca8BA41E,SSOSO,12.686200,0.000000
0x8BC391015B219A08eB6831A09DF2C3BBca8BA41E,USDC,871.220344,473.670344
0x8BEC011534138CB5D381194eec6293aDEC1c7c78,USDC,15.004100,0.000000
0x8Bb075DAAb823e5818a3B155F90314721e41B4CC,MAG7.SSI,76.769400,76.692400
0x8BbD267aa7CF2166026D7B5174baF4FEDEFc3A4B,MAG7.SSI,75.000000,0.000000
0x8BbD267aa7CF2166026D7B5174baF4FEDEFc3A4B,USDC,899.198030,898.224333
0x8Bd1E034b410DB1D65401F0af283D747D847d103,USDC,119.000000,0.000000
0x8BdBD64358E6a7E04176bb020df1fdDd85E24386,USDC,38.000000,39.000017
0x8C21C60df7c5B2cCa220728712D659b7c611b4D0,USDC,796.565047,786.288083
0x8C5F9cd01F4cB6a45CffF2443d8aa1598C9B811a,USDC,41.340000,0.000000
0x8C5aeAA277F1786c358A27D31F3C27362Fe562E7,MAG7.SSI,0.000000,76.881598
0x8C5aeAA277F1786c358A27D31F3C27362Fe562E7,USDC,40.000000,0.000000
0x8C5ec35fA84Df91eC6329F274551563069DDC10B,MAG7.SSI,15.037800,0.000000
0x8C70bcDDc399Bd4df60CBf894137cd66109e9bdf,USDC,15.903295,19.883629
0x8C7CC30dcbF712B6d1b1034d2ce0A81363f8862C,USDC,15.020100,0.000000
0x8C7FB3931c289824668b3a98b323a52eC954c112,MAG7.SSI,0.000000,78.160611
0x8C7FB3931c289824668b3a98b323a52eC954c112,USDC,38.100000,0.000000
0x8C807BC704aA807a30DDad34d0320E66809C071C,USDC,6.000000,0.000000
0x8C829bd8503bbBC7acc177a95CE2Fd86cd45D403,USDC,15.500000,0.000000
0x8C8E2519C6B3a22Ba71FdE758C832D1329Cd58c4,MAG7.SSI,11.063789,11.049921
0x8C8fb0e73394F114cbff04eF1DcD77575d009976,USDC,39.550100,0.000000
0x8C95f49977448940A3332497327068F4c78FF221,USDC,31.004278,20.239174
0x8C95f49977448940A3332497327068F4c78FF221,USDT,23.449500,0.000000
0x8CAA8848304c7604505852da2A003FeF3695EF7E,USDC,20.768736,11.652331
0x8CAe2143C0c266b94F02350661BCd27308dfd5Cc,USDC,40.000000,39.030950
0x8CF034902Df269EfFCCd0c0b01CC0DF585aD615c,USDC,39.100000,39.244448
0x8CF36C06055d1c307E24A45C88D46D6116353D64,ETH,0.012100,0.012100
0x8Cb89E1794d0B415533c75611f8007b03d50d143,ETH,0.002000,0.002000
0x8Cb89E1794d0B415533c75611f8007b03d50d143,USDC,40.010000,81.020964
0x8Ce18417AC94407FB07529eB357322Dc7540841B,USDC,15.028200,0.000000
0x8D024B779cC447086b557e879224E012E5D480A8,MAG7.SSI,75.000000,0.000000
0x8D024B779cC447086b557e879224E012E5D480A8,USDC,928.602798,912.479268
0x8D381Cd51d85dc687d7D2b834Cc3f816B96bF0F1,USDC,15.095992,0.000000
0x8D3F50288e1C216435fCcebCAcF953A665BCd900,ETH,0.002100,0.000000
0x8D40F1880f8Ec8A3FEFB9B0eA6761b67FEf7De19,USDC,183.560129,148.038326
0x8D6811c05D76331fD8D85B302db23b3623F5Dd11,USDC,2033.474382,581.069998
0x8D99bA92f3e6D0530bf93f0A7BbB7935070B6A93,MAG7.SSI,0.000000,32.147031
0x8D99bA92f3e6D0530bf93f0A7BbB7935070B6A93,USDC,17.051166,0.000000
0x8DBC22f1Addf2aE2cb158fD9572107f5B14417b5,USDC,19.940000,20.049176
0x8DD4841CCA684747BCc870Cd2ba710c84BA49B80,USDC,498.285200,405.981760
0x8DE87e0c03bfA91759e1A534ab365E71B44471e1,USDC,115.000000,0.000000
0x8DF436445CaA7d82E04e51b07B9F74ECF23783F8,USDC,26.646037,15.879585
0x8DF63648db5D47cba5d568Afe4D243A9a34143f6,AAVE,0.000000,0.145897
0x8DF63648db5D47cba5d568Afe4D243A9a34143f6,LTC,0.000000,0.122913
0x8DF63648db5D47cba5d568Afe4D243A9a34143f6,UNI,0.000000,3.437592
0x8DF63648db5D47cba5d568Afe4D243A9a34143f6,USDC,54.368586,0.000000
0x8Dc7B6A1CB14b663b88Fb19178E65984F8d8bc80,SMAG7.SSI,2166.719900,0.000000
0x8DcCa7aEA5f9ea8C1907f4F1B722FF5d218cC6B9,USDC,41.100000,0.000000
0x8De0830520030fE1EaD201144C57929c8891bF01,MAG7.SSI,78.524900,78.440000
0x8De0830520030fE1EaD201144C57929c8891bF01,SSOSO,3.961500,0.000000
0x8DfA7DcCCd432d34cC76105cE6A6BBf4EfC5648E,SMAG7.SSI,294.634500,0.000000
0x8DfA7DcCCd432d34cC76105cE6A6BBf4EfC5648E,USDC,237.516369,141.594650
0x8E136AA7499f5080f7E1d418F881d3dFa9b89624,USDC,38.000000,42.543089
0x8E1FC4Aa53dfecF0C9f9A460940F4ae242eFe6B7,USDC,37.804000,41.445571
0x8E3e713Ac1E20Ca451cD5d72B0F7155138Cc41b3,USDC,48.314681,48.584937
0x8E4C3D7453FDCf5bFBE00832a707545DF074746b,MAG7.SSI,30.069973,30.053373
0x8E5694895ab6899B7A2E899A41ca433Dced9255A,USDC,39.756100,0.000000
0x8E5Ba677dC99d9ad481C9da24465F79D5051ac5B,USDC,38.000000,40.404460
0x8E681A0EE25890916c33D9b328Bf506D3e31A172,USDC,15.000000,14.935802
0x8E6dCE34A4e75D280b2f9EF6B407FCcf4996376a,SMAG7.SSI,9.659000,0.000000
0x8E6dCE34A4e75D280b2f9EF6B407FCcf4996376a,USDC,15.999460,0.000000
0x8E7D6ec69b06734A77145b4653fDaC75eE7e6aAe,USDC,49.800000,0.000000
0x8E7f88b3b57ce0D9456E6919BAA5C549DBA53D0A,USDC,5.971713,0.000000
0x8E8883897CFeB1c1f9794EFC791DA3306Bd81aA0,USDC,74.979531,75.479851
0x8EA12c4b19c70F15d4679Df0d9492e32C68FdB19,USDC,16.976386,11.000000
0x8ED80eff98D52329c6D3eEBc2743eAD0c77aaee3,USDC,200.000000,190.151851
0x8EF72a25d3c1193ac86a8dB385f880CB5a468cd3,USDC,152.041963,0.000000
0x8EabCD64e140d41CdBdB4b0068fC69B8ccf64D67,USDC,60.905259,0.000000
0x8Eee322C2B19db26e39381F3FE4F1deE7049eaBA,USDC,104.300000,103.387527
0x8F1612741055011A38D04068Fb3D856d8362924b,MAG7.SSI,6.905200,108.347676
0x8F1612741055011A38D04068Fb3D856d8362924b,USDC,372.000000,166.988113
0x8F1612741055011A38D04068Fb3D856d8362924b,USDT,102.305242,0.000000
0x8F1E713499be07d93a078435405Cc4d46A5f68a5,USDC,39.753100,0.000000
0x8F30fd7CB834787f898Dddd0D5C4b34ef2B8B1E6,SMAG7.SSI,21.829300,0.000000
0x8F30fd7CB834787f898Dddd0D5C4b34ef2B8B1E6,SOSO,520.000000,0.000000
0x8F30fd7CB834787f898Dddd0D5C4b34ef2B8B1E6,USDC,1741.856073,0.000000
0x8F4523C4b8D2BD123981dddda39e2F25FCF3f0D7,USDC,390.000000,411.779838
0x8F5A9864ca1fda7cF7E97B108D69a01242A37eeA,USDC,20.000000,20.000000
0x8F7A12edA4df0e654ea0cA41F3e5Ee240a51B312,ETH,0.017400,0.000000
0x8F7A12edA4df0e654ea0cA41F3e5Ee240a51B312,MAG7.SSI,0.000000,75.806145
0x8F97b41dd396c0D8e2B3d5D3cA143d1AC25B3361,USDC,15.011100,0.000000
0x8FC4734260941FdaD9f5c9d0c9eEE668faAf3d77,USDC,300.000000,290.187524
0x8FE76F30501F9dC429F6A5f6Fb8Bb34207DceEDf,MAG7.SSI,15.006600,0.000000
0x8FFb23F488449Ce68Fd3E90c81BecaC781d4BD2D,SMAG7.SSI,30.000000,30.000000
0x8Fa30Fb535DB1cd5Bc4624C5d8f9C821a2100c87,SMAG7.SSI,30.000000,30.000000
0x8Fc2244333653d4A84e3986AB6dF1CDd2Cc94FfB,USDC,10.000000,12.874173
0x8Fc2244333653d4A84e3986AB6dF1CDd2Cc94FfB,USDT,10.000000,0.000000
0x8Fc47198aFaFeD583034140ac85005396ACbBf81,USDC,26.235620,26.235620
0x8FcC1f3b4746Fb01D1e80Bec1C59c7a474f686da,USDC,41.000000,0.000000
0x8FfacAb2A2d8885C06aBB1961F947B46dFa0A6af,USDC,54.143725,34.422509
0x8Ffc509AB752D873d2A7c68D2F4B0B75b3F30ca9,USDC,15.000000,15.322557
0x8a07600099c0F3D2ce866B878A8c2bf906EB2C01,USDC,41.900000,0.000000
0x8a1ff90245EF2cfB0bbaEd56e7E3856A141116b1,MAG7.SSI,15.269000,0.000000
0x8a218f072034ce2053DfdCcd0Ef2F25eaCd2E928,USDC,180.000000,0.000000
0x8a255530Ad8B176a59799c7729272aC3025fD55B,USDC,41.250000,39.662813
0x8a3C3e98CB656065e1b9dBcCD56a1ce318288deB,MAG7.SSI,77.367200,77.289700
0x8a46aEf55D06f56F5CbDAED1499022FCda37Ca6e,USDC,39.000000,37.429544
0x8a47Ce64d2d2F113Fdad4c8E3a468F8a182D4725,USDC,43.700000,45.909572
0x8a502C974d84cE43b4a4a120293631Ce8450bE38,USDC,16.000000,0.000000
0x8a5068aA8C0CA04dD6d1a33FD7F9B987D15121e8,USDC,15.020800,0.000000
0x8a5794a491CD82660E83b07A3C2AFF3B726D5aB5,USDC,15.080000,0.000000
0x8a6018077C09d9B5789AC339a053989c00950F21,USDC,15.000000,0.000000
0x8a61cEF0baFa6ce6a5313209FB1c77d19b0f5252,MAG7.SSI,0.000000,76.782263
0x8a61cEF0baFa6ce6a5313209FB1c77d19b0f5252,USDC,40.000000,0.000000
0x8a67D5ef01996b6Ab475b3B8Ca2E1eC2B9e8F7a0,USDC,15.100000,15.722176
0x8a8A0dDF3377C5cd9fd6472058EC553a33110CAb,USDC,762.860446,754.224146
0x8a96aeEE7537507b795CDA9A489Bdd7A8C5Db4E5,MAG7.SSI,15.283600,0.000000
0x8a96aeEE7537507b795CDA9A489Bdd7A8C5Db4E5,USDC,0.000000,7.826341
0x8aA30377863B045d4DFfA665A0aAE7C7c5e6B4bC,MAG7.SSI,0.000000,76.720008
0x8aA30377863B045d4DFfA665A0aAE7C7c5e6B4bC,USDC,40.000000,0.000000
0x8aAe755eE1521E0b67C4A15E0E279758273B06Fa,BNB,0.025000,0.025000
0x8aC9B168Da82833096c6C4CFe74B9DC6D5F8E5b8,MAG7.SSI,75.364300,0.000000
0x8aD111047Bfa1F5e2b0eC8d56dFe0e25e29ea6D8,ETH,0.032163,0.031728
0x8aFcb2956Ab25Db3F0f39eBECAc72f0534D674cc,USDC,15.000000,0.000000
0x8ad3350479ED822ca64a20a37B85b8797b6D0aA8,USDC,200.000000,177.506760
0x8ae1Ba8a06482E110E1658f8985DdE1A4aa46e3F,USDC,39.000000,41.250987
0x8b08BEb8979278366462332FD02D19441Ee3CbD0,SMAG7.SSI,100.000000,0.000000
0x8b08BEb8979278366462332FD02D19441Ee3CbD0,USDC,16.500000,0.000000
0x8b18F6906fbD3Cdfc05889cB4F25b12922419fDd,USDC,879.571980,868.980484
0x8b1Da8dFd2bE72d97D547996188F8b6E9046F2E9,USDC,39.719266,41.128970
0x8b23450133c7B4a220C0F8115B785686db9ab993,MAG7.SSI,71.042942,71.042942
0x8b3F62D762E5Fed3a0EbB5aAF7Df2C499560eB38,USDT,39.990000,0.000000
0x8b6412a1C51D2833C1Aa9Ea87031f1F6a9ceC4e6,USDC,15.019700,0.000000
0x8b68E89Ee80C61798f7Fb7F0A16726ccd16e79A1,ETH,0.026953,0.026146
0x8bCbc3cEc46578167a25885eA5D8f0110e863F6f,USDC,15.028500,0.000000
0x8bE163961D243EA03e2833748CE6b0c9F58e97eA,USDC,300.000000,291.219373
0x8bF62F0819aF9115c7C3173dB4A55886a17E0790,BNB,0.005000,0.005000
0x8bF62F0819aF9115c7C3173dB4A55886a17E0790,SMAG7.SSI,10.000000,0.000000
0x8bF62F0819aF9115c7C3173dB4A55886a17E0790,USDC,178.797582,198.132777
0x8be88451814d473e6fDe05f9751412c1D7baD7e0,USDC,601.699636,592.137096
0x8bf57A936c084DD23d659f05B005A021EFceDcfe,USDC,15.000000,0.000000
0x8bf7946e0F6dBBbF16d2C034Da8C143B7ff8135F,USDC,15.455513,0.000000
0x8c0Dab0E749b0fAfc7739a465aAb1D0E2d1280dA,USDC,39.000000,41.174713
0x8c0EC5d44204c67E4357e59F1Fe97352B9b809EF,MAG7.SSI,0.000000,76.700021
0x8c0EC5d44204c67E4357e59F1Fe97352B9b809EF,USDC,40.000000,0.000000
0x8c193faeB3dD78711bdb5a849C9573432fAD1CDD,USDC,0.000000,39.289350
0x8c193faeB3dD78711bdb5a849C9573432fAD1CDD,USDT,40.000000,0.000000
0x8c1a63dE2c128Ab08423Ed5E555Ddd41a580cf2C,USDC,17.000000,17.000000
0x8c1d937E15eBD3AB99659220681F38fa9539edb7,USDC,438.707500,370.000000
0x8c229489906fe14504fe2844668A97b07DC7eB7A,USDC,1981.000000,1982.639000
0x8c2ddE6dEac159510592b56eafB3Fdf9EFed7194,USDC,41.200000,0.000000
0x8c324Fc490670682861bC7093CD3415cD57a570E,USDC,37.730519,39.134628
0x8c367c551eEEe066625a6C910fbca95B34998EcF,USDC,39.952100,0.000000
0x8c5F37d8cF223a8493bd329B44ab3bb9C6ed1Dcd,USDC,39.550100,0.000000
0x8c6C2F05739ed075B3f4eCDe8F1Fc0d096ecD10e,MAG7.SSI,15.006378,0.000000
0x8c76ae7137693224561BD1FC1FFe43Da4C5dB763,USDC,16.000000,16.000000
0x8c7995BEB77C349c6E03a72D25619eD8083aFfBb,USDC,1101.621057,1086.678596
0x8c8A30EB901E29C74ebDc129b9bcA35a52b14F96,SOL,12.309880,0.000000
0x8c8A30EB901E29C74ebDc129b9bcA35a52b14F96,USDC,4952.741470,3482.567699
0x8c9E2452A5EA698B4aDc78d02282fC632A69a537,USDC,15.995700,0.000000
0x8cC9222227419F86793abDF4928455cDA1B0685F,USDC,39.500000,41.844024
0x8cCf2a7d7C164bD4c50b1ac32aCD4bA76Fd1f953,MAG7.SSI,0.000000,14.997000
0x8cCf2a7d7C164bD4c50b1ac32aCD4bA76Fd1f953,SMAG7.SSI,18.712800,0.000000
0x8cCf2a7d7C164bD4c50b1ac32aCD4bA76Fd1f953,SSOSO,8.716000,0.000000
0x8cCf2a7d7C164bD4c50b1ac32aCD4bA76Fd1f953,USDC,24.892124,0.000000
0x8cDB6D21f4A8716E362834Ca78452CbD180BB6a4,USDC,39.500000,42.163372
0x8ccBf9A70eA3C5FA96EF55F032A89f7Bb1CD8695,ETH,0.002100,0.000000
0x8ceF472311DA2c9F663f71e2a44f3EcBbc7EE6C6,USDC,15.000000,0.000000
0x8cf42bdE1E2AC40A1846f4444e9183e772892D90,USDC,300.000000,293.300000
0x8d14Af59596B7651851bC587343b2401F6e520E2,USDC,60.100000,0.000000
0x8d1867eA19eD54698eb1449620241eD68ed0E467,USDC,19.778908,19.778908
0x8d2445348Ac99d7F6cbC4F6e7c7d21F4d2B04063,BNB,0.011293,0.011293
0x8d246bdfA870296B7E5dEe07244741e3B1a4B8Bd,USDC,18.000000,18.000000
0x8d445612DD574c2a1cB7588aD6908646eaB24054,USDC,101.900029,108.564126
0x8d44848d2F12f848200205E864cD7FF0E2b5135b,USDC,22.842696,0.000000
0x8d717881d28b38B9E312A43e83aB2e07AEf56cB2,USDC,20.000000,20.000000
0x8d7565C3d48e0336AedCD9DB76D08636440e30CE,USDT,37.453437,0.000000
0x8d834919956aF4f696F729bdCAba61c9F16529F5,SMAG7.SSI,240.324800,0.000000
0x8d8E89B4745F059D2b158CD31077e0c3805df51E,USDT,24.990000,24.990000
0x8d95453b440DAeaceFAa11ba7aC4e7B062fb04Cd,MAG7.SSI,76.350200,76.273700
0x8dE362E37d698cD9357fBC92c39903eEcBCEC2f1,USDC,501.000000,491.549729
0x8dEBd5B6707D60b475491Ed4CEeb038AD71d0952,USDC,15.000000,0.000000
0x8dEb15cC08706864522C9bce31C1128B1357a3Aa,ETH,0.032138,0.031284
0x8da012ee0d18f435C821d0D4261c6dE08674d943,ETH,0.000000,0.004490
0x8da012ee0d18f435C821d0D4261c6dE08674d943,USDC,37.254953,21.205995
0x8dc00b1656C807c2f59c3D3b81e377b050fbc801,USDC,48.727909,53.751566
0x8e1419D759c6AEC898d44702e50d8B9F4C30D145,MAG7.SSI,20.644354,0.000000
0x8e1419D759c6AEC898d44702e50d8B9F4C30D145,USDC,2772.128312,2620.347033
0x8e38248bbB50696eD154916D44a80A63F380fEC5,MAG7.SSI,15.011900,0.000000
0x8e48509c49fa841182A7f543b3543D0429C43b28,MAG7.SSI,522.675665,0.000000
0x8e48509c49fa841182A7f543b3543D0429C43b28,SMAG7.SSI,14.074300,0.000000
0x8e48509c49fa841182A7f543b3543D0429C43b28,SSOSO,80.285000,0.000000
0x8e4b4dF450d5710a5731EE80FD69A22AaCeFee3a,USDC,1115.460210,1098.102775
0x8e53AfFf585Ad42013e0E7de542c437E5C8Ad201,USDC,44.629342,12.236777
0x8e55bDAcE19B6A9e9bB8CBB24786249e8169d130,USDC,700.000000,699.236606
0x8e5CE22FA2F9e9Ec8B3CB265D53d1758a3D1dF5C,USDC,15.008500,0.000000
0x8e99DFF24E719Ffa574eEf7B9A9bD7dCCDc4F32F,USDC,572.621900,506.000000
0x8e9B32b1704786a8A51E89a5d7C1Fa21F5317a91,ETH,0.014060,0.000000
0x8e9B32b1704786a8A51E89a5d7C1Fa21F5317a91,USDC,18.404493,14.000000
0x8eD36Ef9F066117203D1Bb199d4D41Fa2565E3e9,SMAG7.SSI,48.908000,0.000000
0x8eD36Ef9F066117203D1Bb199d4D41Fa2565E3e9,USDC,20.584943,0.000000
0x8ea99c6bc5f3F9F5351C36aea98E89D630a79440,MAG7.SSI,0.000000,77.049639
0x8ea99c6bc5f3F9F5351C36aea98E89D630a79440,USDC,37.400000,0.000000
0x8ec3f5A0Bd1A6E60ab786B41Cee5f0185Dc62acB,USDC,35.035593,9.205334
0x8ee83251531160F9AD1b6d2c5b8d45cb6D0d9c1e,MAG7.SSI,195.129212,0.000000
0x8ee83251531160F9AD1b6d2c5b8d45cb6D0d9c1e,SOL,0.000000,0.854319
0x8ee83251531160F9AD1b6d2c5b8d45cb6D0d9c1e,SOSO,80.000000,0.000000
0x8ee83251531160F9AD1b6d2c5b8d45cb6D0d9c1e,USDC,1291.549097,717.854860
0x8f0284965bc7266CB02FBF405aE2c6e38542d40d,USDC,20.000000,20.000000
0x8f03A5F8039e00B30FF5828Af1401235eC5Be45B,ETH,0.033078,0.032270
0x8f03cb00a88E9e061eEA27301FF0DAd29C7bf74D,MAG7.SSI,66.979200,17.979200
0x8f03cb00a88E9e061eEA27301FF0DAd29C7bf74D,USDC,22.000000,47.333419
0x8f228b3731560B24e41d6efBb9EdBDbDDFABEFa4,SMAG7.SSI,117.479100,0.000000
0x8f228b3731560B24e41d6efBb9EdBDbDDFABEFa4,USDC,100.000000,0.000000
0x8f27c77c59A9cF3e40EA44Aa3d80085aC479c102,USDC,15.028600,0.000000
0x8f338ED4336AF99B6419b433b9aC612DbE6DBA83,USDC,42.000000,0.000000
0x8f393f6D3F81862901c508F44Da4AEfD270A0d1B,USDC,15.005000,0.000000
0x8f4C8d03616713a8BC4CdcFD7653CB51E4D5fab5,MAG7.SSI,0.000000,15.633905
0x8f4C8d03616713a8BC4CdcFD7653CB51E4D5fab5,USDC,78.157329,70.157329
0x8f4c48cf9D051b39Cbc5C6e578e78F5642a6c598,USDC,40.378221,12.576797
0x8f6066EB330383C1529b4b5E4b2158c774A93aB2,SMAG7.SSI,80.747000,0.000000
0x8f77900b62a88D82BC66c01e424f63242573A0A2,USDC,56.000000,56.312348
0x8f78e3D7Dc7c89533f5d41224Cc3F0b907eB9AC1,ETH,0.101337,0.103569
0x8fAB3D2e6D5CE9a37E63e2e7DBd5ad090fEc56D0,USDC,39.977100,0.000000
0x8fAC524E83814fa5d4e8FBf8f5bA8763d6B5eC0B,MAG7.SSI,15.130000,15.114800
0x8fC55a44B4e9F7edef15EF0509C523c1419d06cf,USDC,49.800000,0.000000
0x8fF4B00ed8596f1C4652f3a4e320D56D3A9B9A5a,USDC,15.000000,0.000000
0x8fa54069eF60dBF1FEE84Cd96F11AbEE124c98Cd,USDC,67.941730,79.491181
0x8fc4A502784a740b8e47c4301f1C03f723F2312F,USDC,0.000000,40.000000
0x8fc4A502784a740b8e47c4301f1C03f723F2312F,USDT,50.000000,0.000000
0x8fdd2692B2AFD87aC89C169C4c12B8d847276B99,USDC,15.000000,0.000000
0x90035D0eD3855Cd95A07638eb8a62FcC87c2bAbd,USDC,66.033264,23.036747
0x9004ffC0767995BBFA4272e676321eCF8CFDD4D2,USDC,407.022200,315.985600
0x90062710B625f62ECF420EBcfC072C914D55D4a6,USDC,1125.397692,1115.985058
0x900C93b05c19ADF73287bF6656b152113A2fBcc8,USDC,38.000000,42.577259
0x90263B26493251a761a9dA931195215fA5697253,MAG7.SSI,0.000000,76.752282
0x90263B26493251a761a9dA931195215fA5697253,USDC,40.000000,0.000000
0x9029406Ff4e7D598bDfF19e21DE66F790BAE4Ec5,USDC,37.465000,41.042061
0x903C587cf4D56738000e4412ef5dB4380538259E,ETH,0.026396,0.026778
0x9040c3A287dB178093d9d2bbEB17B99C990d9C4C,USDC,15.545700,0.000000
0x904E4990aBc6D2e4cb1C13107F64226Ccd042792,SOL,0.040000,0.040000
0x9056E8D1c9dDa7bbeEC649F595caebff1184107D,USDC,15.029700,0.000000
0x90672E9290319bB760e121Af4b3fE7A1F02FB64b,ETH,0.120000,0.000000
0x90672E9290319bB760e121Af4b3fE7A1F02FB64b,USDC,944.544275,0.000000
0x906923941b0710a060972846b9e27a304d90C634,USDC,15.014000,0.000000
0x907546F5321fE144d29dfe003926535C104daE8E,USDC,37.346000,40.807353
0x90864a863A93Ae76e29d069347b33c27920d2a22,USDC,16.000000,0.000000
0x9095164A9b7851F2bC3D6B7b57E532efe931c976,SMAG7.SSI,495.831900,0.000000
0x909Cb249BcE7b085C5ea256ddd4eC7F87CE0BE71,USDC,1138.098998,1126.697692
0x909E4F3Aa3a9BFD92085cba023bCb3F8310bc680,MAG7.SSI,15.026200,0.000000
0x90B198FD68b5a1bE6B6D572967E0590E48d589D5,USDC,573.547600,505.000000
0x90B8D889ca8637307a9a7E79b438bB7a0aA82449,USDC,500.000000,0.000000
0x90Bf8118812977a41c3AC6b5D60D5C216cC26dB1,SMAG7.SSI,30.000000,30.000000
0x90D0c5027FC8FCBeE09F043099C9F9a60fe53a88,USDC,15.006600,0.000000
0x90E00A7f2C870a7Fda989E5Be366Aac4c48a38eb,USDC,19.995700,19.612522
0x90E62746191B4e4021D498b9DFc7Ac0f7a766A8f,MAG7.SSI,0.000000,25.261568
0x90E62746191B4e4021D498b9DFc7Ac0f7a766A8f,USDC,15.000009,0.000000
0x90a312a3c677092E143634018AAc5663a86a7C55,ETH,0.003737,0.000000
0x90a312a3c677092E143634018AAc5663a86a7C55,USDC,108.288484,75.767092
0x90a5bc0627b8BA851C0525d1672A82c43FBBbde7,USDC,15.057359,0.000000
0x90a9Adb6B5417A4e7E41c9eabA243548477A8B53,MAG7.SSI,15.035000,0.000000
0x90bc33437D92D96666C028384D7c67ECFC7EB259,USDC,839.929547,552.341333
0x90c2166850EF3868842CFf0d991bF707e096E7b4,USDC,50.000000,47.547643
0x90c407A81999D215716870D7071B49E9C2CbE282,USDC,15.160000,0.000000
0x90c618E589108f3840DBc10eA0A0BF693461785C,USDC,130.000000,122.642018
0x90c7E3b24112BCd894467f2ADBc031a44b91b75c,USDC,41.240000,0.000000
0x90dd2b47BC4db6A0Ed5bF927740fdae1ACB8a576,USDC,6362.002957,8177.838998
0x90e4f08d55123C603bb7aDbc2DaBc6f768C1D893,USDC,15.005400,0.000000
0x90f78E7da807548b854E92184873D1BC3C9880E1,SMAG7.SSI,38.146000,0.000000
0x90f78E7da807548b854E92184873D1BC3C9880E1,SSOSO,30.801900,0.000000
0x90f78E7da807548b854E92184873D1BC3C9880E1,USDC,44.104485,0.000000
0x90ff44506837B7b5217a1da1707874C741B0B6Fe,ETH,0.025000,0.000000
0x90ff44506837B7b5217a1da1707874C741B0B6Fe,USDC,125.000000,0.000000
0x9102c6a44d0D036Fc7A1a90E0F4FA0D85c66e391,USDC,30.877964,0.000000
0x91090A01097915753686b83Bab9744b24434e4aa,MAG7.SSI,0.000000,78.483493
0x91090A01097915753686b83Bab9744b24434e4aa,USDC,44.000000,5.000000
0x910B64674E06669896812D554FB167eb21d5caE6,USDC,20.000000,20.000000
0x910F1582A528B45E3d342a43960165348e0c7145,SMAG7.SSI,91.975000,0.000000
0x910F1582A528B45E3d342a43960165348e0c7145,USDC,100.000000,0.000000
0x910f7D19C281062A85Ec3F64A876EAdFC8932c91,AVAXC,2.000000,0.000000
0x910f7D19C281062A85Ec3F64A876EAdFC8932c91,ETH,0.008382,0.000000
0x910f7D19C281062A85Ec3F64A876EAdFC8932c91,USDC,15.000000,0.000000
0x910f7D19C281062A85Ec3F64A876EAdFC8932c91,USDT,163.796788,0.000000
0x91133380754E76a7940f7CB5973903FEe89Fc8de,USDC,15.000000,15.052845
0x911D3A600009BfE676Dae6E0DcAfb76b37c027aA,SMAG7.SSI,2023.160600,0.000000
0x911D3A600009BfE676Dae6E0DcAfb76b37c027aA,SSOSO,1924.508500,0.000000
0x911D3A600009BfE676Dae6E0DcAfb76b37c027aA,USDC,699.673615,2235.941844
0x911e380677311cCc28568bFbB3D5f5B3efccF84a,SMAG7.SSI,10.253200,0.000000
0x911e380677311cCc28568bFbB3D5f5B3efccF84a,SSOSO,23.044800,0.000000
0x911e380677311cCc28568bFbB3D5f5B3efccF84a,USDC,580.000000,315.000000
0x911e380677311cCc28568bFbB3D5f5B3efccF84a,USDT,231.148516,0.000000
0x91306b69c59CA58a5c467d2293453E9F7e20142c,USDC,35.000000,33.983311
0x9132a7a6558Dc45e1Ec984171e94a1dC57fCFC7A,USDC,60.000000,57.637807
0x913A3daD3079E5b614B54da4d938b0e18111bcb8,USDC,8.500000,7.921675
0x9141437D8c1f132Ab924A2D4C073cA4E7976175B,USDC,193.430374,145.000000
0x9141437D8c1f132Ab924A2D4C073cA4E7976175B,USDT,5.500000,0.000000
0x914176fa9a97f8faf5CC055Fe46178E5bccCf3cD,MAG7.SSI,76.000000,75.920000
0x91455f508055919d2a4aAC1EaF841aFdb6A0c82F,USDC,39.000000,41.142076
0x914C05aB7CbE742dC78291CA939e2Cd142b4a8C5,USDC,315.668820,308.951444
0x914f6ccD189007404eb61e1B3B396d6B0763106b,USDC,39.080000,38.319595
0x914fd18395b26Af7af9Ed9451D49F624D049aD0F,USDC,15.526168,0.000000
0x9153395a3A0E8C176Ed8B4204A07BAF1BE9acEd6,MAG7.SSI,15.000000,0.000000
0x91540f6e2e0B9D420eeC051bA546ae81c75D747c,SMAG7.SSI,56.294500,0.000000
0x9163222c047a79d08C60CdE2D5a37fA8B46Be5AA,USDC,45.000000,46.428457
0x916E8c36b48dD997479139cDA8D5103D33a2D8D0,USDC,7.800000,8.358563
0x9186b688e8A7493D04f11aD2CBb3B6982F100C93,MAG7.SSI,15.021900,15.000000
0x9191F73fe2881802E0A12F400CDe389cDaF0D2Cc,USDC,16.000000,0.000000
0x91936203a051057e453E027252185A65F22Ab19F,USDC,18.000000,7.209446
0x9198D203DF8F9BC073A5EED26b543fEA392E371F,MAG7.SSI,69.636205,69.636205
0x91B1308bb330c6E3Dd5c19b54A45cBB1D69f6414,ETH,0.003200,0.000000
0x91B1308bb330c6E3Dd5c19b54A45cBB1D69f6414,UNI,17.542540,0.000000
0x91B1308bb330c6E3Dd5c19b54A45cBB1D69f6414,USDC,0.000000,94.829046
0x91Cc74beF559bB1111B0B690f3e30135474A0273,USDC,200.000000,197.952437
0x91D05Bcf3bf24f576044AcF9ec9217F45cd14A4d,BNB,0.000000,0.008998
0x91D05Bcf3bf24f576044AcF9ec9217F45cd14A4d,ETH,0.070705,0.031403
0x91D05Bcf3bf24f576044AcF9ec9217F45cd14A4d,USDC,15.100000,15.263350
0x91EfEB5FD2F91a811943A29b602e2Af3e34e393f,SOSO,39.013196,0.000000
0x91F0fdC7Ee99ad21B36f1dCc85753378967F552B,USDC,940.720752,930.067129
0x91F50A55a899E62Bad5960dE08b47489C4Fee09b,USDC,44.800000,46.162326
0x91F6d647cc2ea5BB5b0E3CD16BE5B7288722fa5d,USDC,41.977137,43.971439
0x91a513FFf0EE2fE0AD3d0a2c86b318819992Ee2f,USDC,55.505819,49.981802
0x91a513FFf0EE2fE0AD3d0a2c86b318819992Ee2f,USDT,10.000000,0.000000
0x91d4b1a76AF9D8bDb1215dCE04a3Eb27F70C4677,SOSO,7.906434,0.000000
0x91d4b1a76AF9D8bDb1215dCE04a3Eb27F70C4677,USDC,85.556676,30.105375
0x91d4b1a76AF9D8bDb1215dCE04a3Eb27F70C4677,USDT,76.917412,0.000000
0x91eA593bC43D0132A8e4363e667Cfb59E74B1616,MAG7.SSI,0.000000,76.779769
0x91eA593bC43D0132A8e4363e667Cfb59E74B1616,USDC,40.000000,0.000000
0x9202BFea0C628CB4bb7fa1195c4229e4d5dF09f2,USDC,15.012100,0.000000
0x920Bcf1aD1592A955C672dA321a28239f62F7F3D,USDC,38.253614,38.253614
0x920b66d6C13e71F15273D901dE0A2cCF23CC9d47,USDC,180.000000,0.000000
0x921f2b7d73Fd14378f5F08cC4d640a80bDfEc935,USDC,15.017800,0.000000
0x921f4C7ec62e47967304cBf196CD8A1701502C43,HYPE,1.580000,0.000000
0x921f4C7ec62e47967304cBf196CD8A1701502C43,USDC,64.592431,0.000000
0x9220a0fe1c1034C6C926faeE0c58EFf6127666B5,USDC,39.936192,44.911767
0x9227e883543a1D101A67bE9958e5A7cc63Be5990,USDC,15.029300,0.000000
0x92387724B60F8b3Fe57b74A968CE1b0924042af9,USDC,15.021400,0.000000
0x923d9cE0bcd005e083f9810102465540b768a34f,USDC,16.000000,0.000000
0x92402b056C6848b29310Da2bfb164Fc4585631F5,USDC,39.860100,0.000000
0x92496304b5eE283D9A8f906C401325b1B4b2fa8b,USDT,16.990000,0.000000
0x924dA8590Bf9519D8B03c0d38291cba729b5d4D5,USDC,506.603900,415.978880
0x925030586AEE5426E5A828c5C1b595727353daDA,MAG7.SSI,0.000000,5.000000
0x925030586AEE5426E5A828c5C1b595727353daDA,USDC,317.832738,450.809381
0x9259b3bcC03c859cb7C74565B8bb8f8E29857B93,USDC,39.655100,0.000000
0x9262F99AE40f1f7fE09C4d683A3614C1bacCc6AD,USDC,16.000000,16.000000
0x9269E80aafD4B6a5f54636437237e83c32a11D8F,USDC,16.000000,15.429455
0x927676250d70E4829B5233a9b62fE7813686BfB5,USDC,15.025400,0.000000
0x927EF1dEB8f0A5f7d83A75Cbe3D0f6B5566c943f,USDC,48.970504,51.023899
0x927e42c0e4be8FE255DE9c3C39Ff9Cd11BdCBa47,USDC,39.000000,41.152117
0x92801e7C48Fd66a5b2CeaD73fDEA66cB01e11d6D,USDC,1000.000000,965.533035
0x9280f0C4E408bB1383a1153eD98b119487C3e8ad,USDC,15.018500,0.000000
0x92824E1b297E2b655D4891133a91830A579A820f,USDC,15.496326,16.126519
0x92882b99B702126211c36F30943152dBca7fea85,MAG7.SSI,176.124393,0.000000
0x92944d1Cd23e530d6b96412e45B6d428B999F7BD,USDC,15.017100,0.000000
0x92A50E03F4cBC9eDf7e59FB5D1be14c8b4B4281c,USDC,19.000000,19.000000
0x92A8d75F6e0F47128A60aA03F5D52Ca2Ae2A3c12,MAG7.SSI,1793.528241,0.000000
0x92A8d75F6e0F47128A60aA03F5D52Ca2Ae2A3c12,SMAG7.SSI,4291.971900,0.000000
0x92A8d75F6e0F47128A60aA03F5D52Ca2Ae2A3c12,USDC,1190.000000,0.000000
0x92BAA1907486f99d5Ea23E9Bde226a24eF5c47Ba,BNB,0.025000,0.025000
0x92C17A701D7ecc6a82681fE662356Ed1DdD8c493,ETH,0.003000,0.002895
0x92Deb0efd0130Ca000532D41088a70881089f75a,MAG7.SSI,16.000000,0.000000
0x92Deb0efd0130Ca000532D41088a70881089f75a,SMAG7.SSI,0.000000,15.913635
0x92E0545E4dE421a6507952E72573dD912883f5E8,USDC,15.190000,0.000000
0x92E76D046EAAcCfEEF0a24F15977365Ee747216d,USDC,441.819472,0.000000
0x92FB193814fAa707855063c0796fa9c22D9DbE63,USDC,39.960100,0.000000
0x92a98D2F867eEb5e4ba8E801A9b22EE9273C7546,USDC,15.027700,0.000000
0x92ab8F6eD2Fc85B1a6C9565Fa20BdCD001285174,MAG7.SSI,0.000000,76.759882
0x92ab8F6eD2Fc85B1a6C9565Fa20BdCD001285174,USDC,40.000000,0.000000
0x92b0dce24e2Dc42d2975B4927a7c8Ad9068C3C73,USDC,49.995700,50.310160
0x92b2d8515c562C367647Aa24455eE940ecCf42AE,USDC,50.000000,48.677831
0x92bC7238b95bfEADDF99f2d293A094A445FA1799,USDC,15.029900,0.000000
0x92ceb9357C820167c2915d2E2d2b858D7C63a781,USDC,49.800000,0.000000
0x92e020242B872eC38b6C69657E97B00c53e34b56,USDC,68.969523,57.377732
0x92fCD094B480A49076749D794C21A8786E286AF8,USDC,200.000000,192.506771
0x92fFAA4f9a3088402538c0db18935dde72595Afe,SMAG7.SSI,495.317500,0.000000
0x92faA66Bb0AFfd141568f5f25Bb64db28A4297C9,USDC,36.000000,0.000000
0x930046F4B9b7f5CA42c712137F73b895697f4FAD,MAG7.SSI,15.006200,0.000000
0x93011E41F8Ffe61480f6B9085Da3562B635B1cd5,MAG7.SSI,20.000063,0.000000
0x93011E41F8Ffe61480f6B9085Da3562B635B1cd5,SMAG7.SSI,11.772900,0.000000
0x93011E41F8Ffe61480f6B9085Da3562B635B1cd5,USDC,211.978501,225.742425
0x930223f32318C1fA229b433E00E1F7504d2026C6,SMAG7.SSI,37.000000,37.000000
0x93079B9EcF66285e9Aa33da8C8B3Eaf7ed9B4D36,USDC,42.000000,43.410003
0x9308EDDAf811FB12f9D8D1E0eAA1089D2c1034F7,MAG7.SSI,15.164300,19.716182
0x93151a42d2B31C0788c032cF48731E49d675Fd0D,USDC,15.012300,0.000000
0x933FC2a2885dE83d8261909a9c3ad7E2F6DFdF51,MAG7.SSI,58.042110,0.000000
0x933FC2a2885dE83d8261909a9c3ad7E2F6DFdF51,USDC,15.800000,60.609979
0x9343E731eb9E135Bf8A4A4b3dc090090e80b0Bf4,USDC,100.133216,99.509204
0x9360a6BF345793CDE00D19b1ceb54cD0D23407d7,USDC,76.753095,75.740969
0x936417358B4714eE8E42d6D71d5e3B89E0F9cc13,BNB,0.025000,0.025000
0x936bf232b5C8505bd6941894e031B1743081Bb9C,MAG7.SSI,15.166100,0.000000
0x937DF9606F0b9009a4e70DBC2Cf0793CF1F2e7Ce,USDC,104.200000,103.572493
0x937d96C9Ec1bd4E488663FCd0f1CDf64227F286a,USDC,39.153100,0.000000
0x9380003A1e2dAFB81E73cFc3A83ef73B74bD288B,SMAG7.SSI,82.523500,80.048917
0x9380003A1e2dAFB81E73cFc3A83ef73B74bD288B,USDC,39.000000,42.872872
0x938351423fBf1aFF053cA1a71b4dA836786260b0,MAG7.SSI,15.200500,20.202063
0x9384ced0Eca8c6073494082A50Fd5c1f1d498657,MAG7.SSI,15.049200,15.034100
0x9389b01208A60699D249Da6E17550489bA2f3021,USDC,936.150770,925.861760
0x93909E42E6Fa54C3ab1ebfB4a72eB8F5F6113686,USDC,7.960000,0.000000
0x9393f2421b29332011fe297A6a8Ab9207b893872,TON,17.938430,117.464934
0x9393f2421b29332011fe297A6a8Ab9207b893872,USDC,20.756458,47.766107
0x939f92874300d7777D796dE76CF2D2FcD1794226,MAG7.SSI,15.011400,14.996300
0x93Af471A9E6cA0e894AbA281D8AE43d74ef164bD,MAG7.SSI,173.997104,167.524593
0x93D35ae68967ca151184718a573385A38C50fAF2,USDC,15.000300,0.000000
0x93D928e8222B59B030604439689A111d9Bd03dc9,BNB,0.488030,0.488030
0x93D928e8222B59B030604439689A111d9Bd03dc9,MAG7.SSI,54.774451,147.635492
0x93D928e8222B59B030604439689A111d9Bd03dc9,USDC,922.222488,508.077322
0x93E10803D8FA9B1dB19de5802364Fb7cB5677595,USDC,998.200000,0.000000
0x93ac9F3441B93be2a0feD4086E28e12b7603B773,USDC,41.800000,0.000000
0x93b1cd2a4063D889f9219C4BCb50c4c920670ab2,ETH,0.006800,0.006800
0x93b1cd2a4063D889f9219C4BCb50c4c920670ab2,USDC,61.340618,50.655129
0x93bD52D13199e22C4f2eB0436908A8d3Dc4Ee275,USDC,15.000000,15.354448
0x93be4c3dDeaD7Fc72eAE2615041Ed3A0153b0489,USDC,9999.001000,10031.506975
0x93be5394F90227Ce2Ab9dF6C8A9f6404E35A604a,USDC,624.496764,615.072077
0x93c0d48C074182c9C641F3f39DCA0a300374b2Ca,USDC,18.184882,9.737594
0x93c3f9601d5d3659aF70423e8881deC076228faD,SMAG7.SSI,158.622400,0.000000
0x93c3f9601d5d3659aF70423e8881deC076228faD,USDC,0.000000,84.762268
0x93c4aDa520935085cdD1A560Bddf0c42e23dC8D7,USDC,20.000000,20.000000
0x93c8C8cF15F455eD3Cce1a739b9E781dDAe387de,USDT,27.393977,0.000000
0x93c964Be5abe30350DAAE0898d51B9cC94a5B8c0,USDC,15.015600,0.000000
0x93d3892f93C97756E7B65F47c89377D351A51a01,USDC,49.800000,0.000000
0x93dF3A35f61c4790810cd46446E402510bD29A0e,USDC,16.000000,14.169351
0x93de203cA533cA81C68FcDf9F460a009F9eB8a79,USDC,16.553356,0.000000
0x93e39B55B9E395DCD9968dF2E14210071160339B,USDC,50.000000,42.132323
0x93e8679BAdB896d63972cCf9aa0872ACc85edf52,USDC,0.000000,357.016302
0x93e97e18bA55cddA225ae53E235d83A949088Cee,USDC,63.436085,27.494529
0x93fAF7f8B6C4AaA6cF8fe35c5E8F1B1fB4057739,SMAG7.SSI,32.951100,0.000000
0x93fAF7f8B6C4AaA6cF8fe35c5E8F1B1fB4057739,SSOSO,12.024200,0.000000
0x93fAF7f8B6C4AaA6cF8fe35c5E8F1B1fB4057739,USDC,30.798710,0.000000
0x940E22bfBB15356cd0Ed15cC692eCF160F37fC5E,USDC,15.015200,0.000000
0x941236F33735076Fd76865dbA222b744C7d25e6c,USDC,104.200000,102.770821
0x943470B13991CE6197e7afEbecf2756FcB9E6010,ETH,0.013369,0.012948
0x94480F78915e8F65a6a3363292a8c6D18E29b7C4,BNB,0.000000,0.087893
0x94480F78915e8F65a6a3363292a8c6D18E29b7C4,MAG7.SSI,20.000090,0.000000
0x94480F78915e8F65a6a3363292a8c6D18E29b7C4,SOL,0.118257,0.000000
0x94480F78915e8F65a6a3363292a8c6D18E29b7C4,SOSO,568.837400,0.000000
0x94480F78915e8F65a6a3363292a8c6D18E29b7C4,USDC,242.105080,8.021599
0x944e3661DA24cb81a6CD6F9ac4Bd821864cd2033,SMAG7.SSI,687.293000,0.000000
0x944e3661DA24cb81a6CD6F9ac4Bd821864cd2033,USDC,3140.765454,3154.549968
0x945Eb630A3C244d37B12867AE1eb36CB0f1560Ba,USDC,15.006900,0.000000
0x94668Ded729d0e51181Ecd03d449258DC102D2e4,USDC,39.754100,0.000000
0x946d110185206b6f2921c9195280d3D471083Eab,USDC,9651.031520,0.000000
0x94723d38618906fc29e722B293aecF6895434f43,USDC,39.755100,0.000000
0x9472F470959d2836dCE45e3D9dcD34DeDb837281,USDC,15.000000,0.000000
0x9475DDC3241be0BbC57Fefe12e1Abf7e1880FbE7,USDC,16.000000,0.000000
0x9475d989c1D890b3099938C9f320762BB5E248A9,USDC,10.100000,10.662987
0x9478BB73f4DcF24d867AEc43F265a7597336e24d,MAG7.SSI,15.397900,0.000000
0x947b71dE3fAc63Bd0DdA228D4d3E692Af4cbD578,MAG7.SSI,75.000000,0.000000
0x947b71dE3fAc63Bd0DdA228D4d3E692Af4cbD578,USDC,835.546395,831.252724
0x9490e9d448514351C553Cc473B821135EA687085,BNB,0.005000,0.000000
0x9490e9d448514351C553Cc473B821135EA687085,MAG7.SSI,15.738800,0.000000
0x9490e9d448514351C553Cc473B821135EA687085,USDC,15.700000,5.100000
0x9491D4810E61a8077718155bC84902F389F0Fbfd,USDC,187.300000,0.000000
0x94A76041609Ded42adED63F65dac2A162bd2A434,USDC,16.000000,8.563200
0x94BDAC6237a9c3B2EAc7E9654D8B7CD19af29780,MAG7.SSI,15.822200,0.000000
0x94BDAC6237a9c3B2EAc7E9654D8B7CD19af29780,USDC,0.000000,8.122237
0x94CCA30E6CdCdD986aE762128460c32E321A99b8,USDC,40.000000,42.713871
0x94F6136De772DBa72a3C33BcC79336fbDa4fb23D,USDC,75.790000,0.000000
0x94cee1ae30639CEed8802b4971eAC1F1cAA1CE60,ETH,0.035500,0.000000
0x94cee1ae30639CEed8802b4971eAC1F1cAA1CE60,USDC,99.513973,0.000000
0x94d44d650e469C98b8F6A417aAb4fC3354eE778d,MAG7.SSI,15.000000,0.000000
0x94d44d650e469C98b8F6A417aAb4fC3354eE778d,USDC,15.000000,15.000000
0x94dfb14c39f15fB56162058C44382C2c6D37c446,MAG7.SSI,17.370400,0.000000
0x94e8E0BE917391c84BE942FFc5af81497569bB2F,USDC,49.800000,0.000000
0x94f788221c4f26711081E13376CE9ad6f583B543,USDC,127.908101,40.816231
0x94f8AEDec8EefCeF2e0BB5dD079f39B6BcEEd5D2,USDC,332.000099,335.014532
0x94fE658E9FF10303495421242B0A5D71Dd475e07,MAG7.SSI,75.890000,75.814000
0x950bA7708CEbf02065323288Af1457471e3bc68A,USDC,40.000000,38.982088
0x9512d2f59cf09a24eA5aAE84a46e03330abD8DB9,BNB,0.025000,0.025000
0x9516ad454e7DB667c532A1fCA4a94497eB6ca44c,USDC,72.948985,31.664332
0x952071Da2f68E46550dF06988Dcf598a2986D0d8,USDC,15.975060,10.127840
0x953850E333E05330b0fadC9b299173D07186e59a,MAG7.SSI,15.112700,19.744662
0x95400d9fc38104f4591F1Acb95e82944bbf086eB,USDC,498.839400,406.984640
0x954054abDBdEAD4f4bC6d857FB6925fbD744437e,USDC,1201.382795,986.631185
0x954a5B12789646c8aCC74D42d4f96fE5b8a9d6C9,USDC,17.000000,17.000000
0x954b23BF2938991BFCCa10c835B318cC39a7c3a4,USDC,15.018100,0.000000
0x95524A4d740825B01611d88fB6f256ffE4e812F9,USDC,112.397384,103.162400
0x95593FFD0fAe49679f6Da07BC4980BDff6e9E6bf,MAG7.SSI,15.124900,15.144800
0x955eead1601d8872F191AE11e53A8421B9E1C40c,MAG7.SSI,0.000000,76.759882
0x955eead1601d8872F191AE11e53A8421B9E1C40c,USDC,40.000000,0.000000
0x9562307dd6887e776f4A2CA9d9947Aed84F96144,USDC,46.720000,37.060613
0x95641b8f4dBDF8dC8Bbe96248c7C87189154b05D,USDC,955.224529,744.891693
0x95692570256bC4e5707BdAa2dC97cA9B4cD45e83,USDC,832.792856,821.995659
0x9571b6a722656509f02c69Ecb9f33494e0dfC672,USDC,15.300000,15.612184
0x95773C1f40B82DD8D0529471f6A6016fdfE990Aa,SMAG7.SSI,54.642100,0.000000
0x95773C1f40B82DD8D0529471f6A6016fdfE990Aa,USDC,285.500000,0.000000
0x95789953BDC7757A9457b0b21BC9Bd89d79a97Fd,USDC,15.400000,0.000000
0x957c1004B39A458C300D9058D1e1B90E91f1188d,USDC,25.429583,42.059354
0x9589F4974288d63bF9885e6F12cF687B99Cec19E,USDC,43.110000,0.000000
0x958daDeb11Ebf136BF97133fFac9912b2f2d82Cb,USDC,76.938727,76.268777
0x958f5d0c5b9c57c5447748C515fC1A58d6D188c3,USDC,15.100000,0.000000
0x95931a3D74515d393a7F0d0Fe10c9Fc52B66Af70,USDC,15.020900,0.000000
0x959D790903C5Da7aa0100f76Ecb82953B4b68146,ARB,170.300000,0.000000
0x959D790903C5Da7aa0100f76Ecb82953B4b68146,USDC,44.891657,60.917249
0x959bD011AC1121dd24C0F83667B61459045f0793,USDC,38.930000,38.261011
0x95A876443FD88aB717AF4D659e281234CA02F71E,USDC,15.019500,0.000000
0x95BD7fed1a1EAa1E3ce7766a0D93290164093e6c,USDC,854.318590,843.905177
0x95De04ca636c438153B637FCe18c5ec705613038,MAG7.SSI,15.062000,0.000000
0x95E2D4c79910FF764A2287347943060DB3387E49,USDC,117.508687,109.360929
0x95E6beCEe8157e8d0A63Cb53ce713f0cB20E8432,USDT,16.000000,16.000000
0x95E8Cd1Cd6521c4eF8524Ca49bc06088ba4cAD7E,USDC,38.000000,40.444346
0x95f1E996A34c6125CCb06fF33C2Eb43A2B0b0C09,USDC,15.000000,0.000000
0x95f897ea5CF9F46941316E0354B288F6b452D641,USDC,200.000000,197.951892
0x95fFad0974AC06C364a274E288228E73dffA69b2,USDC,126.017665,118.812367
0x96079B05c3E4CB05dc5b6179415339890a9e72A5,BNB,0.025000,0.025000
0x96091F24B1A4280a4bF498db6d7B67585f550D9c,USDC,20.000000,0.000000
0x960Afc51A390d022cE9c3b1430Cb700E2c49D447,USDC,15.011300,0.000000
0x960d0F9d8a12fd146a5797cF510b092af9d05106,USDC,6.587355,7.457363
0x9612e53c183e40c45f23d4caAA41F5CD05938d54,USDC,20.140000,13.369853
0x961A0C5d944B130203F6cF64C650F459f92c1189,MAG7.SSI,75.000000,0.000000
0x961A0C5d944B130203F6cF64C650F459f92c1189,USDC,898.028978,889.175059
0x961ce56F503006bedBaf36BA9085D30B9523022A,USDC,15.000000,0.000000
0x962976B9458A104F7EEB12fDBe9490eBF826eC1d,USDC,109.618254,32.000000
0x962B1579A229970dE291ED0e5cdE08f31450Cdd7,USDC,39.500000,41.659423
0x962D69baEBd9c560580DeC609FD56573aA8C1F96,SMAG7.SSI,2576.811100,0.000000
0x962d81bF2FaF3Ea406b5442633c5B237185Fe946,USDC,442.552856,433.206814
0x963d4e172f52710dD194d522Cd688ab0E251f315,USDC,16.000000,0.000000
0x964149A125e6aaB2754eDa33ceF686fa34E1a69F,USDC,46.099348,47.224893
0x9647ed7bb517833602c6425F54383f6f8EB97e74,USDC,38.000000,42.598081
0x964843036e8bE5797779Ba912a8357EC183c3EE3,MAG7.SSI,75.000000,0.000000
0x964843036e8bE5797779Ba912a8357EC183c3EE3,USDC,867.078756,884.119098
0x964D866ff05ed9f6c94cd01B6da967B129776aB2,USDC,0.000000,42.311540
0x964D866ff05ed9f6c94cd01B6da967B129776aB2,USDT,46.050000,0.000000
0x965A6258c8D58f025950582c16Fb7f1ef4b0b578,USDC,230.000000,226.299513
0x966289910f4b1B30E96ED399AE70A7a1326DefCb,USDC,15.360000,0.000000
0x966D3f5Bc218F3c42E7483B18585C8ef266e2991,USDC,15.000000,0.000000
0x968C15A09c9b85EFa42a0EFaFC70f1ebeEf1Cb38,USDC,104.200000,103.546739
0x968bfc15DFF5ABEF5Ce2246ACA4A08A75C9670Bf,USDC,43.323132,29.323123
0x969E5c29E0dCe45e327E4055aCD227F39f2F1e13,USDC,15.200000,6.617305
0x969e9A133EFd851f15E7eCE6f35813115b2E4b18,ADA,0.000000,22.835880
0x969e9A133EFd851f15E7eCE6f35813115b2E4b18,USDC,125.927064,152.079206
0x969e9A133EFd851f15E7eCE6f35813115b2E4b18,USDT,70.100000,0.000000
0x96AE013137a454B3b4905C8959D2bc7C892318A9,USDC,39.000000,41.409680
0x96B7206F0624eFE2Bc1aead7987f62B4651d84B7,USDC,89.188342,78.256930
0x96BABE9A9C1f3b655e56963fB878afb140bDafE8,USDC,1241.010601,1231.140480
0x96C4023F4aFB85Ec210a069a4Ea0396B05d35F67,MAG7.SSI,0.610000,0.000000
0x96C4023F4aFB85Ec210a069a4Ea0396B05d35F67,SMAG7.SSI,0.011000,0.000000
0x96C4023F4aFB85Ec210a069a4Ea0396B05d35F67,USDC,43.197420,25.020000
0x96D173cE566aBd4B1df4f84a0187927D92A821C2,USDC,229.000000,226.601631
0x96E854f904f000921151a965b70CbFE482C442b7,ETH,0.008000,0.000000
0x96E854f904f000921151a965b70CbFE482C442b7,SMAG7.SSI,29.463400,0.000000
0x96E854f904f000921151a965b70CbFE482C442b7,SOSO,51.000000,0.000000
0x96E854f904f000921151a965b70CbFE482C442b7,USDC,10.000000,0.000000
0x96Edf3673B156bf4ACf3d978A4B8638E879293b9,USDC,38.500000,40.419019
0x96b8e3AE96BE22C2c0E8D330Ff32DE38d25E5152,USDC,959.164595,949.514723
0x96bBbe41700aB8bB6bAB32861F398a146401d60d,USDC,300.000000,292.765687
0x96bC39b202B23D4878b10028d9b845A6F6978Ef7,USDC,39.154100,0.000000
0x96bf2dE0a4249BD342b054E208FDB5EaBc95C264,ETH,0.062364,0.061134
0x96c475f6dBfD140DD21365FD2c7d143a47cD5476,ETH,0.000000,0.184811
0x96c475f6dBfD140DD21365FD2c7d143a47cD5476,MAG7.SSI,0.000000,989.236721
0x96c475f6dBfD140DD21365FD2c7d143a47cD5476,SOL,0.000000,0.530628
0x96c475f6dBfD140DD21365FD2c7d143a47cD5476,USDC,2461.126963,7964.994822
0x971221eab97B45dFA172937134eEA77Fd3fCbaC6,USDC,41.600000,0.000000
0x971296E3EE0DF5F7B4C03E53D65f1762C8903Eea,USDC,15.000000,15.339340
0x97136DF5029a10365210795D252cbd351cA57955,USDC,37.870178,29.174853
0x971A044172ee126E1C6BafB56a9f2c9C87Af613c,SOSO,2.086620,0.000000
0x971A781903a8feb0a6DBf4Cf9337Cb22AB321B05,USDC,501.845500,408.981760
0x9732568e08f63459eAa409CD190fEf5A79BaDF0c,USDC,15.004100,0.000000
0x9737286D449DD6e05cab3259605C397da162AAFF,USDC,2000.000000,30026.262119
0x9737286D449DD6e05cab3259605C397da162AAFF,USSI,29434.546766,0.000000
0x973963C993F21896B6fCDF225bb0c44b49a855dc,MAG7.SSI,75.603700,75.527900
0x974cd2f84384DB81a03367F1A189f3828e95451b,USDC,1942.050006,1794.233195
0x975211291Dc01f34405fC36659E0BDfAB0108531,USDC,193.042185,206.020212
0x9755E1Feab469d22cA7C53B4F39C930a987F40F1,USDC,62.000000,0.000000
0x9757ed6155468B5eB6df33f29f09d146BAB271a7,USDC,18.734600,0.000000
0x9767C319c04fCCd885766538484fd4aAdb0A4905,SMAG7.SSI,97.273200,0.000000
0x9767D18e0F7596E14788Ce97c04288eAB692B13c,USDC,51.029497,40.544538
0x9768DD5d3A806d67a1A291b7121F660ecdf7C940,USDC,6.634758,0.000000
0x976eaf2B4280a9b13fd508652f353e4f8fAda6B0,USDC,779.976998,781.270585
0x9773929055E690CbEC8e7d36d838941D4ACb24e8,SMAG7.SSI,304.800900,0.000000
0x9775Cb54928713dEB9aBafc5FaEbdA49a7355170,USDC,38.000000,40.399698
0x977CF5095bf0A004bB6cA37431De3cd2379C97cb,BTC,0.008441,0.000000
0x977CF5095bf0A004bB6cA37431De3cd2379C97cb,SOL,5.563690,9.323102
0x977CF5095bf0A004bB6cA37431De3cd2379C97cb,USDC,0.000000,266.000000
0x978025Ac352046B5031AD6d2F7B266B7452ef652,ETH,0.032138,0.031583
0x978197f04c701674F9875eef05482f193DBfD848,USDC,80.107808,0.000000
0x978197f04c701674F9875eef05482f193DBfD848,USDT,41.220682,0.000000
0x97855Fc999c70A25CFE8f2944913C6A92E966f71,MAG7.SSI,15.122809,15.107520
0x978667CEcCd306B28129c25dC13021B735ae8A4e,ETH,0.062527,0.061397
0x978c4063f6D98f5dF75Bb46d687F657E5D03B552,USDC,29.898694,0.000000
0x979926809a42A358f0DAAedF6b9666C5df629dC0,USDC,54.267565,0.000000
0x979DBC1fDe23bDF86AAc792e36608030D1aAA4C4,USDC,15.019500,0.000000
0x979bCe58781C537e386c81E6b9fF3F76c07271EF,MAG7.SSI,37.012000,136.582980
0x979bCe58781C537e386c81E6b9fF3F76c07271EF,SMAG7.SSI,188.362687,20.731165
0x979bCe58781C537e386c81E6b9fF3F76c07271EF,SOSO,22.438431,0.000000
0x979bCe58781C537e386c81E6b9fF3F76c07271EF,USDC,45.697297,74.059939
0x979bCe58781C537e386c81E6b9fF3F76c07271EF,XLM,30.873000,29.873000
0x979bCe58781C537e386c81E6b9fF3F76c07271EF,XRP,8.000000,3.000000
0x97A093dAA010c6778E6372336040080d00927e9C,USDT,40.190000,0.000000
0x97A54828f1d55Fa932661a1a630D7130cd0c7b60,USDC,15.000000,15.110234
0x97AEE45b51003f9d38a857D6Ba5AE204f2Df5115,USDC,104.200000,103.546739
0x97D61178447AEB870b99076507bE3Dd7F63DfcdD,USDC,15.015500,0.000000
0x97D7846316efe4581a5A1ef3DE3E88814ba75e25,BTC,0.000249,0.000000
0x97D7846316efe4581a5A1ef3DE3E88814ba75e25,SMAG7.SSI,100.200000,0.000000
0x97D7846316efe4581a5A1ef3DE3E88814ba75e25,SOSO,19.132736,0.000000
0x97D7846316efe4581a5A1ef3DE3E88814ba75e25,SSOSO,52.102700,0.000000
0x97D7846316efe4581a5A1ef3DE3E88814ba75e25,USDC,80.000000,23.000000
0x97Dd6468d5800be13bcC161D03c245B7d8197F99,SMAG7.SSI,10.988300,0.000000
0x97F9b8A10A88fFd673844EEE330F179695Eb747d,MAG7.SSI,15.215480,0.000000
0x97Fee5dAcaa9bf6e7C19e9Be6B4dca04cC2fB5Ef,ETH,0.010241,0.002000
0x97Fee5dAcaa9bf6e7C19e9Be6B4dca04cC2fB5Ef,MAG7.SSI,0.000000,36.995937
0x97Fee5dAcaa9bf6e7C19e9Be6B4dca04cC2fB5Ef,SMAG7.SSI,0.000000,11.766268
0x97Fee5dAcaa9bf6e7C19e9Be6B4dca04cC2fB5Ef,USDC,12.000000,5.357958
0x97a1A6d700BEAc9e51606a58bE973fc171d643E9,USDC,40.900000,0.000000
0x97aAb90ed0a1f8813b55A6A596032dB7D4Ccc09B,USDC,37.000000,42.164941
0x97b61667485EAe4c01A535d5863369c81Eb6B81F,MAG7.SSI,15.315300,0.000000
0x97b61667485EAe4c01A535d5863369c81Eb6B81F,SMAG7.SSI,750.486100,0.000000
0x97b61667485EAe4c01A535d5863369c81Eb6B81F,USDC,42.666747,0.000000
0x97b7439E575c67Aa7eCf27C910bF1BC6d365F705,USDC,15.005600,0.000000
0x97e0a21Fc3c3548672044574284A2A9C3cF7C653,USDC,15.121578,0.000000
0x97e8f9F43F2d5B8eB75C28F63866F9C3380e1f2B,USDC,15.005000,0.000000
0x9800f52EadE92F54c77F48fe3e6dB7FE7F3aC8d7,MAG7.SSI,397.537168,0.000000
0x980FdF8c12dBfCE6C757118D48827246d46f65DC,USDC,15.000000,15.357472
0x9830529C4203460849F53EAB2c516FC8B7E3808B,MAG7.SSI,15.105900,19.787130
0x9832924dD8dD13A8FC0Ed0fd9D072E24101278D1,USDC,15.026600,0.000000
0x9832beE04142C47F5b5d5bb23dC11292109bB201,USDC,16.000000,0.000000
0x9836567f01A9566A2B3FF52b4F2F25Aa538Db915,ETH,0.029933,0.000000
0x9836567f01A9566A2B3FF52b4F2F25Aa538Db915,USDC,29.220391,30.016469
0x98424289950A5f692cC04cebE0cB4689a5C8d5D7,USDC,20.000000,19.769904
0x984425ed5aF89D93eD2F11B6B86020E3457BaE21,MAG7.SSI,703620.793657,0.000000
0x984425ed5aF89D93eD2F11B6B86020E3457BaE21,USDC,0.000000,418184.345803
0x985CDadDbDE3216C5172781eeb6F2Ff7A82bB8DA,USDC,15.013800,0.000000
0x985eF478b476A62a7aB85dBd020de2282AEe0EaA,MAG7.SSI,15.230500,15.215100
0x98629127e06374Dcc5fD37816e400f4640C33C47,USDC,15.014100,0.000000
0x9869978bf9d7631E79e2401284487E516100fb83,USDC,15.022500,0.000000
0x987Bca5852d060E1Aa9caEF905Fd09097e7816F3,USDC,15.000000,15.368030
0x9884E6D2eff5149CfC5091d1B413553980E576Fe,SMAG7.SSI,7.158200,0.000000
0x988C132dE716F1fD38E617dC35bEAcb3Eb8Aee88,ETH,0.008141,0.000000
0x988C132dE716F1fD38E617dC35bEAcb3Eb8Aee88,MAG7.SSI,0.000000,35.327503
0x98924F589f67E5E8A4EA7f16AFAAecd710750F96,USDC,0.000000,35.702720
0x98924dbDA2b3f25bc43Bc7a486B2a9fEC0094c4E,ARB,32.184540,32.184540
0x98924dbDA2b3f25bc43Bc7a486B2a9fEC0094c4E,SOSO,87.896890,0.000000
0x98924dbDA2b3f25bc43Bc7a486B2a9fEC0094c4E,USDC,68.143936,22.551425
0x989C0184Eb0659483ee0F1574FCA2ba604a500e7,USDC,39.000000,41.501407
0x98AF216b5bc0bF960554105c6C3Aa3f5381E2003,USDC,37.500000,39.496452
0x98C3aa7F02db36D9540fE4c79b650883fABfB55D,ETH,0.030000,0.000000
0x98C3aa7F02db36D9540fE4c79b650883fABfB55D,SMAG7.SSI,229.171100,0.000000
0x98C3aa7F02db36D9540fE4c79b650883fABfB55D,USDC,76.921358,0.000000
0x98CbEDbE95b79de6E1F6E0BA9EFBE271eAa8e1c3,USDC,15.014900,0.000000
0x98D0FBF0cD15863F8EF755Cb9eC46C0De288B333,USDC,1957.000000,1956.704000
0x98Daf373B40B5fB8747F45B12Fb53f32EF54bFa0,ETH,0.004600,0.003480
0x98Daf373B40B5fB8747F45B12Fb53f32EF54bFa0,USDC,24.440087,20.884666
0x98e40dAF6F57aE0544385b6C6F77c1FAf0cB13b8,USDC,23.639263,31.149360
0x98eCb9b24199b2634eB6F725dBec810487d1734c,USDC,64.518295,18.932097
0x98f50A0b64f10a88c24E7460B6B7FF1936aED880,USDC,29.800000,22.544927
0x9904CB998c2D96eFACFfeec77ea8050a1827128A,USDC,15.000000,0.000000
0x9908FF9D46cB25608f61CCa17A99800a06fbEc78,USDC,96.000155,0.000000
0x990E6Ed683107316516DE24c018B35d53A7342f2,MAG7.SSI,78.278200,78.199800
0x990a2a2fff66FD4B93eaD50823c35129f8962ff1,USDC,1078.730116,1070.301661
0x990d51A1E6F949a97F37b1beC2EB3311a70E82f8,MAG7.SSI,31.164600,0.000000
0x990d637e31AaE6347D4dc5DB86d81a42107c123C,USDC,34.950235,34.950235
0x990eCa92969cAB4D2aDe6cce77F686Fc685fdBE2,USDC,15.000000,0.000000
0x99117C9f3830AAeD628550F7b39ad05F0D8F29a2,USDC,41.000000,0.000000
0x9926ce66264e85235446a8Bf5Bd1a045B2DC7F15,USDC,56.378369,15.718893
0x993405F30B64e3D431B2eb98f662F53279FfC17C,USDC,95.669371,95.036195
0x993c7F4c5C615f5295E89A2bB6822e0C019ABfe9,USDC,16.581884,0.000000
0x994544B4224BcE5c382A96B5bfA255B11E18Ab88,USDC,16.000000,16.000000
0x9948d019a2fe4B30Daf8a8C225F7fEA92C9B1F76,TON,10.100974,0.000000
0x994B99a4D8986C8aBB96329c2842305fBfFcbf82,USDC,16.100000,16.100000
0x99642Da40c42827896A27703B4afC246cAa7d497,MAG7.SSI,15.000800,19.632934
0x9964Bf96D6d7AE24Ae29e8537f0b085737De71a6,USDC,38.310000,41.109610
0x996DF7648B9b07abB5701b01a76DC6B54950812f,MAG7.SSI,0.000000,75.785158
0x996DF7648B9b07abB5701b01a76DC6B54950812f,USDC,40.000000,0.000000
0x9974aCa9a6e1093c3d78C672BB47A6a2c5fB2b48,USDC,16.200000,16.307380
0x997524616629e25028BA66368FeB3909E87825e8,ETH,0.004500,0.004390
0x997B347ef278c0Aac44904fab63368FAf4284d35,MAG7.SSI,15.050000,0.000000
0x997Df203c0cA2541075B6d891E4d0B9119a6636f,USDC,15.010000,55.884300
0x997Df203c0cA2541075B6d891E4d0B9119a6636f,USDT,38.000000,0.000000
0x997E0a0C554e546719F8f07F44E0832D5fa5ae86,ETH,0.062364,0.061134
0x9984F76f69a556c1E65bDc07c188245d74584c7e,ETH,0.005000,0.005000
0x9984F76f69a556c1E65bDc07c188245d74584c7e,USDC,1596.688541,477.310186
0x9991f365Bb07216866007b260A3EEA37Ad5C76d3,USDC,38.000000,41.326496
0x9997E9bCcF5Ca49fc6Dfb72d3f8B9c9ceB55f7c7,USDC,104.000000,102.133384
0x9997bC833Dd9D9aBC0804CF6411bBB1Af4219153,USDC,36.991985,39.494941
0x99982DF7cA7782e2d9EA6301201d28d792599999,BNB,0.005000,0.000000
0x99982DF7cA7782e2d9EA6301201d28d792599999,USDC,98.804386,99.218350
0x999E65C294b61f2A97f7288171daE59003533830,USDC,50.000000,0.000000
0x999d38b4e931EB8b519e652C5cD48AA71a2AFd7d,USDC,15.000000,0.000000
0x99A9D00c18B23191aBA1D11895F86d2Aff5254e3,USDC,39.762728,44.653465
0x99Ad1Fd81B166F4424947B888f3677d01f390945,ETH,0.026468,0.000000
0x99Ad1Fd81B166F4424947B888f3677d01f390945,SOL,0.787921,0.000000
0x99Ad1Fd81B166F4424947B888f3677d01f390945,USDC,29.127186,62.355609
0x99BcCC927036762Eb2F6271a793Cc619725FD7b8,USDC,37.943000,41.560214
0x99Be7583E0deF6cf1ED93f19ac71157f3a0092AF,USDC,15.103805,0.000000
0x99Cc67723D66424721ad6D97bc1de8cFbFE75060,USDC,70.000000,66.789334
0x99D430c5355D7fFd060c2b389E351D9B0e8Ca2c6,USDC,84.688478,83.983607
0x99D7F13D9bbC1570e93d626415Bf151BaB1aF409,MAG7.SSI,0.000000,1000.000000
0x99D7F13D9bbC1570e93d626415Bf151BaB1aF409,SMAG7.SSI,6273.340300,0.000000
0x99D7F13D9bbC1570e93d626415Bf151BaB1aF409,USDC,0.000000,619.327044
0x99E51460205Ebd7E44661d3f6A7A7A92bBeC04d8,ETH,0.002200,0.002200
0x99E51460205Ebd7E44661d3f6A7A7A92bBeC04d8,SOL,0.000000,0.116964
0x99E51460205Ebd7E44661d3f6A7A7A92bBeC04d8,USDC,19.841293,69.968248
0x99E51460205Ebd7E44661d3f6A7A7A92bBeC04d8,USDT,65.409191,0.000000
0x99b34Fe42f7AE02f82dc7E59Bcbf6d680C2A98a9,USDC,300.000000,292.293703
0x99b50E70F117412D1152542B4e76792DeE2523b7,USDC,40.000000,42.204175
0x99cDA5BE941cA0c5fCCA9E45B44d14AFDDf36181,SMAG7.SSI,124.506600,0.000000
0x99ef027FD7Ad526D0326aB86A9AC9cd3169C4277,USDC,39.500000,41.716092
0x9A03e784538D554556dF82B1C292C71403Fa2e12,USDC,15.767156,8.987807
0x9A11c9d40c36bf4D8505298bad63E025070dec74,ETH,0.003000,0.002895
0x9A270e6ED20a6C7A2D79BC6c7aCcA071D76D58C3,USDC,42.000000,0.000000
0x9A307A4F841794647afFcDcBf83ad7c2B716d8Df,USDC,752.924146,743.984739
0x9A30a6dac6C307E38E4020122E124B452B42c0e0,BNB,0.513848,0.000000
0x9A30a6dac6C307E38E4020122E124B452B42c0e0,MAG7.SSI,0.000000,315.157384
0x9A30a6dac6C307E38E4020122E124B452B42c0e0,USDC,0.000000,139.505985
0x9A873fF5b915f3e6078a3A8fcA46D7654A875563,USDC,20.000012,0.000000
0x9A8A8bCa71DDBc22B5Dd0849E11B4DC481bd79b6,ETH,0.007813,0.000000
0x9A8A8bCa71DDBc22B5Dd0849E11B4DC481bd79b6,MAG7.SSI,0.000000,34.020254
0x9A8C72cF729E70eA44929612F328c342923cA698,USDC,38.000000,37.967113
0x9AB1b6E71c71bdF8B877ff546Fc9824AbD9d9A8d,USDC,39.000390,42.318298
0x9ACA88AE401dCfC15727a83F98BA4bE236D69321,SUI,11.698270,0.000000
0x9ACA88AE401dCfC15727a83F98BA4bE236D69321,USDC,75.082835,11.694856
0x9ACd1005c885EA6a35d210b41686E22bE481da61,USDC,200.000000,197.355337
0x9AD01bFA9c0AC9E379c5B8F326EaBFF64D81692E,USDC,38.000000,40.424635
0x9AD4A0380B618344b90A521D0394f0fd531C9fb7,BNB,0.014272,0.000000
0x9ADB62F6f18169645Dc59B90FceC10FFb86D8B8d,USDC,39.500000,41.589310
0x9AE1EF185D4073950286137d6A31cAD81Fe5Da95,USDC,20.000000,20.000000
0x9AF0672536F67c06eDca586548Df4Ce306075701,USDC,39.500000,41.518818
0x9AcDA0bbC8E2Be53db230B1Fa7E1743262842B77,MAG7.SSI,201.799112,0.000000
0x9AcDA0bbC8E2Be53db230B1Fa7E1743262842B77,SMAG7.SSI,100.510400,0.000000
0x9Ad82f0aDa5f58D56C229A3e6744365D842C4E26,BNB,0.196474,0.000000
0x9Ad82f0aDa5f58D56C229A3e6744365D842C4E26,SOL,0.000000,0.042969
0x9Ad82f0aDa5f58D56C229A3e6744365D842C4E26,USDC,115.842390,234.816163
0x9B055238963e8aEa21D1124c4E5f14a68b486A21,MAG7.SSI,0.000000,99.838122
0x9B055238963e8aEa21D1124c4E5f14a68b486A21,SMAG7.SSI,100.000000,0.000000
0x9B055238963e8aEa21D1124c4E5f14a68b486A21,USDC,0.000000,162.503826
0x9B2B5dfC84Dc9390C407546729Fd49eAa3cd3357,MAG7.SSI,15.021500,0.000000
0x9B312bafF904e16C79B696b26e63D29da97f09B4,USDC,38.990000,0.000000
0x9B34185B7377F49128BDd8CC9E5B5f7A8A2fC8E7,BNB,0.055000,0.000000
0x9B34185B7377F49128BDd8CC9E5B5f7A8A2fC8E7,SMAG7.SSI,8.805200,0.000000
0x9B3D0F4f7Ee30815Aeae9FEB92A64bAe5Da37Aba,USDC,100.601216,0.000000
0x9B3aB1E5Ddba9CB7bd8e62ce223759a6d7D3b6c7,SOSO,20.080693,0.000000
0x9B3aB1E5Ddba9CB7bd8e62ce223759a6d7D3b6c7,USDC,7.277706,17.561015
0x9B528b65FE1d53fa8DE15AF0fe3B770146455305,USDC,39.500000,41.726917
0x9B641A0D1AC7b89Ca19BF9d69479180070658dDD,USDC,15.026300,0.000000
0x9B701C5F4531f6bcE95C54d52a9945E3EfBECaF1,SMAG7.SSI,30.000000,30.000000
0x9B9262dD1e61561C929C7D11A53b5e68E3a071Ba,USDC,37.899000,41.415007
0x9BD2D6f59Aea603D35BD4479d73e908fd304dc7F,USDC,1951.000000,1952.480000
0x9BE48bdd66C1e8aE0E873e46C15a866728972085,USDC,38.600000,0.000000
0x9BF624eD191D65B4D38be42ffa97CF18eD1Ed050,MAG7.SSI,9.853585,9.863488
0x9BF624eD191D65B4D38be42ffa97CF18eD1Ed050,USDC,41.084000,0.000000
0x9Bc73c8F890a302ebD99BEc3c57805f93324A6Af,USDC,15.004500,0.000000
0x9Be64834729F3E190608CA8329D68e4aDb9fd019,USDC,39.155100,0.000000
0x9Bfb5427718fE8a8ad308f740016990B6bBeFfCA,MAG7.SSI,75.340000,75.264600
0x9C0269901476573E9a6F27ed7b760703d15a6D72,SOSO,30.000000,0.000000
0x9C0269901476573E9a6F27ed7b760703d15a6D72,USDC,200.000000,0.000000
0x9C062f0222BF5764862D8cA73494B3C6A1Bf29cd,USDC,15.022100,0.000000
0x9C0b75864Def61Bc36217F1997CbCebCeB706980,USDC,47.000494,48.702111
0x9C13cC3B1CCaB3cb94f18002a3d41B6bA453e03F,ETH,0.015900,0.000000
0x9C13cC3B1CCaB3cb94f18002a3d41B6bA453e03F,USDC,615.949640,110.000000
0x9C1C3484EbC79A5543A3aD193573eb0250756E55,USDC,594.013541,486.589181
0x9C1a4dbc3A60Dd65610F4d2de55ebC07DdE1509d,USDC,16.000000,16.000000
0x9C2D3Ea77A99dd9E8d2aEb7F77e063002098AdAA,USDC,44.067200,0.000000
0x9C439cF742539D677c3137da43c6F4bdb471342d,SOSO,30.000000,0.000000
0x9C439cF742539D677c3137da43c6F4bdb471342d,USDC,0.000000,20.963018
0x9C4F5AB51757685133Ec69C4f4c3F8E505FF1A9D,USDC,164.000000,150.836188
0x9C5280c73C164f19041B439d7C9e37C3a9B01547,USDC,16.000000,15.011003
0x9C56CA270cf38e15Be1a6D48e1D777161Ff17C6E,MAG7.SSI,0.000000,15.074985
0x9C56CA270cf38e15Be1a6D48e1D777161Ff17C6E,USDC,7.800000,0.000000
0x9C5d559B4dE9e21f2E6753ce8A1646937f2c3D4F,SMAG7.SSI,100.621400,0.000000
0x9C5d559B4dE9e21f2E6753ce8A1646937f2c3D4F,USDC,408.969703,163.343422
0x9C63Aa3bE52cEE21f373C9F1AB29C71E7D053B2e,USDC,104.281750,43.138956
0x9C650FaA776075470DE027764D6503bE757834B5,SMAG7.SSI,7.372300,0.000000
0x9C650FaA776075470DE027764D6503bE757834B5,USDC,52.031641,13.993715
0x9C688C3b1fb3d4F041ca4d1C58cC861c33CbA81B,USDC,23.606390,0.000000
0x9C6930EA7532d90d868fEBF020ad3C1c44928b1c,SMAG7.SSI,28.300000,28.300000
0x9C6eA4920D5CAe1526D674A8a33cc0deeeE9490D,USDC,39.229066,0.000000
0x9C85B29CDa6f0920bDe4e1a41408CEaCB67c5D07,USDC,391.487893,380.890095
0x9C92d62B1918fe3aa08a628f9A6974Daa0a8509c,USDC,15.000000,0.000000
0x9CB0F67B388c075756B0E9141A4EED466610b8FE,USDC,398.800000,429.389133
0x9CB449E0a0dF8E440780966dceFeE6283D2349CC,MAG7.SSI,0.000000,75.178752
0x9CB449E0a0dF8E440780966dceFeE6283D2349CC,USDC,39.000000,0.000000
0x9CB48894D8C26963E8a3B985Ccbdf14b808b6f2F,USDC,11.201528,11.608903
0x9CB7d050075e219A82Ec2514B569Fdcb46276913,USDC,3295.459316,3855.873633
0x9CDDdeFaC6D43f50Cb8aa5DFc29076dD86C9d7C5,USDC,15.023600,0.000000
0x9CFdF57B5B6D1253c31112E9b89fe91e960c9902,USDC,684.247092,669.383244
0x9Cc7069231352B05f5C6aA800Ba44c5645fF71Bd,USDC,462.563477,344.780621
0x9Ccb785e2ad66a512b0168bDC94f89291EEF8cF0,USDC,17.630153,0.000000
0x9D0419310a24B6049E31DfD3b7e852D458617551,USDC,49.000000,49.421859
0x9D079825709C751F3D514f079f358fF1Ff3A5C09,USDT,15.000000,15.000000
0x9D0E629375FAAAd5cB082D84Cc6C81eb14adA4Ae,USDC,15.000000,15.045107
0x9D16F9D43DC48635eb50fc38BC6053BC2A648026,USDC,31.000000,0.000000
0x9D1A65a2a4C841050901312270F6B361AEB05dE1,USDC,291.866107,222.320794
0x9D22338F8C1737E04b7dD4B6DF0514D780530DE0,MAG7.SSI,75.000000,0.000000
0x9D22338F8C1737E04b7dD4B6DF0514D780530DE0,USDC,902.347614,877.498163
0x9D39586A0Da345F13e84e076A6896b97176d6513,USDC,15.000000,15.224632
0x9D45d92D4F4850fd91C70D97ee9c2A9B4b151d1A,ETH,0.194000,0.000000
0x9D45d92D4F4850fd91C70D97ee9c2A9B4b151d1A,USDC,1800.924722,0.000000
0x9D49b6fC29FCEAfda03F9b34c91502754a399a41,USDC,99.049396,98.404963
0x9D4DACEF410FF0E6405D51571f2b5bAFe8B6D2a8,USDC,39.000000,40.692520
0x9D5db9890C81cB3fFc8B556cf97775EB1Aabe334,USDC,0.000000,16.643581
0x9D73c10a5502259De70ddea228A66Ab28f830d27,USDC,50.286195,0.000000
0x9D73c10a5502259De70ddea228A66Ab28f830d27,USDT,25.084399,25.084399
0x9D74FfFcb93F2Ab721676CDBAb8462Fb041d9Cb6,USDC,889.280430,878.908113
0x9D7fC9B95468536872e063c7f4BCC18a9E591662,ETH,0.009700,0.009700
0x9D90109934CF7681C012b667c66c1F6B2B5670b2,USDC,41.000000,0.000000
0x9DC212fd66c1A0C5A560613741BBDF9c950A70D0,MAG7.SSI,31.985458,0.000000
0x9DC66F4E93B8761F5E23CA9301B40De61dE446c5,USDC,37.290000,40.711580
0x9DEd299C2221d7da2AB179eE429e4DEe8DDD45c0,USDC,72.047097,71.294991
0x9DaecA5992db4eFEA11Db69AaA6Bc8D535Fc5453,USDC,51.200000,51.554862
0x9Dd65494606df294861eE57220F31Be6d2f42396,USDC,1952.000000,1951.704000
0x9DdAb17827cf1dAbcf8124b9bEb54E13bf144Cd4,USDC,42.500000,0.000000
0x9De12d3739Ac9F517F5312Ec0c189988177103e0,SMAG7.SSI,39.960500,39.960500
0x9Df97c5f215C4099a4A0AED082A5539cA0EB8782,USDC,49.800000,0.000000
0x9E0cF798e71f1BF6830fA39E5b3D0AE7c92E01C5,MAG7.SSI,15.050000,0.000000
0x9E10460cC65466efBcB2044D78ef2Ecd9Eddf238,USDC,200.000000,191.649302
0x9E31D2e1603bFB0B884185456bc8E06568bc5490,USDC,214.000000,0.000000
0x9E3Ce9b10E551BeDe2A2bF7A03591BE47C5f18D3,USDC,12.400000,0.000000
0x9E42EECdc644ca85BE14222B5A11C49D18170f8a,ETH,0.003000,0.002895
0x9E444333bCe9b5784559835e8a8514aB85B546C1,USDC,322.315358,21.378731
0x9E7065BdfEFd1436e1a62157900Ee0Bc26b5e440,USDC,69.000000,17.024484
0x9E787286ee601f1Db45B536519B4474aB339489f,USDC,11.143229,11.143229
0x9E88b8d0479AFB8071bC23c13Af944d2D5d95B89,USDC,39.152100,0.000000
0x9EB766F9a944D432996290ade645eD61C712e80A,USDC,40.187919,43.006842
0x9EE3D81bF0Bb7Cf7fdfbdab998A4f70BEc042F85,ETH,0.028600,0.028600
0x9EF56E62f083d3a8c0852d820eBa1474eBb75E00,USDC,38.000000,41.436855
0x9Ee89Dee7B620FE8be0b0211260205D3E0A0f4ed,USDC,153.084784,153.069724
0x9F16b6cD4ab8f33F62C78771267831f789D9670d,USDC,15.000000,15.000000
0x9F314d806eEd2a7744865F24300582E5F26537dA,USDC,40.085393,38.355226
0x9F3944b71D069Eea918D65dF90C27f36B91924a8,BNB,0.000000,0.045000
0x9F3944b71D069Eea918D65dF90C27f36B91924a8,ETH,0.367201,0.115776
0x9F3944b71D069Eea918D65dF90C27f36B91924a8,SOL,0.055957,0.344054
0x9F3944b71D069Eea918D65dF90C27f36B91924a8,USDC,5.754052,413.781282
0x9F4199B7dbACFb113117b9fB7ba64224182468Df,USDC,25.000000,0.000000
0x9F56478Ee446Dcf198Af7E27fa70bA1330f83835,SMAG7.SSI,8192.451800,0.000000
0x9F59Bf7f6E86E00e1078507E6E3798beC54C33Ae,SMAG7.SSI,2443645.844000,0.000000
0x9F9f45bBc37C43054E2D74c4c603515C3A55A029,ETH,0.007000,0.000000
0x9FA731C5e7226C2257ecCd374bB2cF115bDB90E2,USDC,15.300000,15.607658
0x9Fa9419d0063f187E98348623E5e87A16f975bc7,USDC,15.406563,13.908871
0x9Fc5A22075740Ee025dC48ea69D30BB85A861778,USDC,104.200000,103.546739
0x9a09b7EAf9772a102974fCd3A782646b3177AC1C,USDC,28.349639,0.000000
0x9a09b7EAf9772a102974fCd3A782646b3177AC1C,USDT,85.700000,0.000000
0x9a09f5cAca82B67eDD330CDD8d50b218A82cfAC3,ETH,0.012100,0.015592
0x9a09f5cAca82B67eDD330CDD8d50b218A82cfAC3,USDC,6.000000,5.646101
0x9a21E9B2bc656843071ffe160935ff8024A973Bb,USDC,40.000000,42.226060
0x9a2Ca7A64737fb108e00158931Db463a86cF5396,USDC,41.000000,0.000000
0x9a37Bc2731720c5Af8d9d1102e7A250561bb8BA7,USDC,15.000000,14.881762
0x9a447B8Ff0DAe5cc54ffc5aBcCCb52458993E4a2,USDC,44.900200,0.000000
0x9a4a0c0CdAc89B1a7664ed4E972Ee19bb5C9b76c,SMAG7.SSI,545.553400,0.000000
0x9a88b17eBa9d5383BB6A265c8e0190F1fD4aDf52,USDC,7.960000,0.000000
0x9a958D98D4F32f6eF8766c84F345A64BD3D1aE39,USDC,499.000002,0.000000
0x9a9D2d2973a86b3Dc49AC221084BCdbAf71482eE,USDC,15.019400,0.000000
0x9aA93BCA3aD760b75bfCACFDfB3e9CdD6dc88CAF,USDC,572.583500,503.000000
0x9aCA67765290F4FFa157dCF451c28079e74e04A0,USDC,15.013100,0.000000
0x9abC3e5A7254300250569b5Bc7Bc2Ab66bDc1cC8,USDC,35.000000,33.910338
0x9ac796A91C93f50dD2EbBa21CcbaAb49B24Ad0c5,USDC,68.833937,72.420274
0x9acB43E04a69D395F3a0578ba7d97C8FB40dAC7C,USDC,97.900029,101.847766
0x9af490Daa9edd007BBca8c17541530B3d41B3d44,MAG7.SSI,15.054300,0.000000
0x9b195dB6C77CE6410a73beBBd16c12a8f895655d,ETH,0.010000,0.000000
0x9b195dB6C77CE6410a73beBBd16c12a8f895655d,SOSO,1339.066965,0.000000
0x9b195dB6C77CE6410a73beBBd16c12a8f895655d,USDC,98.441709,704.063132
0x9b2596e6D45463516Ec5b452473D56045D30Bf2D,MAG7.SSI,0.000000,76.682234
0x9b2596e6D45463516Ec5b452473D56045D30Bf2D,USDC,40.000000,0.000000
0x9b49Af6Ce6aDA99D595Be351897790eb84f05b6C,USDC,15.011800,0.000000
0x9b4Ff35e85401F7d554Ad665810000605cCC6bD1,SMAG7.SSI,2761605.726100,0.000000
0x9b6C0Bb331E4FfCa9b0cF60Fe3799096B9c01ace,USDC,16.000000,0.000000
0x9b6cD34c07AEd740080021fDe79B578E5AaBeAa1,USDC,19.000000,0.000000
0x9b9185d44AaD1A9CbF1c102d25ceA4AA5e81ef5d,USDC,25.050019,22.186838
0x9b9b7F09BADB8F3e6e8f5261CCB3b82DAa9BB1E5,MAG7.SSI,76.000000,75.920000
0x9bA0AE46C97609F0a8616F937459E5E3634D2582,USDC,16.000100,15.613771
0x9bC01f0e500De019DD62D376C0A942220fD78334,ETH,0.005000,0.004893
0x9bC3870064d86e48dc9Eb3A102c6479ed0e72A10,USDC,38.660789,29.406297
0x9bC8384013620A6b20E02251CAE6336BB731F715,USDC,999.000000,0.000000
0x9bCF90F4B7542A2F04CE7848E42FFe4B2e1e9147,USDC,38.000000,42.608372
0x9bE5D6b3af95b70E64151Bf26D6A2145d658f690,USDC,42.000000,43.632973
0x9bF55D241E3135fA07C28cAF437bf36D6FF1F2Fe,USDC,20.000000,20.000000
0x9bF7F5Ec9823DD909b35FA2407B80465c035E3D2,USDC,183.267729,20.010000
0x9baF9f6a4543e63108d1b62E549cBaEa6C9a649e,USDC,267.000000,265.300000
0x9bbEb47eCD672Fa5CCc7186f91A1845CF2af799d,HYPE,15.316283,0.000000
0x9bbEb47eCD672Fa5CCc7186f91A1845CF2af799d,MAG7.SSI,4623.238880,0.000000
0x9bbEb47eCD672Fa5CCc7186f91A1845CF2af799d,USDC,2070.518525,0.000000
0x9be4c84ebcB61583B83C6F88Acc2A6b389a34aBF,SMAG7.SSI,129.000000,0.000000
0x9c00C7e343c18A4583805d45C2A311aa1d7911a8,USDC,0.000000,9.210935
0x9c00C7e343c18A4583805d45C2A311aa1d7911a8,USDT,17.753000,0.000000
0x9c04Cfe1Cff31B8b8342aD14F9C4B193ea41268e,MAG7.SSI,75.860000,75.784100
0x9c12a38BFE678A0Cafb3A50Cc0949E27BC255662,USDC,44.064200,0.000000
0x9c18aE9f3879aBc9bac256Dd2A68ef792F3614B1,USDC,15.021800,0.000000
0x9c79cCcAd8055F6053060FA3A165c1f87B9423C3,MAG7.SSI,0.000000,102.251905
0x9c79cCcAd8055F6053060FA3A165c1f87B9423C3,USDC,51.000000,0.000000
0x9c9Ea8073B6a604E3513202B9dAA8610123C4387,ETH,0.004000,0.003894
0x9cBC517Fd2a6454FF0046A0bABb5861004894F61,MAG7.SSI,68.536205,66.782772
0x9ca7B95c907B6dA3f4c2042b581bc236D225639f,USDC,229.607288,219.157278
0x9ccE56bc29bf2bd1a6CEfCaC0237f803cDb8Fffa,USDC,16.000000,0.000000
0x9cd499deBE5833dD87EF1c0d2684f4717b319d16,SOSO,20.000000,0.000000
0x9cd499deBE5833dD87EF1c0d2684f4717b319d16,USDC,6402.203695,1228.000000
0x9cdc62258cF0e47E8655c7A2a50733E0a9727A6b,USDC,75.859026,74.850348
0x9ceFe09cB6533A99036118d1393623a6049fDb30,USDC,48.647232,0.000000
0x9cfE361a5Aa3b0fE67FDA06DA07c9248A4A405A0,SMAG7.SSI,1339.582800,0.000000
0x9cfE361a5Aa3b0fE67FDA06DA07c9248A4A405A0,USDC,678.100000,0.000000
0x9d060536C25D16491FF81E6196B7EB1d2aCc6d41,USDC,115.964906,107.412758
0x9d232d062FA6c1d4f8349907BD39Cb4DAe946C07,USDC,10.000000,8.827455
0x9d26C998dE5F51Db0163429C0819560a1dB38712,USDC,15.800000,0.000000
0x9d3044232008eF0a0965BDbfDeC2377D9cE8904c,ETH,0.063399,0.061824
0x9d613f3f44e6fCbBee5d2441c8daAA1DA291C2C1,MAG7.SSI,30.048686,0.000000
0x9d66214d9e3b126a165B2693CE777639Dd983444,MAG7.SSI,73.936096,0.000000
0x9d66214d9e3b126a165B2693CE777639Dd983444,USDC,55.770000,0.000000
0x9d6B9dCdB2D351082eb0eC05cB7B8fC90D1e5a3A,USDC,550.000000,0.000000
0x9d7c5CC2fE1C95cC5F87CA3d222308e36e4f4895,USDC,8.869686,8.681651
0x9dD2fe01EDdDaAa759c88b286d7eA1063908BbCA,USDC,49.995700,47.638160
0x9da2454c7caE8Edaf7E8d49032058558907715A5,MAG7.SSI,68.042942,68.042942
0x9dff7c2016e77282072a53B3f1461cE98349e133,USDC,15.000000,0.000000
0x9e04aEF8730a55D873af4CF17CC4AfAf6262C272,USDC,44.847202,6.115942
0x9e14b350EaA78A22d42cb25558dD311392359184,USDC,40.045014,0.000000
0x9e168D72AC2BBbD41112D1E52cec511991bb3185,USDC,15.561603,15.561603
0x9e1B5AEBe29B1abf73164fE25A8c906be310907E,MAG7.SSI,15.013300,0.000000
0x9e1C073BD6d12669C254a30d16730E3c1d82553f,USDC,38.900000,0.000000
0x9e2305Af1AB849d4c5b153B22FDD9E125bC0775e,MAG7.SSI,5.727319,0.000000
0x9e26aa89df2D2589aD3938a4617C8197256eE9Bb,USDC,16.000000,0.000000
0x9e32371877f0D4162926aB6Dfc8f8A9e277513A9,USDC,50.000000,38.250982
0x9e3CA58D157824e1CE3Faa5996A68a80A538CeC4,SOSO,60.000000,0.000000
0x9e3CA58D157824e1CE3Faa5996A68a80A538CeC4,USDC,4200.000000,1726.646569
0x9e3f3DD9318AB3f07B4f836c5C3c7e2460A52794,USDC,20.000000,20.000000
0x9e42bbB5905F97BE29E8409EFa24777EEc7cD0DD,SMAG7.SSI,21.476200,21.976215
0x9e42bbB5905F97BE29E8409EFa24777EEc7cD0DD,USDC,46.356960,50.305176
0x9e5a50E53de76f66F460cB4C542af8398B0bd3eE,USDC,15.001400,0.000000
0x9e6937520D82314d35aa99913C3b318CBF5Fa03D,USDC,49.700000,150.471125
0x9e7222214C36D898785444Eebd7B0B3DB01e53e5,USDC,39.574000,41.206770
0x9e9ed4A935471b51fE0B11F3E0640E3E2875f40A,USDC,1952.000000,1952.592000
0x9eBaA42A1E6830e70BaB8f441279727e9C7F053F,USDC,49.700000,64.857810
0x9eFEc7913A88E39dCEE8beF1801Dcdc5CDC92f0d,MAG7.SSI,30.048686,30.032086
0x9ec30f18B4Eee7A694e7B044D009bd7f24c21618,USDC,482.109900,413.000000
0x9ee1c2E8C645469Baca541C36E400041c8091E22,BNB,0.025000,0.025000
0x9f21BE71Bf859130940BC6E8c41deB83E823b150,USDC,15.005500,0.000000
0x9f2243B2806b3012c071e50490395af100C274A5,USDC,15.000000,0.000000
0x9f8487D2De04d90b73D30c163fF895bfAbB00d3A,USDC,68.100000,59.199952
0x9f892F0A338b1585ae0229E57d75465780Ba47f7,MAG7.SSI,253.764127,343.299089
0x9f892F0A338b1585ae0229E57d75465780Ba47f7,SMAG7.SSI,5.999800,0.000000
0x9f892F0A338b1585ae0229E57d75465780Ba47f7,USDC,40.000000,0.000000
0x9f97aF7319Ad3c40d3e6ED2176F32fEd7DadB7Fa,SMAG7.SSI,2338.452500,0.000000
0x9f9Bca47A0cC63b7Bb35ee43069507d8B0f91214,USDC,7.960000,0.000000
0x9fC1a3f94BD1eEAa471C1B16322966AdAD27B4c6,USDC,15.019000,0.000000
0x9fC715a944D147BdfB333585Fa2E4208E84Aa0E7,BNB,0.012000,0.000000
0x9fC715a944D147BdfB333585Fa2E4208E84Aa0E7,USDC,39.000000,44.337938
0x9fFcA279c3F009d653FB8D8B3070ffB44331A1b0,MAG7.SSI,135.415241,0.000000
0x9fFcA279c3F009d653FB8D8B3070ffB44331A1b0,USDC,0.000000,72.554326
0x9fFcDB151cC190D1A78494a5a711dd7dF3A0Cc84,USDC,15.027700,0.000000
0x9fFd1123D96417ABa6dd25ecE8179ca00443370c,MAG7.SSI,5.050000,0.000000
0x9fFd1123D96417ABa6dd25ecE8179ca00443370c,SMAG7.SSI,5.050000,0.000000
0x9fab87AE16C5c5d571bc1abAA4b9BE729356DceD,USDC,15.200000,0.000000
0xA000569835F665Ea7b932B35356D5d3335d23c8E,USDC,15.000000,15.045431
0xA00669B7F0F87fB9094CAbceF7471fbB1B41b59B,USDC,40.000000,43.207170
0xA00F914B7393B069A2c4D458647De1D1e4103a8E,USDC,40.061008,0.000000
0xA02205ad7BF8462bD4614A57483e99573c00e242,USDC,29.500000,0.000000
0xA023B8275E91BFc5FBAB3034c641966C74200c3D,SMAG7.SSI,210.937000,0.000000
0xA084F2661895E11CFaa13e486c1496d52ed4ad5a,MAG7.SSI,75.400000,0.000000
0xA0901C7b8177fb3645B64D618cfD94a688270f9C,USDC,497.732225,0.000000
0xA0924313350606E1a33cB5ec373478E4Fa9Af0bf,USDC,16.000000,0.000000
0xA0B16849BFedeD55ff50F79eAD0E00c373018969,USDC,40.000000,38.877000
0xA0C1F60a6c803aD2257fefc7ad9036cFF0E97441,USDC,15.009700,0.000000
0xA0C8907C414F35e855919DBA62685D4674E051f6,USDC,15.002200,0.000000
0xA0E78DD29F4AD61Ce12E4AD1ec21EE55d9c7e605,ETH,0.016600,0.000000
0xA0E78DD29F4AD61Ce12E4AD1ec21EE55d9c7e605,USDC,29.847986,0.000000
0xA0b659dC75109aE5C9D9ac79f168418f4d8b0A99,USDC,88.035281,0.000000
0xA0cB24835DD6146cf82507C0AA2738ed8231c81D,USDC,15.108629,0.000000
0xA0cF7B6EeE6A443a3d120CD276AbF26931B71370,USDC,37.950100,36.264333
0xA0e2225CC4efeB768ADC786421dec1B12396724c,USDC,15.000000,0.000000
0xA0fDeC8bFf17a95f75C9eFdf2E953296a23d2159,USDC,100.000000,87.616796
0xA10F57a346f1b7840f51842403d997F55fce5E7E,SMAG7.SSI,531.919400,0.000000
0xA133c497C23716Eabfb358d54166368adD54a622,USDC,15.300000,15.668396
0xA153Ce5eAFAC9E0953e30d13C0d4C020607054aa,USDC,39.000000,41.634012
0xA16316Ae6F55E32f4E08AbF48cAF91405cD18951,USDC,17.993019,9.589327
0xA16408d9eA82359C98D10e6f53ff3d2476E9f536,USDC,15.006600,0.000000
0xA1645590675D29906866ab0655450c8bd35f4B08,USDC,16.000000,0.000000
0xA16Fce2b978FD3D22c2675d7e027919f0e2cd124,MAG7.SSI,75.230000,75.154700
0xA175679E8343ef39E177496cE5dbF03c95c2eFd0,USDC,289.750100,290.058666
0xA18623c57bA458033dEaf0c115680e98758891FB,MAG7.SSI,75.576600,75.501000
0xA18E759B0a83B7ee4432Be7413B3127A9b6E8075,USDC,597.895030,532.986634
0xA19cb921469aeB43530D97A307d2BdEf1E491AdD,USDC,498.900039,0.000000
0xA1B42EA4Ae2Ae24e6dCD7d204E2F19d44d06b120,USDC,41.500000,0.000000
0xA1D61C543b05D2066e58b590Ce9CB0750a24AcA2,USDC,15.000100,0.000000
0xA1E40C6AC3Af7A59aa408830E93B4edF7c6e729E,USDC,15.300000,15.640870
0xA1Fa26d88951d04a212ad0596a23286EC10c1827,SMAG7.SSI,5.484200,0.000000
0xA1c205873A9F5E68E5Fa84665Cb73e3eB1F654CD,USDC,19.227743,0.000000
0xA200d422E33587456110D3DFA5d38D84359603CD,MAG7.SSI,76.000000,75.920000
0xA20a363993F36400b3e06Cc4989C56d3D3DfcF24,SMAG7.SSI,261.722200,0.000000
0xA20a363993F36400b3e06Cc4989C56d3D3DfcF24,SSOSO,226.625900,0.000000
0xA20a363993F36400b3e06Cc4989C56d3D3DfcF24,USDC,252.463361,91.000000
0xA21b8B083613d2ea8f442A6D8d31A4e26b959455,MAG7.SSI,0.000000,76.041158
0xA21b8B083613d2ea8f442A6D8d31A4e26b959455,USDC,45.424356,19.133823
0xA220e36cb9127096a7b6236cF12f935209a0e1aF,USDC,16.000000,0.000000
0xA22812A7E8EA383c950a535Ddea3FaCcBA08FA70,USDC,507.056200,415.984640
0xA238F78b2aF5Dbdfb0d8B016aED01402Ce7897a4,USDC,87.582704,87.582704
0xA23FAc494B0FB72f2ea44aD3fD1D88D079f5A65b,USDC,15.026800,0.000000
0xA23f5799046856f550b7dF94c9f6c84a790A891F,USDC,150.000000,123.203037
0xA247eD5BBB24B769fB1Ee2829B85802ed160cb2c,USDC,38.030000,38.877602
0xA2661115067443408739a40eB8d49Dc005C3555F,USDC,648.347045,604.578155
0xA2718d05936Ddd2df7639ef499EB6EC97B6B4a00,USDC,77.011469,76.002139
0xA277F22944Db12077d6606055a1711b3479256aa,USDC,41.670000,0.000000
0xA27961c96b0D3FD9E16D63732638Fc262bb79762,USDC,15.000700,0.000000
0xA27fb1011F2A5a6DB05CEB703435aA2ba1A37A61,MAG7.SSI,77.329800,0.000000
0xA27fb1011F2A5a6DB05CEB703435aA2ba1A37A61,SOSO,33.660000,0.000000
0xA27fb1011F2A5a6DB05CEB703435aA2ba1A37A61,USDC,0.000000,54.449008
0xA2B5A446B01De448703Cf7871731B0d136e9D4f7,USDC,599.975700,506.935647
0xA2C1B40e41bf4a4ACCAd9b67fb150B6890e332B9,USDC,39.000000,41.217452
0xA2DC8D0075038E818635493EFF0D06E209A36706,USDC,100.000000,99.067483
0xA2Ea4fFA58bBEBFCbb23BEA1eF07691872b2196c,USDC,38.000029,36.898678
0xA2EfFf0CFf6fbD7eD40784a8ca9149efEf24de88,SMAG7.SSI,17.590100,0.000000
0xA2EfFf0CFf6fbD7eD40784a8ca9149efEf24de88,USDC,10.000000,0.000000
0xA2aF7dAdbb89D6e6dD931b05Ce18B04BE6bc67Ae,USDT,10.000000,0.000000
0xA2b8D86099776b3093753963B457cA303d42BdB0,USDC,15.020000,0.000000
0xA2eaC498a8AA08BF99ae365bE3F39b2cF271eD17,USDC,38.020000,39.041471
0xA30Ab0A28b80Ea13eD3Bd6e0574b9ba80E257293,USDC,20.000000,20.000000
0xA31662443BF1A91D0d78f864fC83D6F751357344,USDC,39.758100,0.000000
0xA345Bfb3003F8D55B34cbdc795bA2A9bb42E54Da,USDC,39.151790,41.722060
0xA3534Be38Afe483693f2e3376d7070BDaDe80307,MAG7.SSI,75.559900,75.699400
0xA37E2265D59187749eB7226fA68f677ECa016AC6,USDC,15.007400,0.000000
0xA3C72B9db02Dbb7e14cfa4950553FE944a076Cd9,USDC,15.000000,15.215508
0xA3E05e574fAD33D5932E7EAC3872f924c88A3C1A,USDC,40.000000,38.857499
0xA3E9147C8c18657Ffd52559BfbDec979C342bdB1,USDC,49.800000,0.000000
0xA3E9A1620f9a7a5E3C2D78991dA96fbFA2a66AB3,USDC,20.000000,20.000000
0xA3b7B482289ed5b0A2E57470F9d6671C7631AfE8,USDC,15.000000,15.334822
0xA40C31b014139460C9104FE3fB04e405077964C5,ETH,0.000000,0.004993
0xA40C31b014139460C9104FE3fB04e405077964C5,USDC,103.083502,67.922235
0xA40C31b014139460C9104FE3fB04e405077964C5,USDT,19.950000,19.950000
0xA40ac7d479b2951EF2D44ae09F9F276689E9Cabb,ETH,0.063399,0.061824
0xA43B220349F59c0f1f5236aee5F34d9d8e7c7720,SMAG7.SSI,503.995000,0.000000
0xA43B220349F59c0f1f5236aee5F34d9d8e7c7720,USDC,0.000000,301.786660
0xA43Ef9477583E581b992C28F4742035372CFbf40,USDC,39.500000,38.613830
0xA443D6Ef88C5d3d585C2B372a156380748AFB4C2,USDC,76.505420,75.509470
0xA46C0380aF7f86798900479D236E3369951b1778,USDC,44.463200,0.000000
0xA46Ff2a778bcaf5Ee3b4148473166cfAb45261C9,SMAG7.SSI,90.715605,121.954140
0xA46Ff2a778bcaf5Ee3b4148473166cfAb45261C9,USDC,15.210384,0.000000
0xA470E3154d7d92b49D012E8a4Ce13B1F6e9945b8,USDC,38.550000,0.000000
0xA471f035e1D9dD5BceF6dc02aBe7E8a68E5a8522,USDC,184.341393,44.597362
0xA47c8aDdb2CE20D8f36063Ce1C807D2cA74d26Ea,USDC,1952.000000,1949.871265
0xA4871Dc3f0E5bf9855d9d69569044C854c6fdD07,USDC,15.008600,0.000000
0xA48B9789996Da52DA445ac40D7D49F2fE11FEFBE,USDC,16.000000,0.000000
0xA4D4B92Ed4c3726D21b40beCc8d9A848Be31358e,USDC,24.987914,0.000000
0xA4a4f2e26A88D139C30A5ec148de75769A2fb1D0,MAG7.SSI,75.000015,0.000000
0xA4a4f2e26A88D139C30A5ec148de75769A2fb1D0,USDC,922.179268,910.377674
0xA4c19109AaAa0c92e086F23C4d9d739eb120202E,MAG7.SSI,9.823200,0.000000
0xA4c19109AaAa0c92e086F23C4d9d739eb120202E,USDC,6851.423068,2421.447671
0xA53FB7D695ede39EBcF2F5c45BB60972d33b1609,MAG7.SSI,28.856758,28.805458
0xA53fCf8AEa70474D58bf069e11ff455DFbf29954,MAG7.SSI,75.340000,75.264600
0xA5514Ab3B543744dE337bd937702ee0cB372E33a,ETH,0.000000,0.000500
0xA5514Ab3B543744dE337bd937702ee0cB372E33a,USDC,1648.429873,458.898481
0xA55B5496632b90b778104F493f566e6197114b64,SMAG7.SSI,122.604800,0.000000
0xA562E2E8d95e606f72C6eDAA288ca84484335bA4,USDC,40.000000,34.996647
0xA56334D5B7ccb1DD8d376174795A6782cB0F3d6d,USDC,20.950235,20.950235
0xA56688BA2D8d3afECBe7a4dE24138467eE20eAd5,MAG7.SSI,0.000000,4.031900
0xA56688BA2D8d3afECBe7a4dE24138467eE20eAd5,SMAG7.SSI,5.200000,0.000000
0xA56688BA2D8d3afECBe7a4dE24138467eE20eAd5,USDC,0.000000,28.131972
0xA56e1a206D0FC764C7EfDd5d17D0E43b955D9072,USDC,26.499577,30.639776
0xA593102630bD18608EE1eEcA1A59219181410220,SMAG7.SSI,41.000000,41.000000
0xA5A1E431af020d603d93cFfE44a9b5d9626D5a70,USDC,15.976898,16.768665
0xA5CA753F141c2F63F3cD36A921720dce0D0A85F4,USDC,15.184257,0.000000
0xA5F394481623681c28E19E1A6e165A3aeec182C7,USDC,15.000000,0.000000
0xA5c27D61aC6f025703Bf35c813E1577253096d05,USDC,37.216000,40.812880
0xA5d5846d6a5367ad7f65BdbbdEb6314898AD9512,USDC,15.150000,0.000000
0xA5e44F47d71e9B3C9b10BE750017bDE10748270F,USDC,38.000000,40.430078
0xA5fC849345242D6565d20Fe6818139DDF4eb239E,SMAG7.SSI,2124.986800,0.000000
0xA5fC849345242D6565d20Fe6818139DDF4eb239E,USDC,57390.941498,62245.286398
0xA5fc51E84BE1f7C01E683Ff94Df387be4F31B9B9,USDC,159.900108,163.168844
0xA60A5909C1dD291802ab93bD5DBCB8E6F8ad5f70,USDC,39.650100,0.000000
0xA60f2CfA460fC94a8d0A1c81d7894A38388A72c7,USDC,45.523000,0.000000
0xA619dE9100FF075912DD78f46Df16E6FA907a5B8,USDC,939.097283,928.716534
0xA63e6bAe8282E01C94F5A5EEDd11Bb7bF78f78cc,USDC,16.000000,16.153302
0xA64a15A0f7668e00F3C0C162CB6bfeb1Ee215496,USDC,40.000000,38.946301
0xA652BF5B8138330644beAB01B1DB0e49CF0b720a,USDC,39.100000,0.000000
0xA6724975179DD20dbc8D930dcA030dA3f4d6d90F,MAG7.SSI,15.413000,0.000000
0xA6724975179DD20dbc8D930dcA030dA3f4d6d90F,USDC,0.000000,7.849950
0xA6777003eaBBdA2F1aAfd6d72e6DBCb7148c1587,USDC,39.000000,41.544638
0xA67FaF1186E70aF4261102C410A25F22861f4455,MAG7.SSI,76.960000,76.882800
0xA67d12BbB3FA40f0Adb308fEA2c13a9B39700A63,MAG7.SSI,15.181500,0.000000
0xA6830E239B7234475a4c9BaaE5f03eE753597593,MAG7.SSI,95.062980,79.066808
0xA6830E239B7234475a4c9BaaE5f03eE753597593,USDC,5.000000,16.131400
0xA68d82990Fb51AC5A38e29526f717B3f5bd2e755,MAG7.SSI,75.000000,0.000000
0xA68d82990Fb51AC5A38e29526f717B3f5bd2e755,USDC,900.919367,892.647614
0xA6AECce65D708F1ecb59D3C2C72962ec4b2cA3d9,SMAG7.SSI,41.460500,41.460500
0xA6EEC9c79C78eA7b643c55Ed41943aE9aB9bF50B,USDC,16.000000,12.027775
0xA6bb4e23C5E78C2c57300332DEFfC115D1d9969f,SMAG7.SSI,999.945300,0.000000
0xA6bb4e23C5E78C2c57300332DEFfC115D1d9969f,USDC,1468.000000,0.000000
0xA6e5Fc32cC479e73da70B0E286247d4E757ec4e4,ETH,0.004400,0.000000
0xA6e5Fc32cC479e73da70B0E286247d4E757ec4e4,USDC,51.232371,0.000000
0xA734b38d49Bb491ff2611a1b61340E18B9eDe287,USDC,16.020412,0.000000
0xA73D12034F8d4aC890d3a446b482dd0Fb56f7717,MAG7.SSI,355.890565,0.000000
0xA73D12034F8d4aC890d3a446b482dd0Fb56f7717,USDC,250.940879,0.000000
0xA74022d77AC341D296817565CE51412EC037BD52,USDC,63.500000,35.067424
0xA76617f09C0DB40D2983AFAeDC992c202Bfe3a9B,SMAG7.SSI,97.960500,97.960500
0xA772bb4e1bb559E51Bf1ec6b23148E3ca6e3DcA3,USDC,200.000000,190.452544
0xA7751bc6BeeF13180032f4e8C01f2819219a693D,USDC,99.500000,29.002100
0xA7752f97f9838B926F4e922052afb871555a1cA6,MAG7.SSI,100.725600,0.000000
0xA78dD6604B8dBdC0701c3a6b39a7f6936b9D6828,USDC,15.000000,0.000000
0xA79B378A079C8559444d7166931f9E7dF6F7A335,USDC,1079.636786,1064.744474
0xA7EC109Ce655fC2c2653a9b4a14C4E0834977496,USDC,39.000000,37.912707
0xA7F5FbE95cf7FE860Ffe7085F1Ae89d0Fe015bC9,SUI,0.000000,6.495450
0xA7F5FbE95cf7FE860Ffe7085F1Ae89d0Fe015bC9,USDC,85.208347,39.925469
0xA7bF81c56646E18821733706879E631E6D8d454e,USDC,200.000000,0.000000
0xA7c3867DAb5971da5684ac91bA2DBc1270dfE0AB,USDC,41.100000,41.702583
0xA7cCF18345322F8b29467430C7838a5B2bB1a9D4,USDC,365.901100,373.330336
0xA7ce2544388E654349b80aeA47D311E83e12C733,MAG7.SSI,50.000000,0.000000
0xA7ce2544388E654349b80aeA47D311E83e12C733,USDC,49.950000,10.000000
0xA7e0CEE4d16789C508415Da8Ef88b6B2cCd18969,USDC,472.653100,406.000000
0xA828E87c020c7630B1cd61bd6dfe424AE4a86567,USDC,5.567617,5.130808
0xA828E87c020c7630B1cd61bd6dfe424AE4a86567,USDT,15.166200,0.000000
0xA84BB5A31eA9bd24967e8fC0Ec8C01EF4594135F,USDC,16.500000,0.000000
0xA84De3e49207ab60266Cae2599468D9C2E159621,SOL,0.605527,0.800000
0xA84De3e49207ab60266Cae2599468D9C2E159621,USDC,129.470581,73.460910
0xA856653D4724C0eC821DFC5804D39fD310769B3C,USDC,105.000000,0.000000
0xA860E2C91ab5aAF9951C4c4F2FC28f95541Ad71d,MAG7.SSI,15.228200,20.179776
0xA86dF4eE4698b7FaD473E870B9D759B2b02E5d45,SMAG7.SSI,345.471700,0.000000
0xA8731f6037aAc61B7fD79a52c9107202636286a6,USDC,102.605989,102.124656
0xA886135Fb4Ed36BC0dAB295C0fde3dFCf516adc3,USDC,112.157335,0.000000
0xA886135Fb4Ed36BC0dAB295C0fde3dFCf516adc3,USDT,7.848476,0.000000
0xA8869C8D61f0d5027185B966eBC64a87DeA2ef3F,ETH,0.017400,0.000000
0xA8869C8D61f0d5027185B966eBC64a87DeA2ef3F,MAG7.SSI,0.000000,75.796152
0xA89f5aa9F1e999674Ad3542320DdD1E665A61ed6,USDC,20.000000,20.000000
0xA8A3011863F202CAB72B50017A46cEeC8F49cA21,USDC,16.000000,0.000000
0xA8AC08b326E5C3C7C4A1dE00b762ac5da86e3Db0,USDC,37.285000,40.762772
0xA8C34697bFE8855ff55B2718BF4a8A4605323587,USDC,15.190000,0.000000
0xA8E2eD5C8549109462Dd6Ad495b696b7a1372c7C,ETH,0.004500,0.000000
0xA8E2eD5C8549109462Dd6Ad495b696b7a1372c7C,USDC,56.000000,83.796922
0xA8E2eD5C8549109462Dd6Ad495b696b7a1372c7C,USDT,34.580508,0.000000
0xA8befa8c09Ed06F9C59F32AB59d0039b613CA426,USDC,20.193300,15.476688
0xA8c7D1126a6c9661ABbc69617898B10897650D13,USDC,15.017300,0.000000
0xA8d34753D39ba6F31e3BEAA444447C9605842Dbf,USDC,229.000000,226.601219
0xA90665260b1DD16793e9aDb14e7e77d5573fB7e7,USDC,16.000000,0.000000
0xA91A87Ee29e7E7a23f59caD25797C73cC53C3761,USDC,37.000000,38.956808
0xA92149642D6e3C2189163117BA422eFeC788C914,USDC,15.024800,0.000000
0xA94E8CeA4B7cc70996A4f67F30B4Ea8591F207A3,MAG7.SSI,15.232400,20.266818
0xA9668D93468D821B31524A6F2a705c227C3B86b2,USDC,15.025700,0.000000
0xA96F93730E47c1dE54C7E93D94593986342d8D4E,USDC,49.800000,0.000000
0xA970FCAf91CF178D357C6Ea417A0085FDA7056b7,USDC,154.235461,0.000000
0xA97750d572228FCe9E613C7b31E3113f522F65e6,USDC,39.866226,0.000000
0xA98073664B7e14aebBEE7411840cd581ecfdEf72,USDC,1988.000000,1987.146888
0xA9840B0BCcf0F6c494CE7dD4693fE6f0b7f302A2,USDC,104.200000,104.184678
0xA984176a07aaB4af1f57b34E84F9487f823bbdF7,USDC,40.189824,45.196778
0xA98Fa4673621Bf54DB19C7a25231EaC63Be215F7,ETH,0.063399,0.062722
0xA9A2DEf52fCAd21C8f2e20F2b92C8b2245DF3716,USDC,16.000000,0.000000
0xA9D41384a262d0a507840f9d44eaCE9df041f275,USDC,39.060000,39.262059
0xA9ce59B67F9D961C3105DB8eD749c3358A18636A,USDC,94.706755,94.118171
0xA9dd7F54D4641fe8eF96E04ca3c59BfA2E010695,USDC,44.836544,0.000000
0xA9e200B03a7837dd726e49E5d33e4B77289dD2A5,SMAG7.SSI,5538.000000,0.000000
0xA9f19BaA5675191d8Ca6deCb87E198F46789464e,USDC,103.600000,103.549310
0xAA0cC5eE82D2c0212845a97F2a44Aa17A1fAd00F,MAG7.SSI,16.000000,0.000000
0xAA0cC5eE82D2c0212845a97F2a44Aa17A1fAd00F,SMAG7.SSI,0.000000,15.943656
0xAA0ce93d409549A5121b5FC64fbcf3b4B373d283,SOSO,39.685796,0.000000
0xAA2F17EDCa3CaBC002F9F4BCc392bc9009a420fc,USDC,39.000000,40.993706
0xAA3001786735BaA5111ED457ed30A36053208Ada,USDC,15.800000,15.800000
0xAA9482005A61454856596C2F097528D2b5149752,USDC,5.100000,5.100000
0xAA970D7272D5BdAbDfEC0A75a5Bb9f5155C6eb31,USDC,15.000000,0.000000
0xAA9f80b20267e50b4B3C11d7FcFFdc9135521Ce2,AAVE,0.150718,0.162751
0xAA9f80b20267e50b4B3C11d7FcFFdc9135521Ce2,AMZNX,0.028884,0.028883
0xAA9f80b20267e50b4B3C11d7FcFFdc9135521Ce2,ARB,82.459733,102.456491
0xAA9f80b20267e50b4B3C11d7FcFFdc9135521Ce2,AVAXC,1.650624,1.890543
0xAA9f80b20267e50b4B3C11d7FcFFdc9135521Ce2,ETH,0.031971,0.041733
0xAA9f80b20267e50b4B3C11d7FcFFdc9135521Ce2,GOOGLX,0.018875,0.018875
0xAA9f80b20267e50b4B3C11d7FcFFdc9135521Ce2,HYPE,0.599100,0.599100
0xAA9f80b20267e50b4B3C11d7FcFFdc9135521Ce2,LINK,0.685143,0.685143
0xAA9f80b20267e50b4B3C11d7FcFFdc9135521Ce2,LTC,0.058940,0.000000
0xAA9f80b20267e50b4B3C11d7FcFFdc9135521Ce2,MAG7.SSI,399.900891,235.733600
0xAA9f80b20267e50b4B3C11d7FcFFdc9135521Ce2,METAX,0.009209,0.009208
0xAA9f80b20267e50b4B3C11d7FcFFdc9135521Ce2,PEPE,1934846.931450,2614846.931450
0xAA9f80b20267e50b4B3C11d7FcFFdc9135521Ce2,SHIB,587471.913134,587471.913133
0xAA9f80b20267e50b4B3C11d7FcFFdc9135521Ce2,SMAG7.SSI,382.032332,462.305488
0xAA9f80b20267e50b4B3C11d7FcFFdc9135521Ce2,SOL,0.030000,1.019940
0xAA9f80b20267e50b4B3C11d7FcFFdc9135521Ce2,SOSO,169.368909,0.000000
0xAA9f80b20267e50b4B3C11d7FcFFdc9135521Ce2,SSOSO,1.000000,0.000000
0xAA9f80b20267e50b4B3C11d7FcFFdc9135521Ce2,SUI,14.877585,17.080859
0xAA9f80b20267e50b4B3C11d7FcFFdc9135521Ce2,TON,14.862575,11.492121
0xAA9f80b20267e50b4B3C11d7FcFFdc9135521Ce2,USDC,538.288317,1012.652491
0xAA9f80b20267e50b4B3C11d7FcFFdc9135521Ce2,USDT,153.873437,73.004313
0xAA9f80b20267e50b4B3C11d7FcFFdc9135521Ce2,XAUT,0.007748,0.007748
0xAA9f80b20267e50b4B3C11d7FcFFdc9135521Ce2,XLM,203.490500,257.424000
0xAA9f80b20267e50b4B3C11d7FcFFdc9135521Ce2,XRP,8.000000,4.000000
0xAABcF919E5E8969B27001176C9a0A729f0fc3Add,USDC,40.422611,0.000000
0xAAD741b3b2Bff6aB86142DEd259dd0eF3859c5a7,USDC,16.864422,0.000000
0xAAfa6d2268Ce862b8f7a3023F5b3C163C21357cb,SMAG7.SSI,4833.310000,0.000000
0xAAfa6d2268Ce862b8f7a3023F5b3C163C21357cb,USDC,183.921279,0.000000
0xAAff061176c177e2e3B146c4319902Fb9a7a5e67,USDC,38.000000,40.380180
0xABA6497e78558A9258Cd77D3054DE9Ae4ADA0282,BNB,0.097908,0.000000
0xABA6497e78558A9258Cd77D3054DE9Ae4ADA0282,ETH,0.017399,0.013395
0xABA6497e78558A9258Cd77D3054DE9Ae4ADA0282,SOL,0.302500,0.587245
0xABA6497e78558A9258Cd77D3054DE9Ae4ADA0282,SUI,50.000000,0.000000
0xABA6497e78558A9258Cd77D3054DE9Ae4ADA0282,USDC,15.000000,40.749832
0xAC18D77b191fA0Bc2A1C2747490410ffA82e48d2,USDC,15.021900,0.000000
0xAC1D34d87fC1e5666007d9dBD453a33698F694d8,USDC,15.000000,15.072214
0xAC4025F61957c102FA4339C1ae9c2EFc49844c0b,USDC,46.000000,48.079593
0xACe653dC6aD948Edc7A9f8E976321AF0e1B58a87,MAG7.SSI,29.528849,29.511749
0xACe65801A55fa6351da6Ba1eCCA3e16d1F41aD38,USDC,38.000000,40.429516
0xAD62F720110b4aa7fB9CaD862ec27d71Aeb1810C,USDC,8.800007,25.427410
0xAD62F720110b4aa7fB9CaD862ec27d71Aeb1810C,USDT,14.313700,0.000000
0xADA975aEb22a4220dbC2fb6a98f658B058718712,USDC,40.000000,42.710564
0xADB7EE3171cAE4752b3004E86f21d848017EAC48,USDC,18.459194,18.459194
0xADE68eba9C6a2b53DF056280e574f89539b83D6F,USDC,1069.028958,1056.895709
0xADF0c50D2C0A5608c7FDC50C5470071F39b89B5e,USDC,38.000000,40.412668
0xADb38B275E767Eea7376e3Dbb2ac248e8fCF66a9,USDC,51.010100,48.689846
0xAE15c9dAE1526E2A8Ae1A82427dCd82E497f05eA,SOSO,42.620970,0.000000
0xAE15c9dAE1526E2A8Ae1A82427dCd82E497f05eA,USDC,0.000000,11.000000
0xAE400cc246C6A8f77FE7a7B8FA74328EC1A96E7c,USDC,406.305051,0.000000
0xAE78564Ad7bc872a56223E5DD2C6Fc1Be3998224,MAG7.SSI,15.023500,0.000000
0xAE793FC96836b47a7e15cb8066d3e1B3c7166aD9,USDC,15.044742,6.338397
0xAEAdCAB2691dcC83069DE36a98bA96139842a56D,SOSO,2924.312800,0.000000
0xAEAdCAB2691dcC83069DE36a98bA96139842a56D,USDC,0.000000,1633.827240
0xAEC2D6aB1aC9357C1f54416467C592a046CA8671,MAG7.SSI,0.000000,77.570095
0xAEC2D6aB1aC9357C1f54416467C592a046CA8671,USDC,40.002000,0.000000
0xAED410e94F2348BfD570Dc7059314200620857EE,USDC,15.000000,0.000000
0xAEEE610a77969EF0c9401C244E31b038CeAe4576,ETH,0.099240,0.122621
0xAEEE610a77969EF0c9401C244E31b038CeAe4576,USDC,603.756000,0.000000
0xAEEc8893388B023956441C4e06D637904aaf182C,SMAG7.SSI,870.780000,0.000000
0xAEEc8893388B023956441C4e06D637904aaf182C,SOSO,73.000000,0.000000
0xAEEc8893388B023956441C4e06D637904aaf182C,SSOSO,400.000000,0.000000
0xAEF44F7Cbb54326f8cea0bF27EfD02d2515f8C43,USDC,57.608348,31.819660
0xAEF44F7Cbb54326f8cea0bF27EfD02d2515f8C43,USDT,5.342862,0.000000
0xAEcc5Bcd3D7a27D38Aa78886ED43Df8EE59556ac,ETH,0.006600,0.000000
0xAEcc5Bcd3D7a27D38Aa78886ED43Df8EE59556ac,USDC,0.000000,15.205849
0xAEcc5Bcd3D7a27D38Aa78886ED43Df8EE59556ac,USDT,15.303111,0.000000
0xAEcce500913F7f8047f912E1884296D88e019474,MAG7.SSI,75.892100,0.000000
0xAF0A19d0FE83c4fBBC824f41230B0c6d97ef72cE,USDC,16.750000,0.000000
0xAF2874330D48129f891637FD84f1010B0a37911C,BNB,0.098000,0.000000
0xAF2874330D48129f891637FD84f1010B0a37911C,USDC,469.807841,198.553825
0xAF2874330D48129f891637FD84f1010B0a37911C,USDT,6.721033,0.000000
0xAF3A12474Bb57E351Dc539FC37c3Eb7387DcbAa9,USDC,15.464924,15.464924
0xAF5df7fA68808Ea70eA2A026ae5844F1FAE4c035,USDC,16.000000,0.000000
0xAF9511D6624429AcDe345dd4a630880E20951587,MAG7.SSI,15.000000,14.983300
0xAFABa879575d93f3DdB187321cfE8615D47F9bA1,USDC,1210.000000,1090.723808
0xAFC8c9806Eba3ce366FF481b774660A41492f4e4,USDC,15.025300,0.000000
0xAFE5Ca7180f2ef1FBa642Ba9722a6f9dbD6a4117,USDC,15.013500,0.000000
0xAa09a43f3affB17B4F2003b900D0fd6F6DC96138,MAG7.SSI,43.891228,43.891228
0xAa14307aAb8F8f6368E7Bc2076739977558Cf100,USDC,21.651105,20.067208
0xAa37c93fc75295eD0dfa82445058fDea5035a46C,USDC,15.000000,0.000000
0xAa38368C3C5D537d349e0533a5061317CE3f5708,MAG7.SSI,92.368550,92.276150
0xAa4A219Bc3C63b4fC6C2125d6e556D3156A395A5,USDC,180.000000,0.000000
0xAa526D6cF30dd94417DB14db370Eb6350Ff869b0,MAG7.SSI,15.057300,19.439557
0xAa5dc04a1B304382fEa085a752e806Df5047A1C7,MAG7.SSI,15.000000,0.000000
0xAa68EcEe14E29fc610723b1378D7c1f03C1ABAF5,BNB,0.025000,0.025000
0xAa72A2A096768F03ca6Ce4a5194F60E6FD9b8dD3,USDC,15.000000,0.000000
0xAaAA24cFc15B924f1b2bf8caEA15F2a897C833BB,USDC,525.149883,385.407729
0xAaCd1Ac02ee185835136030fbe9Cd5E917913d43,SSOSO,11.267800,0.000000
0xAaE4D2dcFeBBD808E41e8419348904b2aa67350f,ETH,0.003000,0.002895
0xAac254aBaF558680F3CE368C79a3cE7BDd0635f9,USDC,100.000000,96.137754
0xAadd045f9CDCAF89C2bE5e0381412706B3601215,USDC,20.000000,0.000000
0xAae454AFe9DC948Ea53A316c3ed326f744141976,USDC,15.012600,0.000000
0xAb26FcC31e51D518c1236354946cfDc2Ec3c2A71,BNB,0.026000,0.000000
0xAb26FcC31e51D518c1236354946cfDc2Ec3c2A71,USDC,0.000000,6.341507
0xAb447bd1e493fFa7a771aBA1d7739C9DDfb4AD2F,SMAG7.SSI,30.000000,30.000000
0xAb5Ea79739bE61C1d7D9B00824ed86873ee6f621,USDC,15.000000,0.000000
0xAb7289c031454C9696244aC9b64e68BbEbA229e8,USDC,15.015500,0.000000
0xAbCD45B21Ce4EF424cB288Ae51e537258EFeAE18,USDC,15.010200,0.000000
0xAba711bB8F0f5E3500fCf8049DE9F5f04c7F8dB7,ETH,0.006000,0.000000
0xAba711bB8F0f5E3500fCf8049DE9F5f04c7F8dB7,SOSO,435.875700,0.000000
0xAba711bB8F0f5E3500fCf8049DE9F5f04c7F8dB7,USDC,0.000000,43.383552
0xAbbcA1aC1e5A824943B327e70b857c35544A79e7,USDC,30.000000,22.844679
0xAbd263D64781A01fe3D9b17F12FC95f6FcCB2943,MAG7.SSI,205.320560,0.000000
0xAbd263D64781A01fe3D9b17F12FC95f6FcCB2943,SMAG7.SSI,2084.238400,0.000000
0xAbd263D64781A01fe3D9b17F12FC95f6FcCB2943,USDC,250.000000,0.000000
0xAc36807D79be59dF0A1538ce4586283968170236,ETH,0.004000,0.000000
0xAc36807D79be59dF0A1538ce4586283968170236,USDC,834.625632,0.000000
0xAc3840760e9FcFce550590b2647792785Cc19746,USDC,37.950100,36.239642
0xAc3Ac472fB0f45bcdA45eAd1deDD1297821e453b,USDC,229.000000,226.312062
0xAc4006C313e51114e13c6A07a98bdab871474885,USDC,41.000000,43.110869
0xAc6A65935fc7cb473224C9c40005e5420F38890c,USDC,15.229939,14.621105
0xAc73B993D7C7F973F1f437Bec861854bE9611148,USDC,15.026300,0.000000
0xAc8fa89D593B762F4E0c53A42331fd79D62A08F4,MAG7.SSI,0.000000,301.141488
0xAc8fa89D593B762F4E0c53A42331fd79D62A08F4,USDC,147.238853,0.000000
0xAc90f2695F3655d46a57B5c15b12B17276cCA6Bc,USDC,15.016500,0.000000
0xAc98CAc87d532D626284d0fd1afe9BeeDC155d86,ETH,0.031769,0.030661
0xAcB8250F2CD333587Ab3C4Eea0DCA27EB37934E5,ETH,0.062395,0.061721
0xAcF29029021a4bf6dAB7AA124bd21198dCB6fb51,USDC,1109.738166,1083.004782
0xAcbF847aE725e61d18E1BC074f59615eFdf9bEE4,USDC,5.971713,0.000000
0xAd096Ce4e388116D8b4dAD0DA2461103e4cc651C,BNB,0.050617,0.000000
0xAd096Ce4e388116D8b4dAD0DA2461103e4cc651C,MAG7.SSI,15.110000,115.736586
0xAd096Ce4e388116D8b4dAD0DA2461103e4cc651C,SMAG7.SSI,115.806700,0.000000
0xAd096Ce4e388116D8b4dAD0DA2461103e4cc651C,SOSO,2.700000,0.000000
0xAd096Ce4e388116D8b4dAD0DA2461103e4cc651C,USDC,398.043189,448.251702
0xAd218FDCE4BdB23267b1c1df59a099DEabe5d62b,MAG7.SSI,141.041438,0.000000
0xAd218FDCE4BdB23267b1c1df59a099DEabe5d62b,USDC,37.000518,88.914354
0xAd2c1eff16b74b6f8eAD172A2Fe51E9a416C6e49,ETH,0.155000,0.004897
0xAd2c1eff16b74b6f8eAD172A2Fe51E9a416C6e49,USDC,101.051893,246.636025
0xAd7634BE12e4bc80181945d189CA4175921c7430,ETH,0.003000,0.002895
0xAd80D78937e811976E284A6898eDf75d223D9275,USDC,23.626306,20.042581
0xAdDc654488b4394B3e199C05B458Cde6f74f6760,USDC,37.000000,40.653975
0xAe434F8eC009Bd6E9895C7F714Cb6EC7Ac15d081,MAG7.SSI,31.912763,31.912763
0xAe4489A0021a39B5514e39ab8984855026f6bDf4,USDC,37.672391,36.499090
0xAe51cF01C0B9520df18464A2941dBA750D776E96,USDC,50.000000,52.768275
0xAe68d7cb44BeAdE7a2B2aBe15FabF53A01defF50,BNB,0.076923,0.000922
0xAe68d7cb44BeAdE7a2B2aBe15FabF53A01defF50,ETH,0.000000,0.044184
0xAe68d7cb44BeAdE7a2B2aBe15FabF53A01defF50,SOL,0.275000,0.000000
0xAe68d7cb44BeAdE7a2B2aBe15FabF53A01defF50,USDC,132.467632,129.739476
0xAeAbFFffDCC500353731803b164c0c0EbaE688AE,USDC,39.000000,0.000000
0xAeFE45C4FF4F4Fd825921a31143Bc03B3C1A7Ada,USDC,15.000000,0.000000
0xAea8E3761191Ee3F2CF425c27C8d0adF28C7DD91,USDC,38.000000,40.376810
0xAed7f4825df2BBB151c20c109387C5E2aEA6aF4B,USDC,15.016200,0.000000
0xAf0Cc727c23d95B6C1109a5F6e301D4290C2B680,MAG7.SSI,29.968538,29.960038
0xAf2FE7E49C38EF8D6F12F4E8b1e2941947Ca2F77,MAG7.SSI,301.661400,0.000000
0xAf2FE7E49C38EF8D6F12F4E8b1e2941947Ca2F77,USDC,40.000000,0.000000
0xAf3cea44C410277Ea1CA3D8A392AFfaD19A94140,USDC,39.800180,41.149277
0xAf588A12E020AF29141648b424C9aA8607571F86,MAG7.SSI,0.000000,29.610700
0xAf588A12E020AF29141648b424C9aA8607571F86,USDC,15.999680,0.000000
0xAf5aAb631b558721C97125bB5eC201648029708b,USDC,49.556885,39.660789
0xAf64C4257F4E688BA0D40d804da34F3240E4B6Fd,USDC,96.800000,84.610328
0xAf691D198a8544E3902F5AadD1FdFc5200fac225,BTC,0.000050,0.000000
0xAf98d9868186fd9a9Fca20eD82cf2FB7754be1c4,USDC,300.000000,295.302424
0xAfAd92a267e871a90A3bB0BB0E46dCbA65f34357,SMAG7.SSI,2897.577600,0.000000
0xAfAd92a267e871a90A3bB0BB0E46dCbA65f34357,USDC,2470.304088,1692.664064
0xAfD0B0F6811ec3Ac35955685BCA41a24c58A99E7,MAG7.SSI,95.728000,0.000000
0xAfD0B0F6811ec3Ac35955685BCA41a24c58A99E7,SMAG7.SSI,41.527900,0.000000
0xAfD3B87c733c1dfDbF61855aBA2123399818eDF6,USDC,15.011100,0.000000
0xAff64915AdcCe96feB6F66A9f17777e2189Cd09f,USDC,30.000000,22.075360
0xAff6f7da63AAE511E09D5c45372Fe7C8618fC6E0,USDC,10.000000,0.000000
0xB01153898181Cc38412cB0521D3F6B444b60E5F9,USDC,19.950100,11.763742
0xB01646D5b030dCF4EeE384c69C2de11eF545F0ab,MAG7.SSI,15.053200,19.435364
0xB027d5e2CB4044A244AD7Bb9E859e77F92aeB148,USDC,23.392300,15.806154
0xB02Ee143a465c8B943b23EA8cF87199bE363dCb4,USDC,7.960000,0.000000
0xB0353Ca82f64393446Ac64b0285D93E1C2eDf287,USDC,15.007400,0.000000
0xB039A587c919d9F561cbb45eF74AA0fb7E565293,ETH,0.008000,0.000000
0xB03b6C08851F70b93C8530F999E5B8F3C584063B,DOGE,362.688200,0.000000
0xB03b6C08851F70b93C8530F999E5B8F3C584063B,MAG7.SSI,283.032989,0.000000
0xB03b6C08851F70b93C8530F999E5B8F3C584063B,SMAG7.SSI,385.664000,0.000000
0xB03b6C08851F70b93C8530F999E5B8F3C584063B,USDC,64.014746,0.000000
0xB0524676C40D0F81563A1830a5858Ac2F61f49ec,USDC,15.000000,0.000000
0xB0708A18883086950238898aD30671285feB1300,USDC,15.008600,0.000000
0xB0886aA9f1F2765495BB1d08C2f731DF14aDb6A0,USDC,15.000000,0.000000
0xB091a838daed896136400DD0fAF5563360294db0,MAG7.SSI,15.001900,0.000000
0xB099289eb2D9E26afe0b3372B29006bd6f8dC64C,USDC,61.372952,55.156854
0xB09dd33113F059761DA1f1c87200B272b420e234,USDC,867.680484,857.268470
0xB09eB64db610580f1EBDBA4553ae849909899824,ETH,0.002600,0.002600
0xB09eB64db610580f1EBDBA4553ae849909899824,MAG7.SSI,16.390300,0.000000
0xB09eB64db610580f1EBDBA4553ae849909899824,USDC,19.946703,25.348869
0xB0C54dbf3a773DFfC877C5B52F7821A1f844488B,USDC,928.194816,0.000000
0xB0D4a783145708088B97979b0d300E03cE4468B9,USDC,10.000000,0.000000
0xB0b55b3262f80c84Cf9fef88ca4561f5201746e9,USDC,15.193613,0.000000
0xB0c9F82a55acd0b55fD86B6c04391141016527FF,USDC,15.004200,0.000000
0xB0d1c880427F4CB38dd9663Df6bc433995bd755d,SMAG7.SSI,30.000000,30.000000
0xB0d81307F42F469dCfeec65431FbAEd629374E38,MAG7.SSI,302.390700,0.000000
0xB0d81307F42F469dCfeec65431FbAEd629374E38,USDC,0.000000,152.089675
0xB0de5e18568403edBBc9E8D17CcF12238dF0cf81,USDC,300.000000,0.000000
0xB10b3f6c2b33D88E90714e793307F42D2774c01a,USDC,15.200000,0.000000
0xB10ed4c5c26e76D90C463115BF33aA48C361390e,MAG7.SSI,0.000000,15.104965
0xB10ed4c5c26e76D90C463115BF33aA48C361390e,USDC,58.915783,51.165783
0xB12382c4Dc1Ef87A71A7AFc977cB7e3593df1F8c,USDC,20.000000,11.390750
0xB1328747966143e588a1506A90DA2F52eE4104CF,USDC,20.200000,19.886751
0xB132aBB902A46C020a583FC6BD02B88d4711c8D6,USDC,15.015800,0.000000
0xB13992969b4e3354634E2d8236627E5cA8ed1532,USDC,568.526237,580.951057
0xB1425A281097689DfEd03b2EB827AD4E304fA69F,USDC,15.028300,0.000000
0xB14D45aE10e14C20B3f2ee46F0a7640a9213C850,USDC,98.700000,666.453445
0xB157F25b1533bf7b77F9275ca9a6B7BD1b2B3fBf,USDC,1000.000000,923.080339
0xB1691be335eb372B50DdD4EF3648d585c3693Ac7,USDC,15.001600,0.000000
0xB16977983e140A0440eF8f0a629f1Cb02ecFC5d6,MAG7.SSI,390.108537,389.719836
0xB170d23971EcA86645EA121165A394afC146e987,SMAG7.SSI,5.000000,0.000000
0xB170d23971EcA86645EA121165A394afC146e987,USDC,17.011338,16.335567
0xB17192E87E26e40b352B2040E1b97C1Febf6612C,SMAG7.SSI,124.504400,0.000000
0xB19485205758b9a3653871B4e4C591990b41845A,USDC,32.818370,28.000000
0xB19F61B9C159E9e652dD2FA178611fd8f181de7D,USDC,16.000000,0.000000
0xB19c1591c605e16BDeCfe2e319e408D749640a33,USDC,90.322101,76.702948
0xB1Ecc06C51D2523145465C7C2C29930DD47f5947,MAG7.SSI,0.000000,4.993000
0xB1Ecc06C51D2523145465C7C2C29930DD47f5947,SMAG7.SSI,5.000000,0.000000
0xB1c2807511D28A434688Bc68bE64e164d0b17Bf2,MAG7.SSI,15.232100,15.185400
0xB1c2807511D28A434688Bc68bE64e164d0b17Bf2,SOSO,36.909700,0.000000
0xB1dCEc08a921234ae65d35c3765C953F8A16eD69,MAG7.SSI,75.310000,75.234600
0xB1eD2A9A117Ff04f3253DAeB7dC3fF9231446D44,USDC,37.447000,40.908695
0xB2042D0b8F28A5dFB703F773BA91cD4D9D365D73,USDC,106.028086,233.574850
0xB2081c43d8B8DE0E43793F2f6b440A83d73c386B,USDC,19.000000,8.000000
0xB20Af8C5509EfDbf6e12ac56DFc1E1aDDdbe1640,USDC,50.000000,0.000000
0xB20B4F6f48cddDdc9B5F78eeC9f36Dc4133F69a2,USDC,0.000000,7.319094
0xB228CfD8231c5191dfB9E2a21c51b811BB565793,USDC,100.000000,98.762691
0xB22f476e38311Bb22a56bf49c863ecdb008fb4B7,USDC,18.000000,11.975892
0xB231b7a32524735A91c857aC950F8FCe0ceEbC29,USDC,15.000000,15.209297
0xB23f65a72027b611085f9FD99e1271eFeBfC15b2,USDC,20.000088,10.051231
0xB24085eC78137620D39Cfcee564EE8C05Be5BA2E,USDC,15.005300,0.000000
0xB252CF786D31Df026447998adcB994764b5b896c,USDC,15.004000,0.000000
0xB2532530caBF7caC635A54Eb719Ae69810190498,USDC,40.000000,38.852476
0xB2570F0906cae37a4d1Ec80Bc30E475F20b706a1,USDC,5.108878,0.000000
0xB26c46944A06859AD0A45444d1D7E63Bb61c1D7A,USDC,38.962207,40.533813
0xB276dD1faA5e71F1ed7f0C194AA39b37314aB7E8,USDC,97.239837,94.685122
0xB2A66Fe1C9299996550eE3cC8c25C29f74066e69,USDC,41.742145,38.547056
0xB2D483Ea8335Af9F1661240ccc63FF5B0Ac234b8,USDC,38.800000,38.697807
0xB2Fc6a39718e755e3BDeC7dA88202f32F9C5dD38,MAG7.SSI,11.976363,11.972173
0xB2a658b58eEa1d05A98afa268969F8f5c972a2E2,USDC,39.500000,42.157445
0xB2a99A7862f819546536dB3cF0833ca9260858a2,ETH,0.032138,0.031682
0xB2c2b53b8F4E9dC30f41912d64A25f760D426F77,MAG7.SSI,0.000000,138.243315
0xB2c2b53b8F4E9dC30f41912d64A25f760D426F77,SMAG7.SSI,26.998000,0.000000
0xB2c2b53b8F4E9dC30f41912d64A25f760D426F77,USDC,57.799888,0.000000
0xB2c93A283Be5CdbeA64c34BF5509f27227bc41ba,SMAG7.SSI,6.779600,0.000000
0xB2c93A283Be5CdbeA64c34BF5509f27227bc41ba,USDC,190.500000,188.337751
0xB2fEE495013a03e0fB7f0d3a1cB9f0ec9A281a6d,MAG7.SSI,15.000000,0.000000
0xB30a388e5cfAA0a57d67264aFE4193A02D7Bb615,USDC,20.288144,0.000000
0xB335A889E76851D8BD4632B830aF284D0648C544,BNB,0.015000,0.015000
0xB335A889E76851D8BD4632B830aF284D0648C544,MAG7.SSI,53.141546,0.000000
0xB335A889E76851D8BD4632B830aF284D0648C544,USDC,13.600000,10.682246
0xB3375EdB5d7EeFB614c6Dc194c4B3Db14890D722,USDC,39.970100,0.000000
0xB3419F794308aD4D14BC76e20dAD1cF7dC9337F9,SMAG7.SSI,88.569300,0.000000
0xB3419F794308aD4D14BC76e20dAD1cF7dC9337F9,SSOSO,10.000000,0.000000
0xB3419F794308aD4D14BC76e20dAD1cF7dC9337F9,USDC,110.145436,0.000000
0xB377D55090A007cC96a5906dcbf39b9370a1305A,ETH,0.100000,0.000000
0xB377D55090A007cC96a5906dcbf39b9370a1305A,SMAG7.SSI,1113.534300,0.000000
0xB37Cc24EcBd1e3899Ec715d2e0fea55a00B312B8,SMAG7.SSI,4541.711400,1.000000
0xB37Cc24EcBd1e3899Ec715d2e0fea55a00B312B8,USDC,1300.000000,0.000000
0xB37E00e101aEA75F02dcB976c2fA0baB20D0Bd1b,USDC,15.330000,0.000000
0xB3883a3034c69BBCA7B5d3980cf3A0752A7F449E,USDC,40.000000,42.651078
0xB39813c5853D2bCdc7FE8D2151515a572A260174,SMAG7.SSI,7447.278600,0.000000
0xB3A07613d4bFd4dEF6E0785BeC2F14aE7E78F04b,USDC,279.995500,257.068308
0xB3Ba9C6cc3F0FD5F6646781F95430F1e0b2AcAFd,USDC,15.000000,15.130952
0xB3C645510De5Aab5FE7893891417737204a89AE4,USDC,39.000000,41.332941
0xB3C8415b6e6E04fEc2a137AD1350bfDA7E68cedA,SOSO,200.000000,0.000000
0xB3CD09bD8F2C394da3D937e2A0Deb763Fa790c28,USDC,15.119032,0.000000
0xB3b14f8B39545A0f36FdDcf6C22024FDEe46952c,USDC,405.084475,405.629620
0xB3b9934FB9417eE6D4F6e8fdC815d62B437EEA8D,MAG7.SSI,54.791212,0.000000
0xB3b9934FB9417eE6D4F6e8fdC815d62B437EEA8D,SMAG7.SSI,1036.378500,10.000000
0xB3b9934FB9417eE6D4F6e8fdC815d62B437EEA8D,SOSO,30.000000,0.000000
0xB3b9934FB9417eE6D4F6e8fdC815d62B437EEA8D,SSOSO,1553.487500,0.000000
0xB3b9934FB9417eE6D4F6e8fdC815d62B437EEA8D,USDC,8667.085106,288.685204
0xB3b9934FB9417eE6D4F6e8fdC815d62B437EEA8D,USDT,6.000000,0.000000
0xB3d211A8Cbf24ea436e4d63De734E0D2C8Bb780F,USDC,41.300000,0.000000
0xB3dB8d23a98780002b10Da5Fb082e47b2D22e4F3,USDC,250.000000,0.000000
0xB3f3058CaFd5acc111AafE88fAB75567192ab403,USDC,41.325101,39.599169
0xB40B783539e836E33a2FdEfF73ADb9c9b36DeCE3,USDC,15.228000,15.228000
0xB423d3a72b25A5167A141F066B579cC1b3B10484,ETH,0.110000,0.000000
0xB42f80D63b365B9f413873A591Ef8B49dA8764c1,USDC,11.284105,0.000000
0xB4320A1b467d8c62DbB47d270C1d5D009FC42852,USDC,474.584400,405.000000
0xB4326Cf8Ece333e35a2cb472E55C7776955fdEB7,USDC,15.200000,15.200000
0xB4422386Ea7854a0054B0beA03105B464B250BDE,ETH,0.035000,0.000000
0xB4422386Ea7854a0054B0beA03105B464B250BDE,MAG7.SSI,0.000000,152.756095
0xB44B18AfB143621B12d7BebaB7d217d2Fb325dae,SMAG7.SSI,70.568900,76.068935
0xB44B18AfB143621B12d7BebaB7d217d2Fb325dae,USDC,40.160000,39.640575
0xB45f3A5c2E5170AE9cE1E5dF864d110be1f1c050,USDC,57.199958,16.500000
0xB4700dF6f4857D9B167748C18E54240F62853a22,USDC,52.433041,0.000000
0xB47Cd303ce1ac7860b7D5AB452970430cd194312,MAG7.SSI,20.939600,0.000000
0xB47Cd303ce1ac7860b7D5AB452970430cd194312,USDC,0.000000,11.449634
0xB47FE17Dd70dF80603271009b1411f70aB5DCa47,USDC,1956.000000,1955.852000
0xB484aDf3dCDbF2b7D20CbD27259D5544614aE78e,USDC,16.000000,0.000000
0xB4851Be684507a4499E2D882e2d1cB2122B3c362,USDC,129.900000,0.000000
0xB48Dd012F49d0f0D03dBAcc9Cf04f6B85752Caf6,USDC,69.928769,240.578856
0xB48b5c30dEA6A1E96907C53Afb403fE6192C5300,ETH,0.005000,0.004893
0xB4983647715D651457b59af0402bd833E78B4871,USDC,15.029600,0.000000
0xB49Da9B37e7237CaB024F52Af85bd7DB87B50251,SOL,0.122190,0.084966
0xB49Da9B37e7237CaB024F52Af85bd7DB87B50251,USDC,88.158619,171.793976
0xB4AB100E61E57D5f1f698De71D9F6342Fe8feCb1,USDC,29.541674,19.319800
0xB4B6B63A8858cbd008EDA8d856f073Bb86ce58A3,USDC,222.191462,214.374978
0xB4D8d003Df227B098fA28b24deA6334f56114b86,USDC,38.500000,38.347409
0xB4ffCb8b3399AEFefD8126B454C24520d643c485,USDC,15.103507,0.000000
0xB515734aC53b22FCBbfa44b2Ca0753cBdD2AD8D9,USDC,15.200000,0.000000
0xB51b03E1B4E18207bC623E5fa8e05CDC0Bbf4166,MAG7.SSI,435.440302,145.405901
0xB51b03E1B4E18207bC623E5fa8e05CDC0Bbf4166,SMAG7.SSI,259.249800,0.000000
0xB52fb7D68D3a773F8CE930a1a9F548B7e48EF35B,USDC,5.000000,0.000000
0xB53E8909Ddfef78A682fB97B97E9bAFf7F69fa6E,USDC,15.022600,0.000000
0xB557D82c673cBA2CE195880133e4e79de52075a8,USDC,3014.851879,4610.513889
0xB55edB96AB6b208928f45bD4c6B2A085e7503Cca,USDC,39.940100,0.000000
0xB5609C73784Aa81De2eBe01cCC04Eb7ea4ce1a52,USDC,10.253940,0.000000
0xB58fD399a7A45a6113276f08cFe2795FEcC68491,SMAG7.SSI,6.075700,0.000000
0xB58fD399a7A45a6113276f08cFe2795FEcC68491,USDC,15.700000,7.266450
0xB5927040D860faFf303E24D3EBFc031Afb524e41,USDC,967.294100,958.997047
0xB59bDccBD946A2619501D1e30661FE4D5caBD9D3,MAG7.SSI,69.542942,69.542942
0xB5A91ba2D08760e1C81Cc289cd356AF0144FCC34,USDC,50.000000,0.000000
0xB5AD40B6e9Ff4DBF3A87C245EBA6137034306029,MAG7.SSI,15.236500,0.000000
0xB5AD40B6e9Ff4DBF3A87C245EBA6137034306029,USDC,0.000000,7.801263
0xB5AD6ceDE4cC4CAf4a39829Aec87a05aCFaa403B,USDC,21.428435,0.000000
0xB5BA0D3a9340aFEb1327338C0eeeBE6C40aAbbc8,USDC,41.270000,0.000000
0xB5E30C47efA0a550DaaB5E2d02F9182E6529aDCB,ETH,0.005239,0.000000
0xB5E30C47efA0a550DaaB5E2d02F9182E6529aDCB,USDC,216.000000,59.991862
0xB5F72996D36C10f22bC2ECB0D8c18e627B1b8fDD,MAG7.SSI,15.477980,34.894717
0xB5F72996D36C10f22bC2ECB0D8c18e627B1b8fDD,SMAG7.SSI,17.326700,0.000000
0xB5F72996D36C10f22bC2ECB0D8c18e627B1b8fDD,USDC,20.612254,10.112901
0xB5bD0061851DD2e0aCd20Bb999F2cDcDE517308A,MAG7.SSI,15.044600,19.877071
0xB5cC62DDDd12543e656a1360575871bCc1409C08,USDC,208.699978,0.000000
0xB5d042B1DceA7De77fD93043e130a5af3bc3A522,USDC,20.000000,20.000000
0xB5e77B965a487755fd0c1C9e146Ad00D0296a748,USDC,44.073472,43.317399
0xB6085bAb9D9Facc982494A544487c02b1B1eCe8A,MAG7.SSI,7.338400,0.000000
0xB6085bAb9D9Facc982494A544487c02b1B1eCe8A,USDC,77.350200,73.840125
0xB625ba9f8296f5EBAC4E06EDd0862777A548A7F7,ETH,0.008000,0.000000
0xB625ba9f8296f5EBAC4E06EDd0862777A548A7F7,MAG7.SSI,380.442072,381.942012
0xB625ba9f8296f5EBAC4E06EDd0862777A548A7F7,USDC,183.932752,0.000000
0xB62770A64f9C5253B899147f64aE374ecd33FB1E,MAG7.SSI,15.009200,0.000000
0xB62D86d062F40BE616f5379DED955E8B0F4B5716,USDC,1980.000000,1978.641000
0xB636d9E52796FDc6ec6891eB3A27802c55849823,MAG7.SSI,75.751100,75.675300
0xB6381047f9c8929a8087448851589dBFd167EAf0,USDC,106.095234,105.473848
0xB63AEa84b1Fcc670e21FaF1657138F76844c0D49,ETH,0.007823,0.000000
0xB63AEa84b1Fcc670e21FaF1657138F76844c0D49,MAG7.SSI,0.000000,34.108396
0xB63Ad715A9048B6394119F047247bDe663EcAcCe,MAG7.SSI,18.504800,0.000000
0xB63Ad715A9048B6394119F047247bDe663EcAcCe,USDC,46.940000,0.000000
0xB649718096f62e17E7b6eBcF929063b9067B9145,USDC,53.656311,56.463363
0xB64be2A0fd796a9707E24e01F52Cc2C81bed869a,USDC,2009.003233,489.241938
0xB65bA17b1Ddc841D34F1f7862e26e4B94a676C25,USDC,21.300000,0.000000
0xB65faDAc4202EE8A679B000d4921677C2D94084E,USDC,97.261624,0.000000
0xB664F694fAdFEF070E10aEc902eCCa359Ed5e40e,USDC,16.000000,0.000000
0xB66609f05d162e67e346Fb280C8d3E917a88582b,USDC,595.392998,586.577276
0xB66c11a127762D5CFc3371A4C963798C0feE597b,ETH,0.003000,0.002895
0xB691666b3986be26F444966e9b6D5E4c08cDCAFA,USDC,38.940000,38.490747
0xB69a61E86D3e9b88086B6e9DECAcD98A3143d218,USDC,37.271000,40.800928
0xB6e14F3D198b783Ad4DcC28f1f3Cd56D45F76fad,USDC,18.000000,0.000000
0xB715D101cF260Fd6550F224D75aBaFd2885243f5,USDC,17.301700,0.000000
0xB728D75D4484ebD029A72B59192c97cbb6CB9eBd,USDC,36.650992,35.642382
0xB72C42f15A3d4559d5f897c081B0d2cC8b031859,USDC,41.439981,44.240000
0xB72c53C36A783FaFe5c12D927FC0D3bd8FD367b1,USDC,20.000000,0.000000
0xB744beCC312bB09731A5d6254f54e250c42ded34,SMAG7.SSI,51.336500,0.000000
0xB7582e8a9c1e1b7daFf83492f1559889ae60C3e8,USDC,49.595312,0.000000
0xB77C2623b85653897Ec7Fcb38E5a9a111CB4Cb43,SMAG7.SSI,37.804500,117.456049
0xB77C2623b85653897Ec7Fcb38E5a9a111CB4Cb43,USDC,36.247661,0.000000
0xB7A7CDbc43e73D119f8fac94F6C55D81E29c10D5,USDC,15.010100,0.000000
0xB7B87818BD2923353F85D14766dc71aDA565Ca0c,USDC,38.000000,36.950992
0xB7D57A7B7Bbca32252EAFCCBEc1aca871FAe5885,USDC,37.000000,38.957771
0xB7Ea701F90dca0510075B74E09a41c43A3560E49,MAG7.SSI,75.951489,75.958896
0xB7a527cc9653859d4cA17f872066C9Ca902739d2,USDC,30.330000,0.000000
0xB7c03D42aA3c97FCF39424c1cDC22e019EFF828F,USDC,40.020000,38.172273
0xB7dC359D13c2EEC237a540Ff592C675B5B5dD7B1,ETH,0.013369,0.012948
0xB7e69aaCBC8c259DEa51d68DAE72f3807F78F47c,USDC,15.000000,0.000000
0xB7eF64435edEbaa9E02357970087B42cbbb4a249,SMAG7.SSI,1005.139900,0.000000
0xB7eF64435edEbaa9E02357970087B42cbbb4a249,USDC,15.129961,0.000000
0xB7eFc60d0679836CB562Fe3F024e33a3aF130BE3,SMAG7.SSI,42.500000,42.500000
0xB7f5766875f719f9Ae289e1d56cFa96100C8d501,USDC,15.002000,0.000000
0xB7f78c8cD0CbFddc2D66687719864917F16ae9e8,USDC,206.000000,210.848403
0xB810dF3C3Ae8092517A844de58f37B789A07aC7b,ETH,0.022700,0.000000
0xB810dF3C3Ae8092517A844de58f37B789A07aC7b,MAG7.SSI,0.000000,102.348413
0xB810dF3C3Ae8092517A844de58f37B789A07aC7b,USDC,15.899939,15.899939
0xB814EDeE77eF021896aC5Fc801A65BA863067900,USDC,200.000000,195.139241
0xB81d37723F7DeE310598224466238e8128B255de,SMAG7.SSI,2319.739400,0.000000
0xB81dF006713f68965d73389f07bca5F686cF4BB0,USDC,15.011800,0.000000
0xB826865E0309a30ac14ca65eC258F53cd5532FA3,MAG7.SSI,0.000000,77.039646
0xB826865E0309a30ac14ca65eC258F53cd5532FA3,USDC,37.400000,0.000000
0xB82A880EC1d037114b9503fF8D5Aec76C4B18Cef,USDC,39.400000,0.000000
0xB838025a6d1c6a81761f4314B8a34049641A4085,USDC,37.800000,37.709148
0xB8500eCe057885e47747B3B42F1Aa984e002AB3A,USDC,40.000000,0.000000
0xB8546D8D9200080EdB75d99EDF64E18eb8256e8c,USDC,97.900029,102.571534
0xB85893854901cA0E6Dc01d2F4E1a376893D7a159,USDC,191.817846,0.000000
0xB86FfF58Bc3aFe3B4fcE4D55bfF6E04b82299c8e,USDC,42.398925,27.350588
0xB8720BdeD9DAef6Db9704Ec1961FabF32d0B0f1F,USDC,37.393000,40.810368
0xB8792Dc26097e74F7A46ad7b3CD9C771a65FA2BF,ETH,0.190000,0.000000
0xB8792Dc26097e74F7A46ad7b3CD9C771a65FA2BF,MAG7.SSI,36.261508,0.000000
0xB8792Dc26097e74F7A46ad7b3CD9C771a65FA2BF,SMAG7.SSI,362.801600,0.000000
0xB8A73f678D01591C863a24051776070ad15a4b6A,MAG7.SSI,28.856758,28.804158
0xB8Be13330A8d0a2Df6e020cAAB2516CeC2c39BcB,USDC,15.000000,0.000000
0xB8C345CD0439554f5a291c669309FB74374b3278,USDC,15.021900,0.000000
0xB8D0eB57514a9473615B62dc55f603a1d286Ab1f,USDC,20.449553,19.848348
0xB8D5a7f5dc5b0B34E9d326803eE0c920DF6C9a15,MAG7.SSI,29.548486,29.531986
0xB8d0fE94464AB2c479224C8A4FB7F86AA385426f,MAG7.SSI,81.249107,155.276768
0xB8d0fE94464AB2c479224C8A4FB7F86AA385426f,USDC,44.168729,0.000000
0xB8eF44e9c847c0868631CB086Cca147F506CDf3b,USDC,300.403262,285.769570
0xB90001ce1BB77E17Ff36DDC22dD902caD4058640,USDC,348.010000,144.134083
0xB902B24E5BFD679CA664eDc6fDeB6900E4B9A61E,MAG7.SSI,335.460437,335.209136
0xB902B24E5BFD679CA664eDc6fDeB6900E4B9A61E,USDC,11.000000,0.000000
0xB90aC68be770F07a1FBc56453601DA2F7c8E1e08,ETH,0.024438,0.023832
0xB9135f727Be36e21Ae0C551e56b0A45D2a00e337,USDC,506.865900,417.378016
0xB9411FF8baD913F379B3e4dF8ED8B43b18929fF9,USDC,40.030000,38.181578
0xB94389A0Ca86e21d5cB2F88EB715d1838da8Df56,ETH,0.062395,0.061222
0xB952Dc54c4dCD5edfb70B70F3dC2d1A8472ADbcC,SMAG7.SSI,59.174400,0.000000
0xB952Dc54c4dCD5edfb70B70F3dC2d1A8472ADbcC,SSOSO,14.429400,0.000000
0xB952Dc54c4dCD5edfb70B70F3dC2d1A8472ADbcC,USDC,287.755324,0.000000
0xB956C0A40c9aB6312d695fECd064AFa72221b419,USDC,45.432079,67.000000
0xB966DB3C8Bc04e238969B1c6B25B60eb709f785A,BNB,1.104597,0.658394
0xB966DB3C8Bc04e238969B1c6B25B60eb709f785A,ETH,0.002906,0.000000
0xB966DB3C8Bc04e238969B1c6B25B60eb709f785A,SOL,0.000000,0.356928
0xB966DB3C8Bc04e238969B1c6B25B60eb709f785A,USDC,321.588040,349.133457
0xB973Ac4cC47154604a613e2c2B180E0bD6eE529d,USDC,4967.080707,3507.551758
0xB974c435ED3c005334A1e12DEb7A5368b0c459fC,USDC,37.583000,41.066118
0xB97C8ea7008B61Fa8479BC7812cD8007403EC25A,ETH,0.007500,0.000000
0xB97C8ea7008B61Fa8479BC7812cD8007403EC25A,SMAG7.SSI,71.838500,0.000000
0xB97C8ea7008B61Fa8479BC7812cD8007403EC25A,USDC,12.000000,0.000000
0xB97d2646e61ED8D37F07144615ed7652A7146c62,USDC,8.149832,7.952624
0xB9C5306f05a29d7383F62D97EF6b034c197dC9D2,USDC,80.000000,82.313379
0xB9C5306f05a29d7383F62D97EF6b034c197dC9D2,USDT,80.000000,80.000000
0xB9E56F410D9d3d0b0cDD6D53137044B1D986DdD4,USDC,15.027400,0.000000
0xB9E6de134007A808D81083B35F5d4652af593875,USDC,37.000000,42.200275
0xB9E9a67D6721713534653413256D576dE7155C9e,USDC,39.976100,0.000000
0xB9c39236cF55aF07b3E8688D28e73428FFaEC40C,USDC,38.000000,40.398788
0xB9cAaDF2ed23De1C0B3aE1CFACe5cce940C1f3A1,USDC,16.000000,0.000000
0xB9dBE62906773cDa8F0fE91E4437b8caeaAba34A,USDC,41.760000,0.000000
0xB9e41D6f11e51c70002F9D6A3a3e8F48535Aa1a7,MAG7.SSI,15.025600,0.000000
0xB9e4DA1008Ea0dE957d0e6D8fDcb3Bb14d7e8626,USDC,571.922400,504.000000
0xBA567C219eF11A86efb609181D9ECDa9CA8B92fc,USDC,15.003600,0.000000
0xBA78C4B396e5350d93Ec78777BA19D1Dd2cCcE92,SMAG7.SSI,5.000000,0.000000
0xBA78C4B396e5350d93Ec78777BA19D1Dd2cCcE92,USDC,604.072530,0.000000
0xBA7AFAb8092fdB3a0B78f131307721aF6b23b4C3,USDC,20.000000,20.000000
0xBA7f1443487fE6E9c6E8482474424846766435BB,USDC,38.000000,40.424021
0xBA8Fd57436b498a522DF0ebEec141ebfFC2ADf41,USDC,50.000000,0.000000
0xBAA7D8a8B039176fcafFC77FF71a9F46D970a6ea,USDC,58.155230,0.000000
0xBAAA9Ae362fbA38dA3CFE0fd40Ff6880d94527aa,USDC,39.404975,38.331665
0xBAbde75bDC9ebFBcd4BbE86Ba37ac3089113D1D3,USDC,39.853100,0.000000
0xBAf09653BC4CF5b65Fb32A09402d31A5D71a4195,ETH,0.032163,0.031607
0xBB1b18D4349A3AaE53a5bD9C8Ac7FF679Ee35F07,USDC,102.441650,101.902132
0xBB23346DBa3BC213c4fadfb364537d213aa03fAb,SMAG7.SSI,40.460500,40.460500
0xBB334fd9b4672075c744310a7ed1c2bA673B7098,ETH,0.020000,0.000000
0xBB334fd9b4672075c744310a7ed1c2bA673B7098,MAG7.SSI,508.123025,0.000000
0xBB334fd9b4672075c744310a7ed1c2bA673B7098,USDC,567.609154,0.000000
0xBB4151549EfCd2Eb9E089bDdAc4108fb700EC1Ac,MAG7.SSI,36.000000,0.000000
0xBB4151549EfCd2Eb9E089bDdAc4108fb700EC1Ac,SMAG7.SSI,9.000000,0.000000
0xBB4151549EfCd2Eb9E089bDdAc4108fb700EC1Ac,SOSO,265.000000,0.000000
0xBB4151549EfCd2Eb9E089bDdAc4108fb700EC1Ac,USDC,40.000000,20.000000
0xBB4C2f6AaefCdA6d42b417E0E69e8B3530fAfCF9,USDC,15.540000,9.786099
0xBB6b02f6194057E24F2995ddd03ffefDA4655918,USDC,15.000000,0.000000
0xBBA79096daEd2351B172366787dd47bd22F98e91,MAG7.SSI,75.535100,75.458800
0xBBb8CDB30d7e1a2349be0324157EC540421219bf,ETH,0.008721,0.008721
0xBBb8CDB30d7e1a2349be0324157EC540421219bf,MAG7.SSI,0.000000,15.424097
0xBBb8CDB30d7e1a2349be0324157EC540421219bf,USDC,8.000000,0.000000
0xBBbae402FD1942f61F52eD238C2628e09e108ee0,USDC,303.650986,302.640823
0xBBe7532a9106E414cC4314c9Df87114892ba6DC4,MAG7.SSI,0.000000,76.791856
0xBBe7532a9106E414cC4314c9Df87114892ba6DC4,USDC,40.000000,0.000000
0xBBe8296C772E38EE434151Bd7fC214252dBDf2B3,USDC,147.674899,152.033945
0xBC1A04Bcde8AFaE5215b4f6df71E844c02d4655d,USDC,15.004500,0.000000
0xBC32e353e3ACb1e929681BBA12711a5a5a397Eef,MAG7.SSI,0.000000,76.773015
0xBC32e353e3ACb1e929681BBA12711a5a5a397Eef,USDC,37.400000,0.000000
0xBC7ACc99FbF210bfc4C8040Db7c4A77BFbe31E31,USDC,15.005000,0.000000
0xBC7f4020670Ca88BD14e68e7Ce33758FB814bb70,MAG7.SSI,77.169400,77.092100
0xBC8D14517a7B4f6A3Fef8b1cd737dC47192c4668,USDC,19.569016,11.186521
0xBC95D099683152D50578E0DBD13FF3f32Cf2143A,USDC,16.000000,0.000000
0xBCB77F307A42dBCC5C801C4980F0f6Da413E8fd0,USDC,557.565169,547.383043
0xBCC2DC841aDDF775f3FEa084b1cF7c5623227ec6,USDC,37.328000,40.909766
0xBCCd61410896D6BBf97ff3c05CfBdA91478ef309,MAG7.SSI,39.391228,39.391228
0xBCE92170df5fC0E0C9ecA95cdC43Cb70241c90c0,USDC,16.000000,0.000000
0xBCbF5D81A5D3a492861eb9acfeB2A775C566b19A,ETH,0.017400,0.000000
0xBCbF5D81A5D3a492861eb9acfeB2A775C566b19A,MAG7.SSI,0.000000,75.786158
0xBCffEd4d865050FA542b8bC3f7Aa5D3371dD8694,SMAG7.SSI,232.500200,0.000000
0xBD22B3E0d6c91D88b89a2D6F81a439049725006A,MAG7.SSI,15.052500,19.854391
0xBD24DdDFA019f97f50E1ee02CEB56e3050E5F6E0,USDC,594.615763,585.573905
0xBD8e5416332081D2237395dCa159724a30460DbD,ETH,0.062138,0.061165
0xBD97c82C5E0d8EE726AAA072D31446C1563E5031,USDC,1063.444474,1048.785515
0xBDB6b3600998f5a9f8234644c98C7ab2763E15C1,USDC,39.000000,0.000000
0xBDBECfD6A785827C0184Aadd77AEF08aF6527F70,USDC,45.000000,43.706065
0xBDDFa8f3968E292a5ad59944FAEf804a1125CFf9,USDC,827.732861,0.000000
0xBDF6dD9EC11a37380C0cd6eA51a916A3a1c4EE10,USDC,59.100000,10.000000
0xBDeeBd03977794fFc0C6Db3D770983b6eE8F4389,SMAG7.SSI,6881.104700,6874.206325
0xBDf665980604Ce131ABf47c759529cbB3E95D8BA,ETH,0.005000,0.004893
0xBE88e5E9799997d620EC0039319b13561AfFBC3F,USDC,15.026400,0.000000
0xBE8A89Ed0B17ac3b54034CC734c2cE3FA401cBe7,USDC,1025.489651,1021.096913
0xBE8f7a8Cbc3A94C99FB090b9D9457C48770Eee9B,USDC,118.209882,10.513626
0xBEA3A09f67249A1EFD9c447B52Ba02Fda1b07411,MAG7.SSI,75.000000,0.000000
0xBEA3A09f67249A1EFD9c447B52Ba02Fda1b07411,USDC,930.822448,918.902798
0xBEA4bcEE356aE09CC042af3aa634d65692e89CE3,USDC,39.700000,39.289744
0xBEdc6745d220b6c2FA4D679d766EBF9dA742257D,ETH,0.044000,0.000000
0xBEfBB05d8Bc85a0ad571A0e6c78251B3D9FF2378,ETH,0.003000,0.002894
0xBF16C3257e0FDa34Ecb58a4D8AC084824A7D6840,USDC,16.020173,13.420836
0xBF3167db310971d0b17C895034aB40f1b2E3F82B,USDC,40.000000,42.257169
0xBF5188875f7D9fe40De22D19896CB5E1ED34e0aA,MAG7.SSI,0.000000,81.077200
0xBF5188875f7D9fe40De22D19896CB5E1ED34e0aA,USDC,41.743113,0.000000
0xBF64d17140c8c47f1e05F2D40F28df0C2912024d,USDC,38.000000,38.839162
0xBF6604946105051fb6cf79b9140a518D14BCF048,USDC,15.007000,0.000000
0xBF7b7c9cFe2a55223D47C5c76aA1F2e0ba80b8b4,SMAG7.SSI,291.974500,0.000000
0xBF7b7c9cFe2a55223D47C5c76aA1F2e0ba80b8b4,USDC,0.000000,16.659764
0xBFBA148bE5BdD8e37f288F1F62d5DA14d366Df60,USDC,210.000000,207.637959
0xBFCfbE6E3875BF33b17efd743D5Ef115071d9478,SOL,0.147111,0.139062
0xBFCfbE6E3875BF33b17efd743D5Ef115071d9478,SOSO,34.934530,0.000000
0xBFCfbE6E3875BF33b17efd743D5Ef115071d9478,USDC,49.044823,94.605080
0xBa0739a2D15df6Fb43345Ce8FEA21b4CC48958b3,MAG7.SSI,0.000000,438.809420
0xBa0739a2D15df6Fb43345Ce8FEA21b4CC48958b3,SMAG7.SSI,30.197700,0.000000
0xBa0739a2D15df6Fb43345Ce8FEA21b4CC48958b3,USDC,201.156867,17.793877
0xBa0DC7883c36985251d6592eBF664E4435E185A9,USDC,509.780274,495.456115
0xBa275E48940615520F0E2D6bb98DCf16ce2f1Acd,USDC,16.442209,17.181812
0xBa42AbB300cF0516D7eF2A12EFE43c325269c373,USDC,40.160509,0.000000
0xBa478483519417cE38a98790Af1FF98c4c8604B4,MAG7.SSI,0.000000,46.707100
0xBa478483519417cE38a98790Af1FF98c4c8604B4,SMAG7.SSI,46.860000,0.000000
0xBa478483519417cE38a98790Af1FF98c4c8604B4,USDC,102.500000,0.000000
0xBa48315c4f7Be4218949017994B978139BFd8565,MAG7.SSI,15.062400,19.664414
0xBa4ffbB9Ce0126860EFBBE1E5dBA67e86a2C9B9E,USDC,40.000023,0.000000
0xBa6750C99F2059fd85B146141934c522249E739E,USDC,30.762764,30.407781
0xBaEd0c74384388bDa061a1110D833Ae95e80B5a0,ETH,0.030000,0.000000
0xBaEd0c74384388bDa061a1110D833Ae95e80B5a0,USDC,60.000000,0.000000
0xBacfF16C98A68E14cead59601CF66876F0e0d3C5,SMAG7.SSI,3002.117200,0.000000
0xBacfF16C98A68E14cead59601CF66876F0e0d3C5,USDC,1613.541085,997.225618
0xBaeE91566a5747576407c9e64a5266dF8146B6B2,USDC,60.000000,56.195222
0xBb1920e29Cee125E0f9114369675a97bD58B2615,MAG7.SSI,0.000000,76.801250
0xBb1920e29Cee125E0f9114369675a97bD58B2615,USDC,40.685646,0.000000
0xBb3076639cB3cA2168e4F65c9c9762BA284705D2,MAG7.SSI,37.144675,0.000000
0xBb3076639cB3cA2168e4F65c9c9762BA284705D2,USDC,65.069651,0.000000
0xBb9B057d67235f6cBc692C09708c32666658B7c3,USDC,25.000119,6.876187
0xBb9a1Cc0227AdE5A0E37bA6884196D29f2168526,USDC,41.801029,42.347113
0xBbE4EbF1D9Be8719bF5c1EABf56D3325E7d6Ba0A,USDC,15.300000,0.000000
0xBbb2f528faAdF7F92EAF78C0BA0A7a2898DB94Ff,MAG7.SSI,0.000000,76.732295
0xBbb2f528faAdF7F92EAF78C0BA0A7a2898DB94Ff,USDC,40.000000,0.000000
0xBc2AA3F8034cFBa88d0cd6C9292161457780DD2B,USDC,39.275580,41.855584
0xBc2EF3eC3e4f522bac32c3167994a9d695639d2A,USDC,15.000000,0.000000
0xBc2fdC776718fe1a410Dc960603Af0b13D67d9cf,USDC,31.463018,31.463018
0xBc458B84716157b891E68b8b16B2893E65E8F837,USDC,26.555519,18.339384
0xBc510B0f1Cb2b13a7f2C8282c139Cedfd1EBB545,USDC,527.138547,518.709029
0xBc556d93212E06c5B8510f0a0399887086D18E16,ETH,0.063399,0.062623
0xBc6619fE9e8C5Df014ba93Cd3E0f9242A0dCF0F4,ETH,0.062168,0.061495
0xBc6b21217260F3dA32725C5f9A11e9DDd4888Bcd,USDC,16.000000,16.000000
0xBc6dea1C1127B5a78a98816A5db2E7F064eF4Ddf,USDC,50.000000,48.558628
0xBc83D9BF11DdA664875E6f081Cc39fd1454be429,USDC,104.200000,103.546739
0xBc8448689B572F774eC9C38C657fdA666BA0955e,SMAG7.SSI,13281.551000,0.000000
0xBc8448689B572F774eC9C38C657fdA666BA0955e,USDC,2200.000000,0.000000
0xBc8524EdF338bA7E488BEFc09d90e23c58945ff8,USDC,40.000000,0.000000
0xBcAba1A80ab750Df7F65D7939D5E57Ba392b228C,USDC,150.000000,0.000000
0xBd00019Ac9F2d574f3df47C4a1Ba33A71145Fce8,USDC,758.224961,748.936887
0xBd17D96d943FdA1A6E4256EFCf82E94113A5980e,MAG7.SSI,15.004400,0.000000
0xBd282b462B5D0e6e237BF558624EB89094a95BB2,MAG7.SSI,15.120300,19.612347
0xBd7D26A5d88b8ba668F9b7F34c1B6f83cCE76C38,USDC,83.000000,0.000000
0xBd7dD09aed882D18fC048288DBbD767bEE33889E,USDC,15.013400,0.000000
0xBd82BcBdB74E03CD8B1817Db072B10243daBEA1A,USDC,39.000000,0.000000
0xBdA2eb96BF3B0C0AD592E844a4DC49E676273fd4,USDC,15.705550,49.366892
0xBdbFfb16D265329e0aB6F5B61eD3000E1148A99c,USDC,39.254906,41.758762
0xBdf65e1a154E019979F1e8c18CC01C51e1248C50,USDC,20.000000,20.000000
0xBe00f6778Df4aa16fB1490b77e503C26077D5b9d,USDC,76.781624,76.129464
0xBe140F4f1D39CD52fDe864C56385Aad206871DB3,USDC,104.267440,103.647427
0xBe28cC4dDF1e8118D88588aD8deeaEDc9BE4165b,USDC,15.000000,15.043647
0xBe2D0aA3aF4435373F7AB0270E1C88E06Aa98655,USDC,40.209555,0.000000
0xBe3D62dF433894e6538829349CB3539144EDEe82,USDC,15.500000,0.000000
0xBe6749740B1ef6D85C46Fa0E83b1Ec5649b014A4,USDC,15.000000,0.000000
0xBe7390974C2455Db5a51Be0d226A6deEDa0CBEc6,USDC,15.021600,0.000000
0xBe821A6ff268796c7FfEF3Bdb703fCeEA4bAC50D,USDC,17.000000,0.000000
0xBe88590088585EE8BA69650A2Bad7348d5271dB7,SMAG7.SSI,5187.669000,0.000000
0xBe8dB63574775eaf61aeec19056B8E6833623F65,USDC,7.960000,0.000000
0xBeE29eFEdaA848412573f18fF6DDDB78d7251026,USDC,41.230000,0.000000
0xBeb1DdAa4383bD4530b83352774b92125102C305,BNB,0.025000,0.025000
0xBf099594B958e2e0D89Dede9740bBCAa8c1652Fd,USDC,39.752100,0.000000
0xBf290a3554848a6a09bc702FB6A80C27c25De9F2,MAG7.SSI,15.060000,0.000000
0xBf32bbF06A11EB5747eF0Cc766d09F2a4b354442,USDC,15.008500,0.000000
0xBf3b6b16B1aE71BcB34DE5527c2ed96239E09D87,USDC,37.800000,0.000000
0xBf58652Fe7e6e791929450eFC14Ffb2a95fD6b38,USDC,5.987693,0.000000
0xBfB1D4378C707b5D86D7e18F44e94F6A2AC7EFA0,ETH,0.003000,0.002895
0xBfB46D9C7bAE522de73F8aB4aCeBA5B22821fe24,USDC,16.700000,0.000000
0xBfBf072A1b7B6651aEC9DbbFAB0122F13eBe836C,MAG7.SSI,0.000000,115.079500
0xBfBf072A1b7B6651aEC9DbbFAB0122F13eBe836C,SMAG7.SSI,115.413200,0.000000
0xBfBf072A1b7B6651aEC9DbbFAB0122F13eBe836C,USDC,370.000000,385.547528
0xBfa13FB39FcF3a0397ddE6A616B0b1350f02673F,SMAG7.SSI,391.249800,89.394153
0xBfd3f8a16f96b1590a3Db0A968d1b857CBF78b63,USDC,40.050000,38.196506
0xC01234194b685EE217964F2b07947d8b76906FC3,ETH,0.000000,0.008595
0xC01234194b685EE217964F2b07947d8b76906FC3,SOL,6.765356,4.399201
0xC01234194b685EE217964F2b07947d8b76906FC3,SOSO,28.336803,0.000000
0xC01234194b685EE217964F2b07947d8b76906FC3,USDC,16.000000,170.538035
0xC01234194b685EE217964F2b07947d8b76906FC3,USDT,50.753525,0.000000
0xC02Cc5EDED680342178af6f414349feE106808ca,MAG7.SSI,31.000000,0.000000
0xC038d709b06AEc06c462affecB0573CF3B3c48ea,MAG7.SSI,30.413723,0.000000
0xC04DC48F50449D6943f58db2488b5Fcf76b74a10,USDC,1200.000000,1158.320000
0xC05Dd666089d49353196D1D521526c15Ad8e7538,USDC,15.021700,0.000000
0xC06BA76804Cf3aD3205fFc1646D2E89A10B55804,USDC,501.880100,406.982720
0xC06d4072109DAcB2006c7B468166C32a5f79Ea80,USDC,15.006000,0.000000
0xC07b20758A8fcd7Cc98f2a68EE9eB115144c4cB4,USDC,15.201287,0.000000
0xC07b2c3e909C948A7AbC7FA3B6498CDb820D2689,ETH,0.003000,0.002895
0xC093E0Ea4514f71D9B95b7ab0ac92ab74E7DD443,USDC,86.263340,93.934322
0xC09Fa4DbC3295F2A580b9c0eB5c0960831864b17,USDC,76.107903,75.110277
0xC0Bb1e8A3A3D32eDCF37Bd5743Fdb865A269711F,USDC,39.600029,0.000000
0xC0C0B433a0E04eD33de530b1feB6A16785972aB7,USDC,84.769678,0.000000
0xC0CED65D9D6c72d3B2cDCbaD26671d816fd1Cbea,SMAG7.SSI,4895.145900,0.000000
0xC0CED65D9D6c72d3B2cDCbaD26671d816fd1Cbea,USDC,3178.560731,0.000000
0xC0D3274ea2B228137Fd087fa1754Db99F1DE2645,USDC,19.987798,31.301748
0xC0Db78d65481DF5bC40a8eb5E8faeaF50645DCBE,USDC,59.373239,0.000000
0xC102e545f29E1f7634Ea2D0B9A338860c712c6E4,USDC,19.000000,8.000000
0xC1137AB07B9F39Cd9702F699A541cB062c22C1B2,USDC,7.960000,0.000000
0xC11528a8e15b0c1C500FCfA93C140da90709340b,USDC,37.291102,21.276335
0xC130966E6527f9E00f8431c0AC8A4237Fa06B410,USDC,25.950235,25.950235
0xC13b43C3E5D3b38284a16Ca395A7865145a1D3b7,USDC,70.002500,93.720367
0xC144A0a511db485800a432A6cca3fD37C5edD5E4,USDC,38.000000,38.752676
0xC14A207750F1C713aA964b8A1FfAc32C1628046d,SMAG7.SSI,55.035600,0.000000
0xC1608928fb8555A3b7acD15E937E0e7F83299d39,USDC,15.000000,15.170200
0xC1638566F7702f1f1f39bB25c7787E2769efA2e9,MAG7.SSI,26.660330,0.000000
0xC1638566F7702f1f1f39bB25c7787E2769efA2e9,USDC,27.309000,0.000000
0xC1645c40E608E93E8609f8303747A999b22D64a5,SOL,0.189467,0.000000
0xC1645c40E608E93E8609f8303747A999b22D64a5,USDC,196.998732,0.000000
0xC19C03925F58034484e361831Ea77ec5242Cb5c5,USDC,83.600000,41.800000
0xC1A64A34Aa96C90C61728a5b439d43636Bda924b,ETH,0.005279,0.000000
0xC1A64A34Aa96C90C61728a5b439d43636Bda924b,USDC,5.955556,5.867616
0xC1ab5df422BF60a73eFd8EBC4447f4BDf50Adf63,USDC,20.000000,20.000000
0xC1c3F657FeE445e53DD9312b35F120182909ba6f,USDC,15.024700,0.000000
0xC1d2345Ac6c7F2C8cFEdA7AA27dA130163eF6a74,USDC,20.093300,0.000000
0xC1dE0fbD201A08aF2835572BFA4C5412d567a203,USDC,41.713796,42.415873
0xC1dF34842F3E5427FD0ba75105224D7a7EAaD610,USDC,15.022500,0.000000
0xC1f1Bc024AD90aD6Ef1C00D39536c8429faC1616,USDC,41.900000,0.000000
0xC1f80A8038025DFe6b6223a507e8447CC3087EC1,USDC,7.960000,0.000000
0xC1feB50d42167eB18554F967a8A86c64C3e12839,USDC,599.695800,505.986560
0xC204C2567732c87035CcD27B1F673dc9fC41D5e7,USDC,781.190918,538.838351
0xC21008F42013C09575d6b42360De8622Db282aF8,MAG7.SSI,15.100000,0.000000
0xC212d5339BEC65eA533b6Dde66829c873b8cE390,USDC,11.046983,11.240675
0xC21A5ee89D306353e065a6dd5779470DE395DBaC,USDC,101.000000,96.600000
0xC224cd7Ab43c5150Dfc60B153a433a43600107F2,USDC,15.000000,0.000000
0xC22c7D983a0C818e1064D41c52925eA008294737,USDC,15.300000,15.610682
0xC22cCd60f3D407055310B4aa35e8f58782821f51,USDC,99.800000,109.463703
0xC23C907B5f0C21bE0a7f5B6B8697029Ba8D25eC9,ETH,0.062163,0.061033
0xC24A64a444aD0a70D6A9A2dB034C972a6d07BdfE,ETH,0.003500,0.000000
0xC24A64a444aD0a70D6A9A2dB034C972a6d07BdfE,SOSO,37.347854,0.000000
0xC24A64a444aD0a70D6A9A2dB034C972a6d07BdfE,USDC,85.433121,0.000000
0xC253Cc8aD443eA2bF8581C8f0f07381ec1860872,USDC,39.908015,41.098552
0xC2575348d2c625e6d7D67044CbFE65265453F3A1,USDC,37.132000,40.675853
0xC2902BA7CF15a885aF6Fb443764C107d4706662D,USDC,300.000000,294.445975
0xC291De7D938920A05015b34EB5BfcbA0d165c595,USDC,15.114314,0.000000
0xC2Addd97E65AC2281150C8A07DFd762FAe614947,USDC,15.029100,0.000000
0xC2CC449231f94c0785189F09aB3EDC70dB31e54b,USDC,39.122535,41.169481
0xC2Df8731AB8E98eF54C56C96A88d8BE08BbE652d,USDC,663.124712,655.706502
0xC2E225b63671D854A33264B812fC1C5850a69e27,USDC,15.000000,0.000000
0xC2E2f81044C366E0E0417B58aF4d618B0DdB016a,MAG7.SSI,129.565602,0.000000
0xC2E2f81044C366E0E0417B58aF4d618B0DdB016a,USDC,7000.000312,0.000000
0xC2EB0310D06ea69c756F6d2EC2378a6b6E57B899,USDC,788.585369,778.471351
0xC2F6f729Ffa4028A744AD9AC4f8daad98389Ac51,USDC,15.028700,0.000000
0xC2d203Ab66F51288D3901f585424D82d63006Da9,SMAG7.SSI,85.789100,0.000000
0xC2d203Ab66F51288D3901f585424D82d63006Da9,SOSO,80.000000,0.000000
0xC2d203Ab66F51288D3901f585424D82d63006Da9,USDC,776.614240,2139.258664
0xC2e817eF823a6b7f69819a77fAdeC100dE16B2D5,USDC,15.017100,0.000000
0xC30BE149C9f28106e67e08b2c0D061294E9A5b07,USDC,504.421000,501.915000
0xC30d06558Cf577a939DabACc5dc58beb017D7196,USDC,41.093135,40.129665
0xC31ae541716A978273D8987382BacA823ebA0896,ETH,0.062363,0.061932
0xC3305EAC8Ef4b9f42624351f661D14e7aEd1E226,MAG7.SSI,301.045588,0.000000
0xC3305EAC8Ef4b9f42624351f661D14e7aEd1E226,SOSO,321.000000,0.000000
0xC336D3f4e51Dca070Ad1444Cfd264D45eb20873D,USDC,15.013000,0.000000
0xC347B68cc9fDcD68790FCA3775aB5e7BddE07e4c,BNB,0.010300,0.010300
0xC347B68cc9fDcD68790FCA3775aB5e7BddE07e4c,DOGE,176.568000,0.000000
0xC347B68cc9fDcD68790FCA3775aB5e7BddE07e4c,SOL,0.000000,0.185869
0xC347B68cc9fDcD68790FCA3775aB5e7BddE07e4c,SUI,32.352901,32.352900
0xC347B68cc9fDcD68790FCA3775aB5e7BddE07e4c,USDC,81.523872,98.404443
0xC347B68cc9fDcD68790FCA3775aB5e7BddE07e4c,XRP,0.000000,11.791740
0xC34b007daA0108dCC17e4613408285496Ab9BFeA,USDC,37.177000,40.677898
0xC357e4e91aE9F706817676e9828babb875e7f116,USDC,35.772392,36.442523
0xC3597B1266a0dC819292F11bb5d3386dBf918D05,USDC,20.000000,0.000000
0xC38F9064aE3e84627ac467447Ab16CCB6218413B,ETH,0.012613,0.005455
0xC38F9064aE3e84627ac467447Ab16CCB6218413B,USDC,0.000000,11.327359
0xC393435B3DB52cC6e11ea22C03d47D0b075399AF,USDC,0.000000,439.241661
0xC3B73A5BA8A46e46DD0E03152Cf77D588B9B49A7,USDC,15.024800,0.000000
0xC3C6f7E6A0f29D9F39CEFdF5C9fA74b5DA7F58B1,USDC,15.000000,15.357608
0xC3D90577FCe5973c6e378560C4e50ADf80b540F5,MAG7.SSI,77.237391,77.160191
0xC3E99fDF941Ec04b3E68Ef985BcBCb75E6A1e92C,SMAG7.SSI,148.103600,0.000000
0xC3E99fDF941Ec04b3E68Ef985BcBCb75E6A1e92C,SSOSO,118.975400,0.000000
0xC3E99fDF941Ec04b3E68Ef985BcBCb75E6A1e92C,USDC,92.285628,0.000000
0xC3Eb059816FB97EF3043d345134272345a240e55,USDC,148.181720,6.000000
0xC3aE4FE75303DA3829CDe3CD94A69E39b57D08a6,USDC,37.742000,41.264727
0xC3ca5Ef5acAa736040B345b946Be0Fa01656bC15,USDC,16.000000,15.131376
0xC3dF45204628ffE8Ed1e1e5Cca4A86d9cB720CA5,USDC,41.926847,0.000000
0xC40b3FcA79Deac16065d6443AF51E4eE7c512D56,SMAG7.SSI,1188.984800,0.000000
0xC43B9197eF0feF886F85E7928637171194E5f046,ETH,0.000000,0.005798
0xC43B9197eF0feF886F85E7928637171194E5f046,USDC,6.240218,0.000000
0xC43e61d2D023e31e8C8B9a0CdAD9D321C8e26D93,USDC,39.969100,0.000000
0xC485e903D6Ce554B618d0Fea720fe64bFF15A0cc,USDC,16.021158,0.000000
0xC48B5F9b8D645EF36542226824c8262Feb4e42AD,USDC,31.000000,0.000000
0xC49D0b2f42343b350a1893516Ae1114f0b811761,USDC,40.000000,42.086788
0xC4E948e7CcA994107f6e13Fec3737AC84364381f,USDC,106.006461,105.431554
0xC4b81d37F73bf4CD625EBE02378EAec9ddCEca0b,USDC,16.000000,0.000000
0xC4d25eB44faf5BeF0677027b2A79838dE76F342A,USDC,619.126617,611.401122
0xC4fD6D3fBdD7414bD019C5f7608f72E791a6C199,USDC,24.235620,24.235620
0xC4fbe83f7bc71691F7E00d3D896f86eF534dCaf5,USDC,15.000000,15.326912
0xC4fdcA54CFF806ba89a7A84323d7D148eceE4E55,USDC,511.282000,417.976960
0xC50Dc80cCF3922CCC787fAb81a6A99796bc290e0,USDC,678.651271,675.061957
0xC51de2A96d40d84fE56189AA0A4275C5c8449E0e,USDC,16.000000,0.000000
0xC548024c2bd6573dEc0F058c9C49738625F58658,USDC,119.500000,73.911109
0xC54C5E4205DBEE4BDe9c545AC08929fD3f17aB36,USDC,39.657100,0.000000
0xC55d4D4a052e07183BC238Ae5588a38FE000Dc27,SMAG7.SSI,42.460500,42.460500
0xC586720672B75c5937cd53b5c40E2Fc836f73fBF,USDC,100.000000,100.062547
0xC5B2dD9CeE46648040825C74c8097082B3f8B9f8,USDC,15.000000,0.000000
0xC5Cd8F4FA9448973fBEad934c574486F67DC72E2,SMAG7.SSI,704.708200,0.000000
0xC5Cd8F4FA9448973fBEad934c574486F67DC72E2,SSOSO,380.931600,0.000000
0xC5D997B32e74994b15c6c2145181E8C4b7020e35,USDC,98.157571,97.553239
0xC5Ebc8477785E42Ad0DebE393Ccd490785A1893B,USDC,46.527215,40.276944
0xC5bbFCB0139b35f2A74C237f11E240558e8F50eF,USDC,110.850029,0.000000
0xC5cA536425F9018e2B39475eC2888DcA7A88a1D7,USDC,41.000000,0.000000
0xC5cE09bac3Cf2AbFf57c4b620a18A08a2b9E2959,ETH,0.004000,0.003894
0xC5cF1d802c3b39ba0Df6d529bB241E02760d3A69,ETH,0.003000,0.002895
0xC5d31C355eC06f8850540a51b7ef980ac90B8EC0,MAG7.SSI,0.000000,77.110000
0xC5d31C355eC06f8850540a51b7ef980ac90B8EC0,USDC,41.287839,0.000000
0xC5d79264C7D081A26D02efc34C3EE41687d4CD0d,MAG7.SSI,15.000000,0.000000
0xC5e4daa98D9fFD009dc06503886468C1a6007756,USDC,39.000000,41.127113
0xC605fC8e629317d7ade7c79473720571f9173297,USDC,16.000000,0.000000
0xC61128E3e467D56D4126232dC7044cee15bD7B2f,USDC,38.000000,40.424189
0xC61A64B966DfA6B48793e07A96704c76a919368f,USDC,23.054779,30.008498
0xC61f5F76CAB4c7F7822ceEd41c4d6E93D7A08A4E,ETH,0.136000,0.000000
0xC61f5F76CAB4c7F7822ceEd41c4d6E93D7A08A4E,SMAG7.SSI,6295.114600,0.000000
0xC61f5F76CAB4c7F7822ceEd41c4d6E93D7A08A4E,USDC,209.517088,0.000000
0xC63070Fb7874EE39B6753bD3839764cBCbDdc8e1,USDC,113.900000,0.000000
0xC63431c658D11d84D6f526285699DBDab20DE2AC,USDC,37.000000,38.235156
0xC638aa41d4cD0F752BA8eB4041089ff0Cf53dA4c,USDC,162.091850,162.069704
0xC686632043eAAAfdabF9B433A37668F07eBE1f9c,ETH,0.006573,0.002869
0xC686632043eAAAfdabF9B433A37668F07eBE1f9c,USDC,0.000000,8.383447
0xC68ff47913FE0d87e268E87Cd13EdfBb2673b54d,MAG7.SSI,20.000077,0.000000
0xC68ff47913FE0d87e268E87Cd13EdfBb2673b54d,SMAG7.SSI,572.701400,0.000000
0xC68ff47913FE0d87e268E87Cd13EdfBb2673b54d,SOSO,146.043900,0.000000
0xC68ff47913FE0d87e268E87Cd13EdfBb2673b54d,USDC,2683.521781,352.427552
0xC6AFff43a08a3311ad33562fbE259396Be478064,USDC,23.931021,7.326777
0xC6B2Bd80270fDCEFEAfCE4c679a7Ec7c0f49A01E,USDC,479.225000,412.000000
0xC6a3E45160C881E165684953da3E351D1f77c83F,MAG7.SSI,75.693200,75.616800
0xC6eC2b75cA345858a107E1a3897470Cb62561Bd2,USDC,1138.692771,1125.590091
0xC6fBfb264FA9F9Bd6c0b73332Baa2Bfbec628010,MAG7.SSI,29.712763,29.712763
0xC70564f01D0540EB7158212F01376d001a31ec2b,USDC,136.671481,115.812818
0xC70C14C7c87E0bcFAd6dA4e2da9052d94Fb2D27B,USDC,37.950100,35.988107
0xC70D7342332eCF3c26F991FdBC85A8b8AB1A48bA,ETH,0.040000,0.040000
0xC70D7342332eCF3c26F991FdBC85A8b8AB1A48bA,SMAG7.SSI,39.816400,0.000000
0xC70D7342332eCF3c26F991FdBC85A8b8AB1A48bA,USDC,825.120623,0.000000
0xC715d96C3541191FF31da6c6B7Ad508971a43Af1,BTC,0.000000,0.039895
0xC715d96C3541191FF31da6c6B7Ad508971a43Af1,MAG7.SSI,19.500000,20.000000
0xC715d96C3541191FF31da6c6B7Ad508971a43Af1,SOSO,2000.000000,0.000000
0xC715d96C3541191FF31da6c6B7Ad508971a43Af1,SSOSO,3000.008800,0.000000
0xC715d96C3541191FF31da6c6B7Ad508971a43Af1,USDC,7034.880000,765.679237
0xC715d96C3541191FF31da6c6B7Ad508971a43Af1,USDT,8.990000,0.000000
0xC71e0e5B2B2C39aB8E88fcE4Fc77A53cf7e66A3f,USDC,15.000000,0.000000
0xC7215f9150Df115B0349e062716E755317a46D60,USDC,2751.298432,2758.271347
0xC721B8f0B5AFc50f19D0D071c7dE73F4B5DC41f7,USDC,22.120825,0.000000
0xC727a148690A064ae2121F04B9b02958804181E2,MAG7.SSI,0.000000,77.132381
0xC727a148690A064ae2121F04B9b02958804181E2,USDC,37.550000,0.000000
0xC72814F93934Eba9Fe6C1466cDB281EDaE87c8DD,USDC,1648.800000,0.000000
0xC7332be9B8d4F736d6519FE2199e5cCC9aA49b0D,USDC,18.500000,17.619802
0xC77C8f26F90544162FF98B95Cc40c86Dbc407Acc,USDC,113.850029,0.000000
0xC77E36D1E8062a924F7e34AB48401D866454247f,USDC,9.000000,9.346998
0xC77b259Dab6132C0F5110d8ceBDf7c4F445ee9Eb,SSOSO,14.064500,0.000000
0xC77b259Dab6132C0F5110d8ceBDf7c4F445ee9Eb,USDC,15.100000,0.000000
0xC77b259Dab6132C0F5110d8ceBDf7c4F445ee9Eb,USDT,11.245318,0.000000
0xC78368e34B5d430eC992Dc21074de784eD8286A7,USDC,78.000000,80.267699
0xC7886FAfd9B7a79294018EDEAc79B22248f6E12b,ETH,0.026995,0.000000
0xC7886FAfd9B7a79294018EDEAc79B22248f6E12b,USDC,0.000000,51.049761
0xC78B03B84dcEc9B4c74fC609b83F8ba4088bAF1b,USDC,64.577127,8.659327
0xC79b044EfFD2e78f3f79A0353AC308cD2982B517,USDC,15.210000,0.000000
0xC7A61FB07fFc40FB2c73B22Fb53781c972538f35,USDC,99.209204,98.649367
0xC7AE00FD8E6BD519a9f516C1807a7F60F614d730,USDC,39.654100,0.000000
0xC7DDBa7E07D23968503f0AfB6c5d052f0e237958,USDC,20.000000,20.000000
0xC7F2b30b0ab0f26AEA25F3b9552A0B96EbbD1765,USDC,15.000000,15.380106
0xC7a373E81849F618d329B111b2A9Ab11A8DC90b9,USDC,15.000000,15.055660
0xC7c869d72D014e914eE9DAB77452b4BAA89B0b9A,SMAG7.SSI,181769.409200,181769.409200
0xC7c869d72D014e914eE9DAB77452b4BAA89B0b9A,USDC,0.000000,2775.842926
0xC7d5eabedd40e9A8f4651885096325C163f72b9d,USDC,86.970000,12.225664
0xC7d5eabedd40e9A8f4651885096325C163f72b9d,USDT,17.480289,17.480288
0xC7dcB8356Ea8f3CA44b03c350df6D445B3774841,USDC,15.400338,5.000000
0xC7e67BebCf8BCEf43d41BAE22C94eE5af6d87f55,MAG7.SSI,324.710088,0.000000
0xC7e67BebCf8BCEf43d41BAE22C94eE5af6d87f55,USDC,0.000000,133.557240
0xC7eF8868eA38f98A596BD41C9916A4116F107697,USDC,15.445215,8.951589
0xC80b629E856e0fDF90d37b8998BAB41A5f166C33,MAG7.SSI,0.000000,15.119401
0xC80b629E856e0fDF90d37b8998BAB41A5f166C33,USDC,61.257329,54.157329
0xC80d19545dbB31635295355b96CAFFA6dFD14Be7,MAG7.SSI,29.528849,29.511749
0xC80e57DA92f9724Ac3210361b28586FdeD6d79f6,USDT,16.090000,0.000000
0xC835fd9AD0Eb6e088A5800d0394845422D5dAa73,USDC,49.800000,0.000000
0xC84224062e978C47d4b8a7d608CA95e16c9EcF40,USDC,15.000000,15.000000
0xC84e3e262F34bEb3C4b665766833d6b416cB18C3,SSOSO,4.041000,0.000000
0xC84e3e262F34bEb3C4b665766833d6b416cB18C3,USDC,150.223956,160.748616
0xC85032a2e77bE215A095Fc8b77C0E3e16Bb69BF9,USDC,22.100000,11.114046
0xC866b19ba9Ca7A6a02e886F86Af339B8E0F38c03,SUI,50.669220,0.000000
0xC866b19ba9Ca7A6a02e886F86Af339B8E0F38c03,USDC,242.777365,83.302623
0xC87b8c71C59a3018102676eA26d1789c78cF69F5,ETH,0.023000,0.021692
0xC88Fa3b74CE8f9c27ab5AE1622623D024Cc42a72,ETH,0.062168,0.060697
0xC89BB2989B2F1F1fa45197B7eAA356Ac7C7fbE6F,USDC,337.996200,330.057815
0xC8AB189A3B4f789CB776AC3D4C756c84FdcdBc67,USDC,269.000000,266.960000
0xC8B2dc039d966480a9f3AFA12E75971E81B9B717,USDC,15.000000,0.000000
0xC8F3b19873970C39dF8E497D9DCD7EC8CcAA6D68,SMAG7.SSI,30.000000,30.000000
0xC8F5FCCd48aF9500d8b40dC4728d0b8De28053bA,MAG7.SSI,78.419057,78.346957
0xC8F7ad46D09147a8bFF920f5f882B1f6038aEd86,USDC,39.000000,30.257706
0xC8ab4E6eb83E9d1eD60e1e939d88e39C8D5977c5,MAG7.SSI,0.000000,5572.437682
0xC8ab4E6eb83E9d1eD60e1e939d88e39C8D5977c5,SMAG7.SSI,5578.000000,0.000000
0xC8ba9296be7231f1D376D1d9A8b806C7f354B4Cd,MAG7.SSI,306.455500,305.820000
0xC8dc6657A24B314907c391203BAa156960572b4a,USDC,97.253239,96.769393
0xC8e269501204Eb2D876Bb74BD34A0eb721f6a305,MAG7.SSI,93.644300,93.567600
0xC8e525A651969a49efC8DD1Be230D9fbE6E0aE39,USDC,38.690199,0.000000
0xC8e574CeD553Fd172aa34732C0b5EA8a4CBBc083,USDC,40.000000,0.000000
0xC91727D17adCF02F4e561450A66AA63C7C5386a6,USDC,17.907292,10.144860
0xC9187151702a0e1b9C9a77a23312D49E63c716C9,USDC,161.001803,0.000000
0xC91cE03998fb59d291AcEc2FD858f9e4EFF394F7,USDC,42.400000,0.000000
0xC928427123d4f185413f329782e70d63fe07C784,USDC,20.000000,20.000000
0xC9569873e6Cb031F0bA2E6f4062D95e384B4b17b,USDC,38.767000,0.000000
0xC963304391F04ba4AE1e388E308b4763F17FdB20,USDC,22.113005,0.000000
0xC967ad12cba0bb7B45266C280b20A8Aa32A3b874,USDC,39.500000,41.782916
0xC96E0CD185fe03a6B8D36a9aB89d5f1d899e19FD,USDC,52.500000,0.000000
0xC972C272636B23156baFaF912Fac994D2F791b50,USDC,39.500000,40.826451
0xC9744948C9D943af60Dd9621e14787AA114aBC46,USDC,20.000000,20.000000
0xC976C48C5ec3aebD5abA019BC631a8986e471ed8,USDC,15.020200,0.000000
0xC977b89F291D5A290D284D688114d37BC4Aa9e17,BNB,0.025000,0.025000
0xC99C74eBF6157Ae0e2CF6E24D05E58817c2d2f9c,USDC,35.000000,33.960330
0xC9B3DbE5eBBcBe97231539D7DA9BdC77e8611484,USDC,51.783966,0.000000
0xC9C0e9f1e5d1723FE136E7404bB3c3c930D922A9,USDC,13.734901,0.000000
0xC9De4E4845E059f75892d1a190C971172eDF4188,USDC,41.960000,0.000000
0xC9E7cB74CD9E8E25a2E518b71BbFBBa211401396,USDC,756.066596,745.765138
0xC9FD960BeFF1185Aca2765Df2120f5146fB21D33,USDC,38.000000,40.413167
0xC9a09A6561322842ACE3D40feF3D4e8fee245a40,USDC,15.003700,0.000000
0xC9a174F8C868F50F247cBAbe8A0937e338524604,USDC,15.000000,0.000000
0xC9a7A130659FdD0CB4bC70404ee8643DB9866cE9,MAG7.SSI,15.019800,0.000000
0xC9bC42e5bD023e4930A0e423c986F3E3A94C07c5,USDC,198.841826,150.701076
0xC9bC42e5bD023e4930A0e423c986F3E3A94C07c5,USDT,200.507720,200.507720
0xC9c70B141b6f213bCC4Cb1441fBBe50bA68333e2,ETH,0.003000,0.002894
0xC9f883Ab12E4EE168FC2F2AaACa1F310890984B6,USDC,20.000000,20.000000
0xCA0D2f73Bb540043A025241fB5Ec7e5f8f7D1756,USDC,12.595405,0.000000
0xCA59EDb11957078443dE38aad22FC1D8E29F7855,ETH,0.010000,0.000000
0xCA60882bA17c5C1A8eF6733Bb969Cc2c367Aec56,USDC,100.469840,0.000000
0xCA60882bA17c5C1A8eF6733Bb969Cc2c367Aec56,USDT,147.796203,0.000000
0xCA771CbfF275BDFa5761f5a7F664d7a7158DaC23,USDC,15.000000,0.000000
0xCA92050f2ed2FE6a9f49495C29AaB9408A9644E5,USDC,37.950100,36.259687
0xCA990745C974b974CDe8Ef27272d49Ed9a654f83,MAG7.SSI,0.000000,593.357469
0xCA990745C974b974CDe8Ef27272d49Ed9a654f83,SMAG7.SSI,191.090300,0.000000
0xCA990745C974b974CDe8Ef27272d49Ed9a654f83,USDC,201.000000,5.364487
0xCACECed2Cdb6C3727f404013c17a1dE22ed1A6CA,SOSO,5.822170,0.000000
0xCACECed2Cdb6C3727f404013c17a1dE22ed1A6CA,USDC,46.595122,51.535343
0xCAE73A8E56A99fa685829587fabBa99C0993EC1D,USDC,103.458499,102.905989
0xCAcD4783cB406f7c6A5145E7c10655faeFb55CB5,SMAG7.SSI,311.416800,0.000000
0xCAcE040105AA90c92aE18D5d2d3041d935eFeA00,USDC,39.000000,37.662220
0xCB004559D6Ca9D116c7b721FdC5ee16c92a440b7,USDC,15.025100,0.000000
0xCB04843cB6a230884739b103819845Ed8f0174fc,ETH,0.011200,0.000000
0xCB04843cB6a230884739b103819845Ed8f0174fc,USDC,318.726466,0.000000
0xCB59a0C734b17A1672cb2D35A4CB4060602Ae5e9,USDC,136.980000,87.302012
0xCB7580B00bec2398F3d7836D535A8eCf51f23a17,SMAG7.SSI,30.000000,30.000000
0xCB862f93B06422F968023691d0509509A5361fb1,USDC,47.773031,0.000000
0xCB9091C0999A7CAdAB4a0cb2Ff456A1a6a0470d9,USDC,5.101204,0.000000
0xCB9E4848c26e4A0aAeDD08405E320Bfe16B2c1b0,USDC,377.000220,372.922743
0xCBA4406529676d5a230B69d8A8F9A649f1B354a4,ETH,0.100000,0.099265
0xCBA4406529676d5a230B69d8A8F9A649f1B354a4,USDC,496.259809,0.000000
0xCBBc786129dAda2E6037a7D932aE88A1a7d0A371,SMAG7.SSI,5.878000,0.000000
0xCBbb76076E342FEB2C2255dd1063204266af1733,USDC,38.000000,40.488346
0xCBd133F47DaaDb235b9d9b27649dFe3F35B31C8D,USDC,16.000000,0.000000
0xCBdEff18aA40cb187781404955353E3352946086,USDC,51.000000,0.000000
0xCC2D9E6cBC8BA3b1CEDD45dB2fd5368555Baac29,USDC,200.000000,197.823886
0xCC36128b5162DE0163027018727E0C9faebD62dB,USDC,2938.091707,2933.736394
0xCC4b2e755327CC660503Fc439d8a9a19c39A98BA,USDC,76.786191,76.117155
0xCC530D9EbC7e1eB537869fFf7c245758189F3c8A,USDC,46.449411,44.565081
0xCCC71A878C15907DA3B8B209C3eBC677A760BC1C,ETH,0.003000,0.002894
0xCCD762c50A4eb222950D3B312Ab69a0244991dcD,USDC,224.500000,101.993645
0xCCa77894d5698A5EBa607714904229767c554395,MAG7.SSI,0.000000,75.216172
0xCCa77894d5698A5EBa607714904229767c554395,USDC,37.500000,0.000000
0xCD1D347D574643982c494d4f5207633E30d9C042,USDC,39.000000,41.026360
0xCD1ae684Beb76a0D965Fbe12c72BB81B841108ce,USDC,139.867046,126.040334
0xCD227deD6468928a82372Cfb7C6aC4B179C217B4,USDC,37.656000,41.195091
0xCD36B622085C508404DDAACA943Eb69aD8113Ff7,USDC,14787.037148,8366.589515
0xCD397b38aC0Eef7E3B49d5F4a925455942FfB8ec,USDC,45.100000,43.835562
0xCD651ef1bea6A661e8524f1b167E46350395E211,USDC,39.060216,41.724296
0xCD706442d530c69a43FA89e1f66eA0a475be35C5,USDC,44.066200,0.000000
0xCDCc81531Bf07c684e41d8366542a58C0D5e2Bc6,USDC,15.009300,0.000000
0xCDa68877ecF0bf6FFB423690f623E0547b471d4d,USDC,34.300000,26.200000
0xCE10C85B019Fb72100Ee0AE77813aC7028A0409D,USDC,39.000000,41.233200
0xCE132Be3594F0bA5a73978138455BC1cb3d14a2a,USDC,524.865100,430.982720
0xCE3b02A724ff9a2e8cdC65F4f02a805F3cE607f9,USDC,33.173038,35.595535
0xCE6CbdD67E4ea75361Bdc68cB325CD07BC1dd31C,ETH,0.057477,0.000000
0xCE6CbdD67E4ea75361Bdc68cB325CD07BC1dd31C,USDC,245.009000,175.000000
0xCE6CbdD67E4ea75361Bdc68cB325CD07BC1dd31C,USDT,9.950000,0.000000
0xCE80B8BB394dAeF2b2f302342a943dB866f13A6A,USDC,50.963169,0.000000
0xCE82B7b43c0A9dfd76A6C64FCb28CD23A0b4AC51,USDC,18.584644,18.550117
0xCE879c7765fB47145FB0b9B81B9AEC071ABB731f,MAG7.SSI,93.601044,108.143108
0xCE879c7765fB47145FB0b9B81B9AEC071ABB731f,USDC,7.647356,0.000000
0xCE93Cf41F1c489a7A8603fbBa0449d061fCb91B9,SMAG7.SSI,72548.912700,0.000000
0xCE93Cf41F1c489a7A8603fbBa0449d061fCb91B9,USDC,0.000000,16979.156334
0xCEBCAfddEeC5B809FFCB3870211Ec907E03e3d0A,USDC,264.000000,262.690000
0xCEDC86819541f05d57A2755B491C6336dd76D144,USDC,38.000000,40.508925
0xCEDC86819541f05d57A2755B491C6336dd76D144,USDT,37.710777,37.710777
0xCEE16439c9d0aaDF60C76B5225e0627A2389c5Db,USDT,16.990000,0.000000
0xCEF669CB2aD051c02b3969E885412B4d46F3DA21,USDC,551.409814,537.252196
0xCEd3F991Ac2e1642940e07Cb375657b7C6826d84,USDC,20.000000,20.000000
0xCEfF5285402f1553264512508d5b7214F39619fE,USDC,39.500000,41.671864
0xCF5E1e7488f7f4F2535b83676a149566826780C4,MAG7.SSI,15.200000,15.184700
0xCFBB2dA5b20e36487247E749C2CEe147Fa58Fa4F,USDC,60.000000,0.000000
0xCFC5Ca8f6164C244Cf2FD4c5bEa71A097B188AB5,USDC,26.000000,12.391495
0xCFa3AA250795128e8a4c54Ff35843A1a0Ee129D4,MAG7.SSI,6.000000,5.993900
0xCa02Ae8B39C3dFdC82C82B7D88911d7070271756,USDC,45.700000,0.000000
0xCa1e9B494f069C31e6458524b5AFab939BeBCc98,USDC,36.410000,38.233034
0xCa560F5CAf2EA918267F5FB8B59894Fd25510807,USDC,600.389000,506.986560
0xCa71FC44636BB37534C4D02Aac75347ea9025720,USDC,20.000000,0.000000
0xCa8f50820cC9386ee4a3481b8E81c6bED76cE732,MAG7.SSI,15.200600,0.000000
0xCa9E945818234390d6fD2dEB63ce94ACEF4e7971,USDC,103.347427,102.741650
0xCaAd069338455cEAAeB6DD1C755A4eb6a657656A,MAG7.SSI,28.856758,28.805458
0xCaC11a0b79811882F0e35930f3822e6129Ec7C79,USDC,15.100000,0.000000
0xCb401e6DAa2e6A0EE9B6B4d5DeF2921B8eEb8Ee5,MAG7.SSI,75.694600,0.000000
0xCb401e6DAa2e6A0EE9B6B4d5DeF2921B8eEb8Ee5,USDC,0.000000,40.437192
0xCb7E249869C76c0189c7B2Bb11183CeDA0c4D932,USDC,15.481270,0.000000
0xCb8d4B2142e02d1F241B99DFe52912099D6D2309,USDC,15.200000,14.253343
0xCbCDf1998bEEB68a90Dbe0a281d07481B88497a8,ETH,0.000000,0.001698
0xCbCDf1998bEEB68a90Dbe0a281d07481B88497a8,SOSO,12.894510,0.000000
0xCbCDf1998bEEB68a90Dbe0a281d07481B88497a8,USDC,344.479156,248.796545
0xCbab0Dcb7b856910eda3346734B4895010558D06,SMAG7.SSI,37.052900,0.000000
0xCbd30347eb7979CF51dDfE105e38D49D08a9b841,USDC,15.000000,15.313818
0xCc375F2D837858a0Bdbd5317AAE26B55421247f1,USDC,39.200000,40.238013
0xCc3B5516aff566D87FdaBb979116f38476D5c072,USDC,16.000000,0.000000
0xCc783B4e08e109e8C48B7b9dADc65B4B9F5A626d,USDC,104.452941,103.993775
0xCcA5c3cB83F1d3007bC3C173519d1383440E64E2,USDC,42.100000,0.000000
0xCcA869FA3E0c0dD36e62949A83796d40CbC242E8,USDC,63.905700,0.000000
0xCcBD49647DAb6672B1AA6E4a7dDFF7f8557F6ADe,USDC,39.000000,41.533983
0xCcdbc7A43BDf9908d3F3C127075b0B3Bbb4F4534,MAG7.SSI,0.000000,33.500000
0xCcdbc7A43BDf9908d3F3C127075b0B3Bbb4F4534,SMAG7.SSI,33.500000,34.000000
0xCcdbc7A43BDf9908d3F3C127075b0B3Bbb4F4534,USDT,18.380000,0.000000
0xCd07453cfF60DE9A2Cc2966A9015a83Ed3c38955,SMAG7.SSI,159.396600,0.000000
0xCd3700143f3F849aaA8a118661813B376843C14F,ETH,0.012000,0.012000
0xCd5Fd906CE5BC4A79d983bd3151c2A9147eb19e7,USDC,80.000000,0.000000
0xCd5bAD96078D0B5cF6450a2d3603CfEA357afeB2,USDC,15.023200,0.000000
0xCd64bB160Fb2d412961815eb73BC84fa04BD432A,USDC,39.000000,41.578217
0xCd65AFa97Dc12A425DE10b9e38a935861d01cF82,USDC,38.950000,38.477237
0xCd6c5C89E3C163F6FA76a0D74da22936cae78879,USDC,39.154100,0.000000
0xCd9869d32d6C405a704FB0E9714C239f8F80c0c6,USDC,1404.968883,50.000000
0xCdE6E4A4ec5810422e4c638089D409f1043c915B,USDC,39.990000,41.882246
0xCde201e112C4ac86359a082d4bf3DB4F3B4f6D94,USDC,110.340000,0.000000
0xCe24B217F8b9b2193b1572C7f5F668EA4aCc08d2,MAG7.SSI,0.000000,311.115400
0xCe24B217F8b9b2193b1572C7f5F668EA4aCc08d2,USDC,161.000000,0.000000
0xCe59ED46D4cf2519B2aC9Ee076e50E8Cc19a5a8f,USDC,122.850014,0.000000
0xCe88C415B36C616497859F2923176AAE19f4b97E,ETH,0.063399,0.062722
0xCe98A445C6A1f63bB641DB0725Cf247044F7D637,USDC,39.000000,38.084261
0xCeA5b2B26E8F2461989CB2392b902F5Cb327D071,DEFI.SSI,190.510019,0.000000
0xCeA5b2B26E8F2461989CB2392b902F5Cb327D071,ETH,0.024000,0.000000
0xCeA5b2B26E8F2461989CB2392b902F5Cb327D071,MEME.SSI,54.049162,0.000000
0xCeA5b2B26E8F2461989CB2392b902F5Cb327D071,SMAG7.SSI,243.634800,0.000000
0xCeA5b2B26E8F2461989CB2392b902F5Cb327D071,SSOSO,444.325800,0.000000
0xCeA5b2B26E8F2461989CB2392b902F5Cb327D071,USDC,927.627483,0.000000
0xCeC47E4fA0F6be066E6E43aC88a9287077B04FB5,MAG7.SSI,40.891228,40.891228
0xCeD5538aAAa8D722222A5eC94EDdB02E4707FFE9,USDC,850.000000,829.056547
0xCeDF5B030626cB8D31807637ef5962B0C3AD0AcA,SOSO,25.450000,0.000000
0xCeDF5B030626cB8D31807637ef5962B0C3AD0AcA,USDC,154.132300,189.486157
0xCeaf9486ea01E53E3C210FA04078F26dfF2efe90,USDT,70.362842,15.900000
0xCeb0D1b54ED3A86B787632d52D623fDf48455F36,USDC,0.000000,19.822740
0xCf10A1BedAecd7EC8ff5eB8f6F99a65a45fa7487,USDC,15.100000,15.100000
0xCf12Bec4f865Da66F4c5F190d991E970d250c51d,USDC,17.848321,33.598734
0xCf1f543C049301D748c67d005d7665b1D5866405,USDC,15.028700,0.000000
0xCf5042C6a38f6a45CcE788B438d0906474c2102C,USDC,104.300000,102.910356
0xCf74dc4DA0D11Ed19f4177900e312ba849C22fb7,USDC,15.014300,0.000000
0xCf7dbeeF43846384D83e13BC72a898778aBA3FfB,MAG7.SSI,0.000000,326.978300
0xCf7dbeeF43846384D83e13BC72a898778aBA3FfB,SMAG7.SSI,328.711600,0.000000
0xCfC4c63E4E85E100357Ffa4752049262Abd5D752,MAG7.SSI,15.023700,15.008600
0xCfF9328Db246e507eDde40B28ca8c9AD118C4755,USDC,50.000000,208.101307
0xCfb7D93D07e6AE040233718356E7293306545d20,BNB,0.000000,0.026729
0xCfb7D93D07e6AE040233718356E7293306545d20,ETH,0.000000,0.002500
0xCfb7D93D07e6AE040233718356E7293306545d20,SOL,0.381998,0.000000
0xCfb7D93D07e6AE040233718356E7293306545d20,USDC,0.000000,20.870535
0xCfb7D93D07e6AE040233718356E7293306545d20,USDT,38.000000,0.000000
0xD00226b73bab097E97c6DF416DC031DF7c4b5Af1,SMAG7.SSI,51.480600,0.000000
0xD00226b73bab097E97c6DF416DC031DF7c4b5Af1,USDC,70.000000,101.137094
0xD0043d6635D1E22De7E187Ba60Bc2B8bD23fc8dB,USDC,340.000000,299.009211
0xD0059007Fb20084899643A1c3cBB0BAeC8bf817e,USDC,193.366371,20.695476
0xD00D4B598B1bA2042CA257c0f4eECC16Fff747a5,USDC,13000.000000,3000.000000
0xD00D50b81b322BC3B55d3b563ad1AafCF585304c,USDC,41.900000,0.000000
0xD011c5Ad0861ee623e97ceDD63E94DabCA4685b0,ETH,0.022535,0.000000
0xD026dE6B83ea7beD8a26C975E5e5BC69325127FA,USDC,95.594719,95.006755
0xD02D7D9Effec89363c506aAf0a0b6D5BDb81967c,USDC,8.632339,0.000000
0xD0C0A7999939cB0b1E2445643c47AFd7B2fB1fD5,USDC,35.926115,41.934479
0xD0C0F651389387DA61370EaA123d8f6Cb88380e5,USDC,37.000000,42.145957
0xD0D8176AB529cBfc787718B5C0Ac844f869934F5,USDC,39.717994,42.397096
0xD0D8176AB529cBfc787718B5C0Ac844f869934F5,USDT,38.000000,38.000000
0xD0f4cF4D2f64bA8c142DDa6E113D73109a9820DF,USDC,15.024400,0.000000
0xD0f739D9AF9fF8Ea76C3cd0e6E4f0842929De8F8,USDC,15.024000,0.000000
0xD10379240EFB5554f18bB242f1f4ac80Fc30Dd88,USDC,108.505017,0.000000
0xD10381732869f95c7Db5C52E1844FD6e7081f506,USDC,70.000000,0.000000
0xD1104E70fAE519F6bc66282Fae7eD07AD9aF7D50,SMAG7.SSI,35.183400,0.000000
0xD1215Fa4978686886aCaea0a36170C464C8Ca419,USDC,15.296248,0.000000
0xD1262bcE44F3A4721f7A37ddebAF4E06F030d293,USDC,39.000000,41.423021
0xD13F416f8D4DEc985Be6f87A2d3c4ae855748765,USDC,426.077400,360.000000
0xD14CB529695B596923b9989B3eE1B93eDBC0C2F0,SMAG7.SSI,338.546900,0.000000
0xD14CB529695B596923b9989B3eE1B93eDBC0C2F0,USDC,557.607049,85.085135
0xD14CB529695B596923b9989B3eE1B93eDBC0C2F0,USDT,17.025538,0.000000
0xD15575717a6c43202a83cd458EC888D9C68e2acE,USDC,379.000000,0.000000
0xD164362De15AA322e19752bbCEf4Ad18d93cC6E6,USDC,41.215178,43.578134
0xD1653161Bf4b21a557601321301f5895ae30Ed8C,USDC,16.190000,14.126903
0xD169510B31279afdc0C53ADa4C549a79c71c5F51,USDC,762.176595,751.895173
0xD189006023860A73F6Ac86edBd522E9Ba597001d,MAG7.SSI,0.000000,5900.885000
0xD189006023860A73F6Ac86edBd522E9Ba597001d,SMAG7.SSI,5903.444400,0.000000
0xD189006023860A73F6Ac86edBd522E9Ba597001d,SOL,0.000000,3.998740
0xD189006023860A73F6Ac86edBd522E9Ba597001d,USDC,10015.000000,8501.000000
0xD19340c7CF90d5Ea9f0B336190fDC86315b4A39D,USDT,15.426347,0.000000
0xD1Bf60e6Ca4CEe9578696f40926acF778A920148,USDT,15.690000,15.560000
0xD1D977Bcbf6A81E4cA3A85bf71da52De0490C30F,USDC,131.899210,150.867282
0xD1a1a81EEFEeE17A29100A3550C7cE6c92aC3B41,USDC,261.607945,109.866645
0xD1a1a81EEFEeE17A29100A3550C7cE6c92aC3B41,USDT,99.900000,0.000000
0xD1a2A624a09C5a695161a3128F3856E5CAb183fe,BNB,0.025000,0.025000
0xD1d59b495eA9De0F40247c282A693f5665690A2b,USDC,15.004700,0.000000
0xD1dD0e9803579C3D0Ad5FC66C68790EdAe3Ec222,USDC,39.500000,41.625995
0xD1dcE21cf1c56137164886655a2f8Ac788F60a31,USDC,1024.108163,1013.313007
0xD1e32F83c699a143ee2b7FA5fFbb4e2382f3E5C5,USDC,39.321103,41.879482
0xD20b563270901C6Cbb58Ed137CbEDc0b882Fb946,USDC,15.090000,0.000000
0xD21AEb00d9501Ce0EA2FD442BCF3Cd8DdB6de7Be,USDC,149.000000,144.953687
0xD223E1C23F3CEFd7EF533Aeb70D6bCf3de624b7d,USDC,34.362500,34.362500
0xD2281A09026f3db7fcA5e9f0d5e5B33Da0f5FA14,USDC,80.035879,79.834988
0xD229A3c9C05185d4ce2f453724877EcB1Bd3d269,USDC,280.000000,0.000000
0xD2376448Ae86BD4b9B518d0978f49DbE76e37940,BTC,0.000000,0.000559
0xD2376448Ae86BD4b9B518d0978f49DbE76e37940,MAG7.SSI,16.000000,0.000000
0xD2376448Ae86BD4b9B518d0978f49DbE76e37940,SOSO,6.000000,0.000000
0xD2376448Ae86BD4b9B518d0978f49DbE76e37940,USDC,290.300000,0.000000
0xD238B001bb2706a1C68151c78FA1DC1295B96bC9,USDC,39.270000,42.407944
0xD253bf46Fd10e70Eee6fe023b76E45Ae9b23492F,BTC,0.000360,0.000000
0xD253bf46Fd10e70Eee6fe023b76E45Ae9b23492F,SOL,0.130000,0.050000
0xD25954F137389A41e55073BF50340bDCcA846758,USDC,40.700000,0.000000
0xD26a5C16a743208d4DbF5FB15728B7f950A580AD,USDC,38.000000,40.458196
0xD29Df43108A4caa293e64644D65D6CBE3CA33A59,USDC,49.800000,0.000000
0xD2D76E0CdCfed5B71C67640012Eb618AB4A53689,USDC,10.000000,0.000000
0xD2DE86bB44Cd4942c6BBD1c9EdC22d48850Bc7c6,MAG7.SSI,3141.216900,0.000000
0xD2DE86bB44Cd4942c6BBD1c9EdC22d48850Bc7c6,SMAG7.SSI,3352.635800,0.000000
0xD2EE27c1f2Eb1175B45d24FB0F91304F017C49C3,USDC,778.000000,0.000000
0xD2b0d2791AC89271A37a3CDd8C947EC3717489B3,USDC,40.150565,0.000000
0xD2b1BcfB415d7D5a125E177fbC1dD161f4457644,MAG7.SSI,35.200268,35.136574
0xD2e4335433a57b691DB59C025dBCE45988f2c5c7,MAG7.SSI,80.273600,0.000000
0xD2e4335433a57b691DB59C025dBCE45988f2c5c7,SMAG7.SSI,12.113600,0.000000
0xD2e4a31Ff73Df0B05Bb1f39c0E420e3bdAD4a3E1,USDC,163.109450,0.000000
0xD302862f7a6c883b45597Ea508ca167433ECbf05,USDC,15.009700,0.000000
0xD31E90A00b70D46eCEDF498e15Cbec45aD94fE7e,MAG7.SSI,15.027400,0.000000
0xD3223bbe407f8FfF373150543B3e3B08Cb141088,USDC,39.000000,38.152633
0xD326B7AedD54FD79930928D6a27E40E15Ed2304F,ETH,0.062162,0.061289
0xD328f37791c73c812d3A5278B619816A8582F7fC,MAG7.SSI,15.050000,0.000000
0xD32a8B5cE557e388Fd6143b746856Ef9104F62f1,MAG7.SSI,0.000000,76.783508
0xD32a8B5cE557e388Fd6143b746856Ef9104F62f1,USDC,54.500000,15.000000
0xD32acbE6B9B2703594092816CD84018C4d59bE52,USDC,39.000000,38.946281
0xD32eaD84df010cceF8195a4043E5fa10EB0da1Eb,USDC,51.000000,0.000000
0xD3309F1052ce79f1ca9da2Fae8784680Ec3092eb,MAG7.SSI,74.542942,74.542942
0xD340d18B0391030ab0b3B4DEa0732A259D967446,USDC,39.000000,41.556314
0xD356DA9b3BC8B2972107FEa179272e3a08156776,USDC,206.353945,199.362417
0xD37305e0a8d5F60fCAc16dfA16804a2C5C5dE2b0,USDC,200.000000,212.738790
0xD380eE1479af61Ac930492acf30b9D1CD03c57B4,USDC,15.028300,0.000000
0xD38F6e249D45184F52d123B3d31aD3b679f0813b,MAG7.SSI,76.859200,76.782100
0xD39f2de3F96ecBA1ae4C1eb3870EbbaC12dd87C0,MAG7.SSI,75.000000,0.000000
0xD39f2de3F96ecBA1ae4C1eb3870EbbaC12dd87C0,USDC,940.317962,925.331807
0xD3D74705a346b1537c2D92912DfCDc55174bd5F5,USDC,769.798700,679.613691
0xD3E543c91187cd0b0b43BAFF9C86F20941c8330a,USDC,22.125325,0.000000
0xD3F740821FB462fE6bb70CB27BC110aBed04b76E,USDC,17.000000,17.000000
0xD3cCf2DDc5F25477641448B7f034E5Ab64e0463f,USDC,15.008000,0.000000
0xD3dC5E3F4bf94c93C7341F94719C764E3b3c09b3,USDC,52.388338,7.064962
0xD3de78e2fd8f1364bd5EA440C6D8c62465d42Ca3,USDC,85.002084,0.000000
0xD3e12038148C57A3156DE285899AFfebe222A56b,USDC,38.020000,38.853263
0xD3e9E30aa3116614ac373E9f605b8CcC11273961,USDC,39.000000,41.512965
0xD3f76467F457d2491cCb7F29709d3A5A7802982D,SOL,0.371024,0.000000
0xD3f76467F457d2491cCb7F29709d3A5A7802982D,USDC,0.000000,293.658583
0xD3fc9a288F2D5Cfcd63177bF193D3bDBb4496b05,USDC,23.100000,19.596595
0xD40A8b2A495C1eB6E445eBA52aB8679E69427E3F,USDC,94.742164,100.282512
0xD40A8b2A495C1eB6E445eBA52aB8679E69427E3F,USDT,30.000000,0.000000
0xD4105ee862023C362B10c8EACBD54916c22B96da,MAG7.SSI,100.869348,0.000000
0xD4105ee862023C362B10c8EACBD54916c22B96da,USDC,50.000000,59.641723
0xD41070186F25Bf93E2aB396db6673ca62Ebbf974,USDC,38.000000,40.523891
0xD424B1CB55F53caDBAA25431449A78afbA2A597C,USDC,15.150000,0.000000
0xD448f61BFbe668e8bF51e7efD4688DC3627d8309,MAG7.SSI,0.000000,15.640000
0xD448f61BFbe668e8bF51e7efD4688DC3627d8309,SMAG7.SSI,30.794600,0.000000
0xD44dE882e84Ba79101617F0914e32D08F9eb4C02,BNB,0.048989,0.024902
0xD45fBa0b465311f6690C26A20460aE06971efc05,USDC,37.384000,40.814413
0xD466166D3c0C72F3DCa6e3C83a4d923217c8D503,USDC,15.014000,0.000000
0xD4718B558C1FeECd4Bc7D1637937aEc7314Bf408,USDC,612.684508,603.775857
0xD479dd68668eDeF59dE4d7ae686FDFfe4F7DEc96,USDC,38.900000,41.029096
0xD4815a48E336123827d5c0eC8AD9F974A8C92211,USDC,7406.104399,5522.769611
0xD48A7E31283FDfB70C25C83A4c0E4FD92852188e,USDC,15.000000,0.000000
0xD48eA09cF0f9E44769A17EdA59B78fc54B47e720,USDC,16.000000,0.000000
0xD4cd0A92647F6F0aAA8F4aB9E8F075E07A5CB194,USDC,1128.731920,1114.124069
0xD4cd34BD4Dd07C292C0D9ff915abB18043949648,MAG7.SSI,31.145321,31.145321
0xD4f880F7F05230c59DD9959cC69d6Df8dcC9bb41,SMAG7.SSI,12.032200,0.000000
0xD504eE8B2b24e4C33AA85f585e72212B0B8b68ec,MAG7.SSI,15.005400,0.000000
0xD5057Ce4CeF1634b7bBE33991EAE778179d6FFd1,USDC,15.028900,0.000000
0xD5390C26D864186BFBeF45F9Dba606aCD6906DFF,USDC,108.600390,101.941866
0xD577B01882791a11F2E0F3d43796dD8E91908749,BNB,0.008000,0.000000
0xD577B01882791a11F2E0F3d43796dD8E91908749,MAG7.SSI,75.477200,75.977200
0xD577B01882791a11F2E0F3d43796dD8E91908749,SUI,5.100000,0.000000
0xD577B01882791a11F2E0F3d43796dD8E91908749,USDC,28.510000,11.100000
0xD5818389Dc85d7CAc2075030b0c8CAA94554E0b7,USDC,653.460949,644.252814
0xD593be7D470Ba396c180229308EDAb4e60b98479,USDC,2274.900000,797.500000
0xD594C6b570438c886cc5806575AA9e1f93D19892,USDC,36.960000,0.000000
0xD59675c8639aC0Dda3e4b9922f2D9EBef3D9Df6c,MAG7.SSI,0.000000,76.752482
0xD59675c8639aC0Dda3e4b9922f2D9EBef3D9Df6c,USDC,40.000000,0.000000
0xD5970bB4588438ba21d4b67A3031d7ca699f8499,AAPLX,0.034006,0.034000
0xD5970bB4588438ba21d4b67A3031d7ca699f8499,ADA,112.000000,80.000000
0xD5970bB4588438ba21d4b67A3031d7ca699f8499,ARB,26.000000,25.000000
0xD5970bB4588438ba21d4b67A3031d7ca699f8499,AVAXC,0.360000,0.749720
0xD5970bB4588438ba21d4b67A3031d7ca699f8499,BASE_DEFISSI,20.000000,0.000000
0xD5970bB4588438ba21d4b67A3031d7ca699f8499,BASE_MEMESSI,20.000000,0.000000
0xD5970bB4588438ba21d4b67A3031d7ca699f8499,BNB,0.244800,0.055000
0xD5970bB4588438ba21d4b67A3031d7ca699f8499,BTC,0.012267,0.012125
0xD5970bB4588438ba21d4b67A3031d7ca699f8499,DEFI.SSI,20.000000,14.000000
0xD5970bB4588438ba21d4b67A3031d7ca699f8499,DOGE,870.000000,60.000000
0xD5970bB4588438ba21d4b67A3031d7ca699f8499,ETH,0.042697,0.471675
0xD5970bB4588438ba21d4b67A3031d7ca699f8499,HYPE,0.000000,0.100000
0xD5970bB4588438ba21d4b67A3031d7ca699f8499,MAG7.SSI,99.971705,206.612241
0xD5970bB4588438ba21d4b67A3031d7ca699f8499,PEPE,750000.000000,1500000.000000
0xD5970bB4588438ba21d4b67A3031d7ca699f8499,SHIB,500000.000000,500000.000000
0xD5970bB4588438ba21d4b67A3031d7ca699f8499,SMAG7.SSI,67.000000,88.892913
0xD5970bB4588438ba21d4b67A3031d7ca699f8499,SOL,0.480000,0.890000
0xD5970bB4588438ba21d4b67A3031d7ca699f8499,SOSO,16.934800,0.000000
0xD5970bB4588438ba21d4b67A3031d7ca699f8499,SUI,4.160000,0.000000
0xD5970bB4588438ba21d4b67A3031d7ca699f8499,TON,6.160000,0.000000
0xD5970bB4588438ba21d4b67A3031d7ca699f8499,UNI,10.811011,10.811011
0xD5970bB4588438ba21d4b67A3031d7ca699f8499,USDC,9138.100000,3638.744895
0xD5970bB4588438ba21d4b67A3031d7ca699f8499,USDT,59.300000,0.000000
0xD5970bB4588438ba21d4b67A3031d7ca699f8499,USSI,5.000000,0.000000
0xD5970bB4588438ba21d4b67A3031d7ca699f8499,XLM,51.060000,25.000000
0xD5970bB4588438ba21d4b67A3031d7ca699f8499,XRP,124.800000,49.800000
0xD5C977F11e71CBc0317cE87Ed156A3B4D376C712,ETH,0.032126,0.031371
0xD5Cb2B301a4a8DA360eC743a518eBddFB74881c4,USDC,15.016500,0.000000
0xD5Dbf59181475247e70575A88A443505851E4d06,USDC,38.500000,37.630037
0xD5F38446067e8B8d270f3Bb8D8A02b22a1daC9CB,USDC,49.800000,0.000000
0xD5a68FC31C648C6cFb4099189fde21CA2913a3D0,ETH,0.050000,0.000000
0xD5a68FC31C648C6cFb4099189fde21CA2913a3D0,USDC,1883.730768,690.750339
0xD5cD3abEC638F5718130d1403FF0Fde32e9ae9a9,USDC,1043.187373,139.021861
0xD5d4B8A629086a52345491a4E8164aF88154c1eE,BNB,0.034190,0.081107
0xD5d4B8A629086a52345491a4E8164aF88154c1eE,MAG7.SSI,0.000000,23.423799
0xD5d4B8A629086a52345491a4E8164aF88154c1eE,SOL,3.001000,1.883519
0xD5d4B8A629086a52345491a4E8164aF88154c1eE,SOSO,25.200000,0.000000
0xD5d4B8A629086a52345491a4E8164aF88154c1eE,USDC,92.450105,20.000000
0xD5feD40FfaD8A61146dF606Dd18fa11Ee754f647,MAG7.SSI,15.010000,0.000000
0xD606D182AdB12D5E9e711b97165c3E7cCA12F09b,USDC,128.850029,0.000000
0xD608E7E459D1A618eC0DD422d1737B9dE64D5607,USDC,15.199959,15.922858
0xD618fe74f723edE084D5F612F82AfaC7d830a81d,USDC,15.106903,0.000000
0xD61C045C04ee8dF9c167e1c650e79C01A046AFF1,USDC,15.700000,0.000000
0xD625976A4efe8F8957286d17915408B5aDeF7072,USDC,15.100000,0.000000
0xD62C6437251595B6BaD57Ee57DF26ae20407942C,USDC,16.000000,0.000000
0xD631FB127F04C482E689458C88F5971752D6feEC,USDC,20.004921,18.780636
0xD6374aDeCAeD378fc723D35830E011F4cd31D3e5,USDC,15.005600,0.000000
0xD655428a4a5D655BCD89F1FA5D10f47976dD599e,USDC,23.596832,0.000000
0xD656b21aa7DB0E2713c9c0ace9c2483e570671f7,MAG7.SSI,107.257212,0.000000
0xD656b21aa7DB0E2713c9c0ace9c2483e570671f7,SMAG7.SSI,5.000000,0.000000
0xD666650466ED7d8B10f45015cBE7173976FecDd6,USDC,15.100000,0.000000
0xD66D33fCe0aFF3F738D2B761d5c433909263e0E6,MAG7.SSI,15.035900,19.897758
0xD6703cb86576159aD80Acb8a41d9Dd12dD47C1Ac,USDC,39.550100,0.000000
0xD680254208Ba51b734235848891130B755F07a69,USDC,356.952018,345.907323
0xD680DfA33f500C03703CefE721d4c80539B86e61,USDC,39.000000,37.711954
0xD692Bce9549995727025e529b0fd19903D6e7dFF,USDC,39.942100,0.000000
0xD6B2D10fbE2b8D924F4faFC3187fc35583287fa9,USDC,15.300000,0.000000
0xD6C033F42dEAAe6Ef097D7378348b3eAd95A826A,SOSO,48.431960,0.000000
0xD6E347607a1Fa3e27131acd2B5141c616Fb2174C,USDC,0.000000,47.015236
0xD6E347607a1Fa3e27131acd2B5141c616Fb2174C,USDT,50.173585,0.000000
0xD6bEea373d11074d98DfC49860c15cA0A3C453ca,USDC,77.265509,81.088562
0xD6e66bCdA1206c607C2328CD6A3C73865Fa6a803,USDC,104.248507,103.683312
0xD70F36994173A560F457882F8Dd342aeDFEe59f0,MAG7.SSI,0.000000,113.156113
0xD70F36994173A560F457882F8Dd342aeDFEe59f0,SMAG7.SSI,5.312700,0.000000
0xD70F36994173A560F457882F8Dd342aeDFEe59f0,USDC,58.000000,0.000000
0xD72873Bf027c496b1bC328c37BB31369963dde5F,MAG7.SSI,5.457623,0.000000
0xD72873Bf027c496b1bC328c37BB31369963dde5F,USDC,59.717586,108.358590
0xD72873Bf027c496b1bC328c37BB31369963dde5F,USDT,11.320096,0.000000
0xD728Bd723733a67259861d31e3Be275aBea105fa,MAG7.SSI,120.092000,0.000000
0xD728Bd723733a67259861d31e3Be275aBea105fa,SOSO,80.075000,0.000000
0xD728Bd723733a67259861d31e3Be275aBea105fa,USDC,944.488178,963.197488
0xD72B233Cd84A1976521eAaec0BF94a741829bF0c,USDC,40.378860,39.579569
0xD74297434D912Be087CAb4ccB9C8B0d73B230Ce3,USDC,17.500000,17.500000
0xD745b96C32401519b5b07eAFAD624b6553b905b1,USDC,205.000000,204.311281
0xD7532F1fF83BcB452198a2BefbCCD64Ad65945c5,USDC,20.168747,20.506651
0xD76789F8a88e033303d25C1ad22C9B88D17Ac469,USDC,38.793850,0.000000
0xD76D996952A0ebfC0505A428534140AC6A757267,USDT,16.000000,0.000000
0xD7B7991f35749BBA20bA8f23930eE4221F787fC4,USDC,15.105001,0.000000
0xD7CeE912BeB61e8e65b47f386723e39A4Efd4c83,MAG7.SSI,15.018700,14.303600
0xD7D77418C624445F609863ee28d9692d9891b169,USDC,375.431533,50.000000
0xD7EC2832d42F83E112a44C7e6C0370D50BDe0F8c,USDC,16.000000,0.000000
0xD7b354D5C2382F46C05A0588c8482d7Eb6cb718e,ETH,0.000000,0.018286
0xD7b354D5C2382F46C05A0588c8482d7Eb6cb718e,USDC,50.747551,0.000000
0xD7ca0097971a1EB9Dcb5992Fa7F09Df56DCa9B74,SMAG7.SSI,256.867900,0.000000
0xD7ca0097971a1EB9Dcb5992Fa7F09Df56DCa9B74,SSOSO,186.104900,0.000000
0xD7ca0097971a1EB9Dcb5992Fa7F09Df56DCa9B74,USDC,40.577589,229.697304
0xD7dC662d4BF56f51E6dea88B325627cE1b7652c4,SMAG7.SSI,40.973800,0.000000
0xD7dC662d4BF56f51E6dea88B325627cE1b7652c4,USDC,6.702817,0.000000
0xD7f7E782BAF99999816562dC388566D80D6f9DF7,USDC,39.645000,41.597354
0xD82F1EaD1D041157892Cc70e1cc3c381BAEAFdb3,USDC,39.000000,41.259400
0xD82c55d3F89DC0C82315614A65318803514FEC29,USDC,15.132405,15.132405
0xD840950e0962F797988cAEA17F8D89F384759642,USDC,15.500000,0.000000
0xD84C13B4e785c83bbaa9E7c63Cb2BBeBbbCEAA62,USDC,15.023600,0.000000
0xD84b22fAE51D5dB2F4e8166Ce473856a1f4767f9,ETH,0.000000,0.031893
0xD84b22fAE51D5dB2F4e8166Ce473856a1f4767f9,USDC,190.000000,102.186122
0xD864AeC8988DEC2616c9e8d0c5fF593E59EEa324,USDC,604.231797,593.918831
0xD869C59Fa2F50146983C61C380396bc1233fbe2A,USDC,25.882497,25.546786
0xD87C89c8d755FB6Ed703B605ce4e52c7d46331F3,USDC,41.500000,39.962915
0xD880d6aBd49124fD884Bf1365C639b4fc34A732C,ETH,0.010000,0.000000
0xD880d6aBd49124fD884Bf1365C639b4fc34A732C,MAG7.SSI,645090.509052,760518.872843
0xD880d6aBd49124fD884Bf1365C639b4fc34A732C,USDC,563987.574346,504792.349845
0xD882C535d31482f83e501aE56D55d1A5cc39b676,ETH,0.039021,0.044879
0xD882C535d31482f83e501aE56D55d1A5cc39b676,USDC,11.002179,0.000000
0xD8Ba8371bc1C4B71034ab85c203BC218E1748328,USDC,15.003900,0.000000
0xD8D0F6648b5ab5Db28eaDA0644d210e39d877831,USDC,100.794970,100.249689
0xD8Dec15bE6471A44b3acbC384045b278F975f745,USDC,40.000000,38.966876
0xD8EC8A8Bd9447e1129393da9691AfE735dAbA995,MAG7.SSI,15.027900,19.450151
0xD8bCEC36981C977E406F165c6E2d2866F7A40D85,USDC,37.000000,38.697220
0xD8c9DDF8C357eA3bF1DDF1A49a3C8e8D42BCF838,USDC,39.500000,41.754194
0xD8e1c21035C887B72744b6f668F4b8D14b82ea02,USDC,8.155399,0.000000
0xD90371d5F5844EDef80629E5CCE9Bd695952Aa5c,USDC,15.000000,0.000000
0xD904CD0c74D070cd9973C50b5825c81B4905685d,USDC,48.750060,47.913815
0xD9063b8A9482219c58168b4eA2C12179f539Dc84,USDC,104.200000,102.742731
0xD9091aE775eF2FD9172551a6E6841Cf71bcD8021,USDC,37.000000,42.218636
0xD91eDf693528E557502BE52DaAc6241cb5Ad43CE,USDC,39.308782,41.535164
0xD948E8a540C4ce59533Cd0fe56E0Df3f07e5485C,MAG7.SSI,0.000000,77.458973
0xD948E8a540C4ce59533Cd0fe56E0Df3f07e5485C,USDC,37.600000,0.000000
0xD94A1d77Ed567E75222a4a087829939eb2903bdf,USDC,39.000000,41.284196
0xD95498DFBCaA41ad4Aa337C24b3c684695490243,SMAG7.SSI,37.319000,0.000000
0xD95498DFBCaA41ad4Aa337C24b3c684695490243,USDC,121.113315,0.000000
0xD95ED9B9bBc315FD6529919b34E777ccb9bF8200,MAG7.SSI,5.000000,5.000000
0xD95ED9B9bBc315FD6529919b34E777ccb9bF8200,USDC,5.000000,5.000000
0xD95F85fc4Da7254ff2536dA2BAe438b8d9eE2ba2,MAG7.SSI,15.194400,0.000000
0xD95dC20d02cBA28DB6d443D3Be1584c89bcc4af2,USDC,38.700000,38.110461
0xD96575485bc7DED83ff565ddc66Fc278788BdD06,USDC,15.000000,0.000000
0xD96f3A35bf561557d1675E904321247273Aaa148,USDC,16.000000,0.000000
0xD98Ff8DBc09139042e3daDD59901C2B8034F3Bb9,USDC,20.000000,20.000000
0xD9C51E8bfBC9b08449E9551221ECCAf1Cd33978a,USDC,830.203471,819.660303
0xD9C7C9545b19CF4f6FCC57d0d65D9120eDc2637d,USDC,38.500000,0.000000
0xD9Cf6469f12c3a571A250B0BeCad01945Ee22AC8,USDC,41.880000,0.000000
0xD9Eeb217ce64a84563f91B9a52Ba2DAa7dcf1128,BNB,0.000000,7.074044
0xD9Eeb217ce64a84563f91B9a52Ba2DAa7dcf1128,SMAG7.SSI,4366.045200,0.000000
0xD9Eeb217ce64a84563f91B9a52Ba2DAa7dcf1128,USDC,6300.000000,0.000000
0xD9F21E8849D3c7Ad9D08F7F07f4b54412704D5D1,USDC,11.129136,18.511366
0xD9aEdc5645a1C6f183b9A9a528fCb31e157170f8,SMAG7.SSI,65.989800,0.000000
0xD9aEdc5645a1C6f183b9A9a528fCb31e157170f8,SSOSO,85.215900,0.000000
0xD9aEdc5645a1C6f183b9A9a528fCb31e157170f8,USDC,38.639462,0.000000
0xD9afCe8961879ac7e3D13253883F7B1c2D497C41,MAG7.SSI,35.112763,35.112763
0xD9b747F3e0d352E52c43a126EECb7899d90f4120,USDC,40.010000,38.348201
0xD9c45bb7A1185dE945B15e7613d54BaBdE0c3F68,USDC,37.239000,40.850424
0xD9e209efA2eAF555e33491Da8f53Dd8dAB9F75FE,MAG7.SSI,15.500000,16.000000
0xD9e209efA2eAF555e33491Da8f53Dd8dAB9F75FE,SMAG7.SSI,28.500000,29.000000
0xD9e209efA2eAF555e33491Da8f53Dd8dAB9F75FE,USDC,15.442350,14.215236
0xD9f42048783CCe23419274787760683fEafD8b44,SMAG7.SSI,37.960500,37.960500
0xDA0aBd8E66cf5e29385919007dF44E8AeB17DD08,SMAG7.SSI,2437.000000,0.000000
0xDA1C68E78A8000C402C80422eB8D9404D249F4Ac,USDC,38.000000,42.611903
0xDA1eFdfD64D24C5061BAe4a3456fA1b2A4E957df,USDC,500.850083,500.399418
0xDA2A8567909b303cD1E477a8c8690041E8270612,USDC,35.000000,33.911470
0xDA31b9D818F8514a1B3bC35ABc1D7fF13Ed394Fd,SOL,0.030000,0.030000
0xDA31b9D818F8514a1B3bC35ABc1D7fF13Ed394Fd,USDC,233.560990,140.379718
0xDA556e559e0B87fc365987440d616a01E198449C,ETH,0.053060,0.102356
0xDA556e559e0B87fc365987440d616a01E198449C,MAG7.SSI,0.000000,78.907917
0xDA556e559e0B87fc365987440d616a01E198449C,SMAG7.SSI,13.232600,0.000000
0xDA556e559e0B87fc365987440d616a01E198449C,USDC,106.986640,126.267631
0xDA637781fEDBAb6C6811A362F4BFdE9e93A52936,USDC,0.000000,52.404013
0xDA757854bB79145dDB0A3B69Fe64fe77c9c7Ec9a,USDC,15.652000,0.000000
0xDA7ffaA383fc6e33fcfb58DDDe8b81E5bBe8d995,USDC,39.650100,0.000000
0xDA828D36dd437ae7710f303ef5D8ab8b901596c0,USDC,100.000000,0.000000
0xDA965701E42168658D4A98167853C4c3adcF9c38,MAG7.SSI,314.238316,0.000000
0xDA965701E42168658D4A98167853C4c3adcF9c38,USDC,9665.202715,677.220292
0xDAf74AB8fE44D0F4e7E38972a082a8629Ac8aB59,USDC,15.000000,0.000000
0xDB1f0CFaDf3a47dB0F5127bB54FD20d62f5b1d2D,USDC,40.000000,41.803536
0xDB50bcD8C51c2b7401233e4BF3B29AF442e5e34C,ETH,0.011000,0.000000
0xDB50bcD8C51c2b7401233e4BF3B29AF442e5e34C,SMAG7.SSI,124.055600,0.000000
0xDB516FAe24b6601B677F0AB29F4aCf94CdDAfBcF,USDC,38.000000,40.079943
0xDB8C2648ADA40075b8774A64aba331c250B162DF,USDC,15.020200,0.000000
0xDB90cC5E11FDf050D054db1967864677C7540768,SSOSO,5.827200,0.000000
0xDB90cC5E11FDf050D054db1967864677C7540768,USDC,28.000000,0.000000
0xDBEFCC92211F3682E3360Ee5e3bACE74743f6353,MAG7.SSI,71.542942,71.542942
0xDBbD65026a07cFbFa1aa92744E4D69951686077d,ETH,0.500000,0.458956
0xDBbD65026a07cFbFa1aa92744E4D69951686077d,USDC,466.644299,367.323026
0xDBcfC756A1BEf66DD5001Cd935ae8d7201e9c04A,USDC,15.000000,0.000000
0xDC2F005067a2D2E0CF86f769E08B5C3212b38Cda,USDC,20.000000,20.000000
0xDC34678BFb2fe34E464293d0260BFebC0D6B2a04,USDC,25.942986,0.000000
0xDC3F93744EC88DE6782b70b6bcD668F6A334EFBA,MAG7.SSI,79.977015,79.933214
0xDC3F93744EC88DE6782b70b6bcD668F6A334EFBA,USDC,30.891883,28.988813
0xDC40bA439268083720AfC14DDF10AbAf04d5742a,USDC,39.500000,40.852922
0xDC6E03Be389c5FC59F6c735462c13C025caE49Df,MAG7.SSI,68.542942,68.542942
0xDC8F5C3C82610501e81e5e1E6d375f63932660B6,USDC,49.800000,0.000000
0xDC9D84Bb8B7e090bE93D51F0f6B751f9E498Ad04,ETH,0.050000,0.067120
0xDC9D84Bb8B7e090bE93D51F0f6B751f9E498Ad04,USDC,160.732021,0.000000
0xDC9E53Cc038c56897bfbC6c1718fDd82F554411a,USDC,59.507283,50.070977
0xDCD7456497a620dbF26CeF41dfB678521eAF7525,MAG7.SSI,29.528849,29.512249
0xDCE7c8aF86e968272DA0E5fB32Eae03bE9A07428,USDC,169.739646,102.226822
0xDCe3Db8E2471b857D02869ffAB1FF5f3C870D63B,USDC,39.880000,41.511584
0xDD1C198E4ae555eBC5aC832e304e0f6eA1e95041,MAG7.SSI,0.000000,76.391423
0xDD1C198E4ae555eBC5aC832e304e0f6eA1e95041,USDC,40.000000,0.000000
0xDD4ADf6E18d4E462EA8C20bbef4eC877F941576a,USDC,7.960000,0.000000
0xDD4e97e550150B9D6c73F726612f4b197cF0Eb9b,USDC,200.000000,0.000000
0xDD50684A0567D79E26e8A3A8F65299A88294d26f,USDC,15.004800,0.000000
0xDD71BF690c1E38e10851BE2Ba5EdEeE730E737a2,MAG7.SSI,75.616600,0.000000
0xDD788A3288e2A78D8273D0552a1Ad38AA3865213,USDC,423.851963,419.545659
0xDD89C858368095e4001DF2f1821203EBA199c1f2,USDC,15.013300,0.000000
0xDD9234e444DfF404e82CcE623860235B5eaF57f1,USDC,15.029100,0.000000
0xDDA821919b8DF8691c2E7054D77A573f2882273A,USDC,15.004500,0.000000
0xDDC3951ec814d8d219c8225bDAdCF39D012D9434,SMAG7.SSI,11.922300,0.000000
0xDDC3951ec814d8d219c8225bDAdCF39D012D9434,USDC,6.000000,0.000000
0xDDFe4e5c6D3288225771B4cbc8e8E022011713E6,USDC,41.125715,43.337178
0xDDdd3b987e8159Fd16a4A6fAE558C9459A6500f9,USDC,39.350000,0.000000
0xDDf23E1476D337F7fB9389fC3e4A992bE0566b91,USDC,300.000000,287.280382
0xDDfFCb242698a125D9fDb95641Cb6590A54265d1,MAG7.SSI,58.113372,0.000000
0xDDfFCb242698a125D9fDb95641Cb6590A54265d1,SMAG7.SSI,303.074700,0.000000
0xDDfe0a7335112fdA64D47e7547b71971bcdBcf56,USDC,427.366300,335.933723
0xDE1546782B36145e59a43fcD87d38Bb4D721c58d,USDC,518.975900,428.984640
0xDE26F8C61375eC6fE70EFD654FD39BFfeE5Df00C,ETH,0.062138,0.061009
0xDE30af246220a8dda8169c6902C8179eD57da785,USDC,22.119208,0.000000
0xDE7F211AcB755120947A334DD6541C9DFc64AdBf,USDC,39.000000,41.661183
0xDEA04F04E2f54f37C1b2f9D4e9A5c826de23F07b,USDC,200.000000,192.224460
0xDEA7EA24f140DfeF70158ee1F6a6e5864BC75e23,USDC,20.000000,20.000000
0xDED0bBB44bB384540924973520df717f98706767,MAG7.SSI,15.274500,0.000000
0xDED58131f544070AddeeaA3274b6549c61F72E62,USDC,15.000000,15.000000
0xDED98168e59EE9f810dFBFCb96EFA7646CC19c11,USDC,5.506500,0.000000
0xDED98168e59EE9f810dFBFCb96EFA7646CC19c11,USDT,5.500000,0.000000
0xDEcD0C63B838f808AbACa3372e664Abf56741131,USDC,39.000000,41.345689
0xDEd3E9ebbfD90be154672Ad5E9Da27D62688bC60,USDC,50.000325,0.000000
0xDEdEEA1a83641c8d97ef2Fac7e1a4F5E1f254570,USDC,374.357592,364.681701
0xDEf1d2A2FBF325818009562E6Eac977048c1F20A,MAG7.SSI,15.060000,0.000000
0xDF8f7dA5e6b8F140Ae52b027368444F024B3CB6F,MAG7.SSI,15.159900,19.721775
0xDF90e2BaFeB30F47B1849d54C98dAE9b53F40FE2,SMAG7.SSI,7.231000,0.000000
0xDF90e2BaFeB30F47B1849d54C98dAE9b53F40FE2,USDC,38.312161,41.646062
0xDFED4576fE37c706dF80a03bc9b78a96c356d592,USDC,47.527766,46.507747
0xDFF613269FA7E5e3F45C3a8eCF1d1aCa5762D170,USDC,68.368980,67.249072
0xDFf8534f3eE03A94ac7d155a5BEeF97Feb2d0182,BNB,0.061000,0.000000
0xDFf8534f3eE03A94ac7d155a5BEeF97Feb2d0182,ETH,0.015000,0.080447
0xDFf8534f3eE03A94ac7d155a5BEeF97Feb2d0182,SOSO,90.000000,0.000000
0xDFf8534f3eE03A94ac7d155a5BEeF97Feb2d0182,USDC,102.216637,0.000000
0xDa1c74f4be5E92867288E9941E80F72189AD6141,MAG7.SSI,113.128286,112.865691
0xDa1c74f4be5E92867288E9941E80F72189AD6141,USDC,16.002000,16.002000
0xDa28816d984c024fE304eb3f85592322ABc07579,USDC,16.000000,0.000000
0xDa2Ef29c95A3bE1437F4d7F98e852133097443BA,USDC,37.465000,41.130554
0xDa6538420a0d6b5C6887EcAF4C24ED2185D4454c,USDC,30.579596,29.732474
0xDa8b691d258009c2A1839CB9a7108044A995E347,USDC,39.000000,41.321472
0xDa8dDd575f94F007846F9e59116D06992F4D0ceC,USDC,39.000000,41.610871
0xDaB5745f2cEaa099b22481BC94Da19E6C0AcA2b0,USDC,23.020026,20.156845
0xDaCC7f2dE197b269B796b15eC30Bfe239a964A22,MAG7.SSI,5.000000,5.009200
0xDadAD4b78602F7DE479986f30482AB524f6c41B1,USDC,1986.000000,1986.368699
0xDb1658aF8EE397e340964E186FbD26501ae4C054,MAG7.SSI,34.012763,34.012763
0xDb5e3621a5410E35e827Aff1E77F3c765894051c,BNB,0.000000,0.058961
0xDb5e3621a5410E35e827Aff1E77F3c765894051c,ETH,0.000000,0.026260
0xDb5e3621a5410E35e827Aff1E77F3c765894051c,USDC,103.710000,98.895484
0xDb7B32b579F1649306a7A967Dc08EB96Ec10c202,MAG7.SSI,15.755500,0.000000
0xDb7B32b579F1649306a7A967Dc08EB96Ec10c202,USDC,0.000000,8.079964
0xDb94400e62aAf0e8a8e1BbEE6C605737add09f5C,ETH,0.011989,0.011679
0xDbAc52DDAe48ac6d96c8671a119d3dCcE9E44401,ETH,0.258038,0.000000
0xDbAc52DDAe48ac6d96c8671a119d3dCcE9E44401,MAG7.SSI,409.659017,0.000000
0xDbAc52DDAe48ac6d96c8671a119d3dCcE9E44401,SMAG7.SSI,911.308600,0.000000
0xDbAc52DDAe48ac6d96c8671a119d3dCcE9E44401,USDC,1199.766358,0.000000
0xDbE10F8F9a745F291987D18b845851953E234468,ETH,0.008100,0.000000
0xDbF4FD413CbF7fFC56a4156f59a31E7456B2E9db,USDC,15.011900,0.000000
0xDba1F270f84BEddA82b6559A2654F3404cD821F3,USDC,0.000000,73.632852
0xDba1F270f84BEddA82b6559A2654F3404cD821F3,USDT,82.373726,0.000000
0xDc17E3EBCA510a08F181f73cb70C14291ac51AB1,USDC,2406.430732,307.144376
0xDc34FE64540D9b3f5CD724Ff66329D054440e892,USDC,15.558675,0.000000
0xDc7EF8F47d76e087952A2fEF85f9f335C39D611B,MAG7.SSI,118.315426,0.000000
0xDc8e90f7dA9e895c5C9DB206657F3281D6015e62,MAG7.SSI,189.386436,181.676435
0xDcAAaca57D4D93367B4525b2F716c3b5DA2D9670,USDC,70.529592,56.784616
0xDcBe259b2eDDB706147C1257D9DAF58134912609,USDC,37.404000,40.904243
0xDcD1022AA259f75d5a7417533C7101c5255c151a,ETH,0.220000,0.000000
0xDcD1022AA259f75d5a7417533C7101c5255c151a,SOL,0.000000,3.797854
0xDcE92d1d42e56d1181923857821Feb65dad926E2,ETH,0.006500,0.006500
0xDcE92d1d42e56d1181923857821Feb65dad926E2,MAG7.SSI,308.226000,201.834700
0xDca99035b590FDAdE1e6f07D4B916A63a9FE35Db,USDC,40.036034,0.000000
0xDcfA7b8b600A1690Dd1bCE23D2B6D77f24bbB4f7,ETH,0.002297,0.000000
0xDcfA7b8b600A1690Dd1bCE23D2B6D77f24bbB4f7,USDC,136.000000,0.000000
0xDd0Eb1a7442509220FE4365f666c422DC0395857,SMAG7.SSI,0.000000,7.289335
0xDd0Eb1a7442509220FE4365f666c422DC0395857,USDC,424.603798,61.345217
0xDd514d728635b6Ca57Cf8510c1567dc8B18cd5A0,USDC,14.280000,15.000000
0xDd77378bA50a20Cf97C55ae28E09Cb26f518173f,USDC,37.046000,40.508928
0xDd9c278b71FFE50686Dfb567bd5b3153e891Ae40,SMAG7.SSI,5.000000,0.000000
0xDdC99012CD201E4649E1D2cB9b69534e57228730,SMAG7.SSI,155.685500,0.000000
0xDdbA2c69FFF7d5f82E10490455064aba9De94712,USDC,39.759100,0.000000
0xDe21FCCFfa3B4c24E1a88bf7D6b9B59ED4Cc9142,USDC,200.000000,163.238207
0xDe2909b11d1148b4bD2DA3664bCDC9300EC257D1,MAG7.SSI,0.000000,15.008939
0xDe2909b11d1148b4bD2DA3664bCDC9300EC257D1,USDC,71.757329,64.157329
0xDe31A9b4eD9cf6472b080ec8e868043b3240c2B1,USDC,17.602878,17.602878
0xDe39dE484C3AD59176937d806E604f72657000aD,SMAG7.SSI,332.909300,0.000000
0xDe39dE484C3AD59176937d806E604f72657000aD,USDC,25.000000,0.000000
0xDe6387581DF788a49a5879eFFfa9FE30Da7b380A,USDC,948.214723,937.450770
0xDe816114E57e3B00c3CCd751C18fC6aCD452968b,MAG7.SSI,467.719659,0.000000
0xDe816114E57e3B00c3CCd751C18fC6aCD452968b,USDC,348.000000,0.000000
0xDe968c8e1a7569F68D12C9F068889E7D93FaE21b,USDC,16.000000,0.000000
0xDeA07108449F83b77CA4022673CA4d668C90C35F,MAG7.SSI,14.000000,0.000000
0xDeA07108449F83b77CA4022673CA4d668C90C35F,SMAG7.SSI,0.000000,13.971930
0xDeCd45E3Ee0576E913559dA33C4B964FB22B9565,USDC,225.647190,0.000000
0xDeFb5005a40A3380F142db5f3AEb33689ebA6Dec,USDC,6.000000,6.000000
0xDefE54D4a0449A0F9a3e5e076a0DDC0CC886272e,USDC,12.673610,10.469478
0xDf0048d162Cc3CD6B2391e55Fced7a1BAc004C20,ETH,0.000000,0.011898
0xDf0048d162Cc3CD6B2391e55Fced7a1BAc004C20,USDC,55.964051,42.553672
0xDf16d2a465E520CDa590E40973Bf280F2A77D257,USDC,49.800000,0.000000
0xDf19F32325d1d9b6Dd01CB368A0b0Afceaa962ee,USDC,15.007300,0.000000
0xDf1C26e6E4E30a44a1883e77faefB1C08edBc133,USDC,262.000000,259.730000
0xDf217fadbaddd7ddd0083a97Ad13bA0974507Aa4,USDC,1980.000000,1978.361000
0xDf4635fbeE262636A70A6cA4B2AD88526C968d92,USDC,15.000000,15.068101
0xDf8277b85527993dDDbb258ea62DCBE779f71200,USDC,15.013700,0.000000
0xDfA88bcbD03F891d216BEe0Df23fF98F451ecd5b,USDC,2100.000000,2333.168926
0xDfBAD7e7834b14F6237c202F49ac002f2e442C01,ETH,0.005000,0.005000
0xDfBAD7e7834b14F6237c202F49ac002f2e442C01,USDC,11.913591,11.913591
0xDfD9323b5a2681d307C2043bbb5E622c6F46F239,USDC,594.888243,586.050050
0xDfDF8BfA5cF16a0C0042db328ec73cd79FBfcEf8,USDC,521.588136,513.106140
0xDfDa9A2db481127D5713a76ba6e33c1A4DC12546,SOSO,45.000000,0.000000
0xDfDa9A2db481127D5713a76ba6e33c1A4DC12546,USDC,0.000000,25.265269
0xDfE87824C17E614F852f0A5f655BBE1f6e8CD63B,USDC,22.700000,0.000000
0xDff81C683d677CB32D12245193fD5eEb711832ED,USDC,99.900019,0.000000
0xE025fdDfeEb0647E65794c5dcdf119AB7A8a6a94,USDC,38.000000,40.376509
0xE03C826E0DD9A699093ee1a605B219E85A46aD33,MAG7.SSI,75.584400,75.508500
0xE03df6F81b435e11321188fd546b70E702dB26b2,MAG7.SSI,15.265300,15.249200
0xE044ae8Eda752beb83cc01aF475eF01Da167cea0,USDC,15.000150,15.000150
0xE049c9b26c7F26f7a20BCE5E7fb0b1FD2B26E002,BNB,0.067200,0.064696
0xE049c9b26c7F26f7a20BCE5E7fb0b1FD2B26E002,LTC,0.615747,0.000000
0xE049c9b26c7F26f7a20BCE5E7fb0b1FD2B26E002,MAG7.SSI,0.000000,78.718254
0xE049c9b26c7F26f7a20BCE5E7fb0b1FD2B26E002,SOL,0.720974,0.000000
0xE049c9b26c7F26f7a20BCE5E7fb0b1FD2B26E002,USDC,125.000000,15.595192
0xE049c9b26c7F26f7a20BCE5E7fb0b1FD2B26E002,USDT,98.700000,0.000000
0xE07969Fb128eDc82e772A28b77A6230e75FB5D77,USDC,20.000000,20.000000
0xE07f160E8C16b217ECd9da98e81A30aA5bE831F5,USDC,39.964100,0.000000
0xE080F6a268d8270Ed44E131975f685edf6087dA1,BNB,0.143792,0.000000
0xE0864775Ba9F7C4752d22270b6648FbEB1270F49,USDC,12.001596,0.000000
0xE08D9cc9b651cB95dE82562a3642AfE7c7CDb902,SMAG7.SSI,20.658100,0.000000
0xE08D9cc9b651cB95dE82562a3642AfE7c7CDb902,USDC,5.000000,0.000000
0xE09B0B295E88B11917191197aE05Ec6D2855ae36,USDC,23.257788,0.000000
0xE09dE359f0eE8754876b5B9377D7A416170deD88,ETH,0.062138,0.060766
0xE0AB14b5f103f760B18299297E30C22b920C217D,MAG7.SSI,15.080000,0.000000
0xE0Ccb5ECDbCf3f48b91633A4cE5FFEDBF163519E,USDC,15.010500,0.000000
0xE0D2cf48B94B06cE9bb65bDF04956A0c9BDDD1bC,USDC,15.009600,0.000000
0xE0D7Af7753dc7267EDB1c83fE23910262689D5b1,USDC,0.000000,15.608720
0xE0D7Af7753dc7267EDB1c83fE23910262689D5b1,USDT,15.646526,0.000000
0xE0b2a01958007A753fC74891497d44E59971cD95,ETH,0.012000,0.011675
0xE0cA44DeD39E80c3c368bD0c815E083146eFfAe2,MAG7.SSI,29.145321,29.145321
0xE0ea85AAA3cCDcbcbFDAcA3262f0fd39768b6F99,TON,14.841082,4.976763
0xE0ea85AAA3cCDcbcbFDAcA3262f0fd39768b6F99,USDC,0.000000,26.663899
0xE0fe32f00Ad3a5c539d25a3dDd979dde6049C960,USDC,15.009100,0.000000
0xE10Ba4ed68B526739c9D1b6C4F594A26139aD7a0,USDC,15.026200,0.000000
0xE1322C790787DF92266d1dEa798db5C3253BE9bB,MAG7.SSI,15.020000,0.000000
0xE1359437E0Efd98B857eF40C44dAcBDC6fC34Da1,USDC,372.610952,335.596443
0xE13D44F75bAe6eee1F951593583901B872b8b1bC,USDC,39.070000,38.368493
0xE14809E4B64F12163DaCf26f8f9Af72439C66fa9,MAG7.SSI,15.063200,0.000000
0xE15d6F9553fDFfd10AE681b1Df0635008C2134D4,MAG7.SSI,15.060000,0.000000
0xE1714E9a1028393E0c132188AFe3D90D139e45a1,USDC,11.950000,0.000000
0xE178de0C5404a7de8056DeCbfC014B7843c39Db8,USDC,15.000000,15.300007
0xE179383e2973D5a90461d7aBA378eC2E62c4514C,MAG7.SSI,72.542942,72.542942
0xE181cEcBb7d05D70C7D88e45898F504b2DCC729a,USDC,100.000000,0.000000
0xE192a8040C97d8e2d4C249bf9e57FEaeaE247A84,SOL,0.000000,0.455703
0xE192a8040C97d8e2d4C249bf9e57FEaeaE247A84,SOSO,4.547411,0.000000
0xE192a8040C97d8e2d4C249bf9e57FEaeaE247A84,USDC,47.251635,85.816421
0xE1A45c7Ff4b58b26Bcb270De17d0Fb2E6F1edb9D,USDC,16.366721,12.981034
0xE1Cc8be58027f40d8a9EeD1b98efd7F93d730624,SMAG7.SSI,85.139600,85.639690
0xE1Cc8be58027f40d8a9EeD1b98efd7F93d730624,USDC,45.200000,0.000000
0xE1Fb6730eaDFe94fac058ef4473d5f2e16ECebb8,MAG7.SSI,306.615500,306.170100
0xE1fA8be76020ca6582D6AE974aDbB631f8c05f22,USDC,15.300000,15.598586
0xE201D136ebc235448f21c570E2Cf76bc071bCA3c,SMAG7.SSI,17.580500,0.000000
0xE201D136ebc235448f21c570E2Cf76bc071bCA3c,USDC,10.000000,0.000000
0xE2076bF6c617DE289Ca85f762ADeB79dAB55E56e,USDC,38.020000,39.377094
0xE2086c3F6359f2F14f3B9A805a0FdF9B35DE8FCF,USDC,50.000000,36.387232
0xE20d1e2a7eCD9Bc48Af78BE9fb1b7cEE43869709,USDC,636.115315,627.401470
0xE215F41C9FbdFE00b06d1479F483488b227952Ca,USDC,15.024500,0.000000
0xE2174E840bC0247d1aFA6c7d8c45d8B9879763dd,USDC,16.500000,0.000000
0xE21FE7665cD831CBf5CC60B05E0999AA2DD819F8,USDC,405.350498,392.487893
0xE22dbAc23002396aA5E1E696187D0D45E8962f1A,USDC,363.430980,390.637781
0xE23cEDAdBBA887bF6bbB6f161ff9281F6C39b5eB,SMAG7.SSI,2509.168900,0.000000
0xE23cEDAdBBA887bF6bbB6f161ff9281F6C39b5eB,USDC,0.000000,342.325242
0xE244c102DD608FDdd9994ba19967E1176879dFf4,USDC,23.252079,23.311068
0xE246f3D89Ac98D4F1E0969A1FC585AFc6D2dA38b,USDC,599.655300,505.988480
0xE25e16E4fAc6D3ACa3B7368206C82352642515E5,SOSO,30.446280,0.000000
0xE25e16E4fAc6D3ACa3B7368206C82352642515E5,USDC,6.304183,6.538996
0xE2C9A54F2334Da6d2d5d5Be7aE47b86eeF5fA389,USDC,44.069200,0.000000
0xE2E4151CE69655a2FD958bd4A226370Ac04CFC09,ETH,0.008000,0.004000
0xE2Ec8D69197921b577a232757B60574366060062,ETH,0.003000,0.002895
0xE2d2009166483BeCD706E4DF1ba9160c8B3a8A4A,MAG7.SSI,0.000000,15.039029
0xE2d2009166483BeCD706E4DF1ba9160c8B3a8A4A,USDC,74.757329,67.157329
0xE2dcB404731d77B7829D5A600FA4F12917C27CfE,USDC,22.948856,13.381117
0xE2e6aFE1eD896346a18381978f4500B77751b6A2,USDC,15.000000,0.000000
0xE30B224f80592dBC1D7b383852A8cE2ef7dD5329,ETH,0.051100,0.000000
0xE31055621458bB8B2D41AAB4B53c2469c1DDe756,USDC,39.150100,0.000000
0xE321af817381a0A3e4b63c11F44dd18f65a6eD6a,USDC,15.025200,0.000000
0xE3281689387c959cD7A116B2d63Df48FFeD256Ba,USDT,15.280000,15.280000
0xE32979d8E03849C21b190983C517479c6A98eCe0,SMAG7.SSI,315.770100,315.503502
0xE32979d8E03849C21b190983C517479c6A98eCe0,USDC,157.394706,0.000000
0xE32AfB3A505c76106Be86129A2A3A5e1E2467076,USDC,206.467875,26.000000
0xE32ef09702f0047123D905b137307890d4206685,SMAG7.SSI,1055.414700,0.000000
0xE32ef09702f0047123D905b137307890d4206685,SSOSO,385.135500,0.000000
0xE32ef09702f0047123D905b137307890d4206685,USDC,83.010177,0.000000
0xE33075e3B893E6230b5092688C7f3ED1FeAE2632,MAG7.SSI,72.042942,72.042942
0xE344fCA2c795854E1959C8c5c6de347B4375379e,USDC,49.800000,0.000000
0xE361b7a2025f5cF46DAC4c4d8b0504C98D2b2294,BTC,0.000246,0.000000
0xE36eda592269F30Dfae1514612e6dB5eF500D007,MAG7.SSI,36.212763,36.212763
0xE37E820d320d9bC47e155138f229Ab98cEb36644,ETH,0.003000,0.002894
0xE39fb9fC5978482539BA292970Acacf76391D62D,USDC,41.206000,35.553795
0xE3Bdf77DdC125B486a8f2A7ded695b64d33A8E03,USDC,39.150100,0.000000
0xE3Cb0DFb9854B3cd010BcB254E916e05a3E2Ea06,USDT,100.500000,100.500000
0xE3E50734763A0d8369B9738D391C7E534D50976b,USDC,15.300000,15.621236
0xE3F89De9e023832Aae0FeaD626D6fD79ef1a5135,MAG7.SSI,15.029000,0.000000
0xE3Fc57cE85A99Fe60d498765dE8993015528E16A,USDC,0.000000,7.829789
0xE3a4337c3a70509530BB5632a85ddCb8183ebf4d,USDC,39.000000,0.000000
0xE3c2918c898EDF3Be22C64618590622b5038218B,USDC,15.055700,12.946762
0xE3dCa4B38B753A03489b4A5dDD926Ec204970b50,USDC,36.950100,0.000000
0xE3dF039b19CaFBC46D1D28A938508712C52eaa2e,USDC,108.744949,66.802453
0xE3dF039b19CaFBC46D1D28A938508712C52eaa2e,USDT,25.500000,25.500000
0xE3e23936E5B3589d2feeF1df577eD0d17df2e269,USDC,9.000000,0.000000
0xE408E18Ab9451f06A0A8d13F07AA4E966d6Deb91,MAG7.SSI,77.667400,0.000000
0xE408E18Ab9451f06A0A8d13F07AA4E966d6Deb91,SOSO,10.000000,0.000000
0xE40d7F14ee54beD0293A11721d3a6E771c91C8e6,ETH,0.018206,0.017302
0xE41027178F12BEabCB4aEDA49e4F4C8C45FFDed6,SMAG7.SSI,1100.000000,0.000000
0xE41f8787Ee52F519eB1c9e7B1a83262432DC33c1,USDC,15.028000,0.000000
0xE42eF30EaAed4b578782663180Af91A7Caeec220,USDC,30.000000,19.000000
0xE438BB8677571Fda23cc2B47874e9e1d94e04656,USDC,15.001400,0.000000
0xE439D6a63D0A6dccD2cFDBBAe7159EDe1A1931B9,USDC,3003.796409,2992.726084
0xE43B974864149D5559bf0414dfF62A53B1E7D6e9,SMAG7.SSI,31022.870400,0.000000
0xE44C4ba9caFa3066Ae55c675910918f0EE444e03,USDC,16.000000,16.000000
0xE44dB3e5a5A0Cefb7d9005EF299D5A718b3BC841,SMAG7.SSI,481.638100,0.000000
0xE44dB3e5a5A0Cefb7d9005EF299D5A718b3BC841,USDC,301.000000,0.000000
0xE4654D785309F603E3Eb146F21De65de0cD34118,USDC,15.014400,0.000000
0xE469e728D4d951D6491520D4FBD2336d9c76cCdE,USDC,49.800000,0.000000
0xE46B43837128D18283B7D90F9931C79C0F5c2F73,USDC,15.015000,0.000000
0xE481c020A36419f6319Abb055F895acdf38B8A82,USDC,44.010000,46.441616
0xE485670d923a5C84352b04bf33fa7beF79A4F666,MAG7.SSI,0.000000,15.119401
0xE485670d923a5C84352b04bf33fa7beF79A4F666,USDC,63.257329,56.157329
0xE48De5B6F6131d14D5ba0B33960f3Dd456a27FD4,USDC,299.906500,0.000000
0xE49edFC0C34d0B7F42B69a710710D2c5A2fBaA1e,MAG7.SSI,16.596809,0.000000
0xE4B06aAF6f06b268100038Bd2E57c8a4C31FEfD5,USDC,39.450787,40.840634
0xE4Cb6b43C20FC6FbCBFea717EFAE6936C83a29B2,USDC,20.000000,20.000000
0xE4F654726DE8Ab72ab091a0eB65e528cdcCc88c0,USDC,15.025900,0.000000
0xE4cBCCeB3887Dc319d859A3626eb40f5cC2D237e,USDC,42.596000,0.000000
0xE4faa9E856f03CF60ec14Ee18eBfCa6c72F711ed,USDC,16.000000,0.000000
0xE4fc7B8C34127e079BD4d95BC55Ac6ae3778f8c5,USDC,44.494480,0.000000
0xE50681d35Ba91c5b13412ad2EA5f34b94141b122,USDC,100992.871220,110747.993371
0xE520Ce44383D6Fb39736b9FB27cB5B5684131799,ETH,0.003500,0.003395
0xE52cF618C46cE158185B58006b2C5204811B4bCA,USDC,0.000000,19.960000
0xE52cF618C46cE158185B58006b2C5204811B4bCA,USDT,20.000000,0.000000
0xE53E246b652820b83E9E5c4c3BC96a91ed327093,ETH,0.004800,0.000000
0xE53E246b652820b83E9E5c4c3BC96a91ed327093,USDC,60.000000,0.000000
0xE54815be27FBDFD4C8fDB06c9aC628886Ae45adD,MAG7.SSI,66.022700,0.000000
0xE54815be27FBDFD4C8fDB06c9aC628886Ae45adD,SMAG7.SSI,26.873700,0.000000
0xE54815be27FBDFD4C8fDB06c9aC628886Ae45adD,USDC,91.252155,0.000000
0xE5526CE4707033524bc63Ab72a658b2ce7fCe21D,ETH,0.017916,0.000000
0xE5526CE4707033524bc63Ab72a658b2ce7fCe21D,HYPE,0.000000,0.309878
0xE5526CE4707033524bc63Ab72a658b2ce7fCe21D,SOL,0.808258,0.899635
0xE55349ee32fb110154656e5DbC719132C104Fdc4,USDC,20.000000,20.000000
0xE555e4f84a896eba4BB708aCcEa6034265DE363F,USDT,15.010000,0.000000
0xE556d3574D23D2cEDF5223dD36BFd7607e97096c,USDC,39.500000,40.858300
0xE568c6eCB93235d1De1C9F4E86E1d8aaf50A1b27,USDC,43.950235,43.950235
0xE570e9DcF6552FfA7Bc48747269e4cA805699640,USDC,37.000000,38.981820
0xE57e25d4035F53ACc6eAa33FcBeB9C319210BCe3,MAG7.SSI,293.743500,0.000000
0xE57e25d4035F53ACc6eAa33FcBeB9C319210BCe3,USDC,2155.000000,88.953173
0xE57f3E3DF1edeBD2E97Eab82b5498d39D35d3bf3,USDC,15.003800,0.000000
0xE59136EFf335682362AAeC7f40d4D469A05B6a99,USDC,37.000000,0.000000
0xE5BaF6b19dc2DBBaB984dBD14fD4c5082E45161b,SMAG7.SSI,73.000000,0.000000
0xE5BaF6b19dc2DBBaB984dBD14fD4c5082E45161b,USDC,135.000000,0.000000
0xE5C06fe868726cc342f5a9EC50f242862913AaC8,USDC,15.320000,0.000000
0xE5F0AC20C533E82ad4b78E96C6B3A8c27635a454,SMAG7.SSI,37784.036100,0.000000
0xE5F0AC20C533E82ad4b78E96C6B3A8c27635a454,USDC,5084.918474,3410.020592
0xE5F9dCdaF3eE5c302B20747f48cbfEa1e74264df,ETH,0.004052,0.003623
0xE5F9dCdaF3eE5c302B20747f48cbfEa1e74264df,USDC,26.727196,21.808894
0xE5f4FA7493e8E8C6a2Ce6c24cf16C80550034a85,USDC,41.206400,0.000000
0xE5f9Ed41815Dd7De4E8651ad82d8a3e02c819cB5,USDC,15.008600,0.000000
0xE6213E236C972fe9e4f3e1E0a95d1a20719000cB,USDC,20.000000,20.000000
0xE62e22639Cfe1A8722e8FbC24D505950b2274Da7,USDC,37.000000,42.379748
0xE64C42bA73849FC90fD2E49B60FeFDC88A805117,MAG7.SSI,119.188576,0.000000
0xE64C42bA73849FC90fD2E49B60FeFDC88A805117,USDC,30.042280,12.975639
0xE665CEd18B0998EDE7236Da308e311e9261Dc984,USDC,200.000000,159.831935
0xE66a2f378969E5d31d3a31334D4389eA2C5735d4,MAG7.SSI,75.290000,75.214700
0xE68cF47a75b7E0A287a901d7E91a47ACAD339b9c,USDT,15.000000,15.000000
0xE696A889662F7bF993dc3D4C4bCD7C44f4FDb983,SOSO,44.465450,0.000000
0xE69D171A0335bAAFc97a4c4fb2e1079b32b264F1,USDC,17.101700,0.000000
0xE6A2906C3A063fE1AcbFD3204641310e8A19E2DB,USDC,23.100000,20.236819
0xE6AED5be91ceF830c0e09FA1CcCC6Ee006aC9600,USDC,15.007300,0.000000
0xE6C13B9DDca23444DAce661F5B1cDe591C439d5C,USDC,22.798462,0.000000
0xE6C297CeA49C08F14C281Ac7224a0a4190C8c5E2,USDC,39.960100,0.000000
0xE6Cba1377d4f8F53cf820422293BD6b58328Cf82,USDC,39.967100,0.000000
0xE6D3c1Ea467c6b34D75Fc52f9Ec0B47193c2b663,USDC,15.023300,0.000000
0xE6E7c181ac3b45d0C18396BF3961bB0672D728ef,USDC,1047.485515,1036.181989
0xE6F2E9Ba34eF785e0f0d5B225d1a0cFc25645A5a,USDC,41.690000,0.000000
0xE6a82195BF6283Ee3d01E38d7f41d23564Dc1046,USDC,37.785196,38.205777
0xE6b8f9BA8AD4eaf83513442912a98422Ffff3476,USDC,15.000100,15.051630
0xE6dD62FcFAacdAe3f287dACcd2e4e736B5A7be42,USDC,35.000000,34.081873
0xE6eAF29C78590eec67B421d2136655458f5A8675,USDC,10.000000,22.059100
0xE701951B86AAFAb367E64e8b7CAF8EF890A6bfb2,MAG7.SSI,301.009600,0.000000
0xE701951B86AAFAb367E64e8b7CAF8EF890A6bfb2,USDC,0.000000,151.540182
0xE703aA80a61086B4345471Cff32D6170c085b93B,USDC,1962.000000,1962.149000
0xE70C320A2f33d18b5EBF32Aa8209529D5C5667C4,USDC,40.210977,0.000000
0xE720b36581c4C81D15d1e46edcA3e0eeDad75d8d,USDC,15.300000,15.657476
0xE7219ff5bD19c0d2a1A21786570E56d12D656467,ETH,0.002000,0.002000
0xE7219ff5bD19c0d2a1A21786570E56d12D656467,SMAG7.SSI,0.000000,79.508560
0xE7219ff5bD19c0d2a1A21786570E56d12D656467,USDC,555.334660,71.000000
0xE72B896d1400C5550967f7337e95B0593b83B7C1,SMAG7.SSI,327.145500,0.000000
0xE7462023A1eFAB7F4524e717F7da482BD369BB14,USDC,55.730000,15.330000
0xE7595Dae208002b2a15251e969473f1640979D86,MAG7.SSI,77.181700,77.072300
0xE76eCB8D78EBab7F893dd999b1C53E5934C642F0,USDC,20.896289,0.000000
0xE78B425B7780Ce3A3B53703c687faF37B9204886,USDC,300.000000,294.798846
0xE791cf2D361B9131a89107b2B46CDABf1D82244f,USDC,15.025200,0.000000
0xE7932ffe5fE80aeD3a1f920F450EbF840678CE07,BNB,0.025000,0.025000
0xE7C7a9b5810Df0263192D0dD2fee23B0CbaA26c3,USDC,33.000000,24.097500
0xE7F2B3564150Cba339536B0AF3Bf09779F39a017,USDC,75.513988,74.872197
0xE7cE16077Bbe9692C3dfB38eE2b22FA7ae8895Cb,MAG7.SSI,41.891228,41.891228
0xE7d93ae0539329Ec68a1E1819889A12622bf9914,USDC,39.967100,0.000000
0xE7da50c54E43C23C61025e891f6445b5FA60ADE9,USDC,3019.000000,2246.927718
0xE8025c53b4980b565dc08fa47C3aea7CCCBa65DE,USDC,10.000000,0.000000
0xE8066917d3DcE2F7775Dbc4d8c0E64bF05E8C762,MAG7.SSI,0.000000,76.544140
0xE8066917d3DcE2F7775Dbc4d8c0E64bF05E8C762,USDC,38.217558,0.000000
0xE811fC7D726329264b007EA068ec6c5E95ed0219,MAG7.SSI,34.059500,0.000000
0xE819aB4Df2DA82FE28386cbE85D76Ed50C03e446,USDC,18.091243,0.000000
0xE82926A4a61d3bf896bd57E2B8f0fCaFdbb34b6f,USDC,499.500379,400.495475
0xE8334bDa747C87046EF211B20cC5e65f8aB8B884,USDC,77.590000,74.858300
0xE8453d695c886394A19C765F0Ff79b1c228D11d7,USDC,40.301734,37.901226
0xE85203B8c25a3Fb63F15D409B55ea085541231fE,SOSO,39.349496,0.000000
0xE863E1A38A68AF8d84D48215600339C3f5F1a574,USDC,661.339484,648.162505
0xE8776171CB321cbEC73F0394c834B0fFB5036958,MAG7.SSI,31.000000,0.000000
0xE8845Eb378a1f426a6ED3B3c3d005743229FA002,USDC,19.950000,12.765465
0xE88Bc7A0f3949a0146Bb62271178C775da29fD66,USDC,49.700000,164.476222
0xE8A70dd9F829D356BCB9C40E10f13122dB8F7dd5,ETH,0.005710,0.000000
0xE8A70dd9F829D356BCB9C40E10f13122dB8F7dd5,USDC,998.000000,1040.814431
0xE8B141551506dEced6b7f342A8D3B758519536cA,SMAG7.SSI,80.846900,0.000000
0xE8B141551506dEced6b7f342A8D3B758519536cA,USDC,31.156410,0.000000
0xE8C25cE0957110a7B92A2B1b03D1c27f6d21Ab67,USDC,14.000000,0.000000
0xE8C9E66661E801E34ae75f391b77D198Fd628530,SMAG7.SSI,5.000000,0.000000
0xE8C9E66661E801E34ae75f391b77D198Fd628530,USDC,16.000000,0.000000
0xE8C9E66661E801E34ae75f391b77D198Fd628530,USSI,0.000000,15.729769
0xE8CA6d6C7f8E1B53574A24335cf3e25c46569c1B,USDC,1955.000000,1953.224000
0xE8D6084dd8d1FdDD4e2cD94B5e52D6305c04824d,USDC,15.660000,0.000000
0xE8E56C76b8b07e49eE53602b00a8fc23087c5841,BNB,0.025000,0.025000
0xE8FBA1A1f64f36fC9e4a063De7A8EfAae54339e9,USDC,15.000000,15.086122
0xE8FE241514F8E3aEa300fE42C303A916FA485DC2,SMAG7.SSI,980.916500,0.000000
0xE8FE241514F8E3aEa300fE42C303A916FA485DC2,SSOSO,1026.092000,0.000000
0xE8a1343b191d86fAAf5EbB12f1e0329f66C25E10,USDC,49.800000,0.000000
0xE8aE3B1Bb185C353f35dcB68faafa83cdc379Eb1,USDC,950.764051,940.397283
0xE8bE9b5F58d37CF0c74e51CC53493C4B1Dcc2969,USDC,15.830000,0.000000
0xE8c3D5Dba9DC91BD938024c8a4Bd0742b7d5B295,USDC,971.894214,2236.093597
0xE8c83fD4F227be20b343058B86FFC1C453065BfC,USDC,180.000000,0.000000
0xE8cA39F6965C38D86A0A38d6bA3D858E3e56C616,USDC,38.000000,40.564511
0xE8cA39F6965C38D86A0A38d6bA3D858E3e56C616,USDT,38.000000,38.000000
0xE8cfA6199eBED62F28964BEaf2f741b5C95c56dC,ETH,0.100000,0.100000
0xE8df97aDF6B0F4355b5BD602e307Aa71e32a04A2,USDC,191.000000,0.000000
0xE8e9c42D122F106B4FD996ae7748E7A47c21DbA2,USDC,39.000000,38.845276
0xE8f3bEd8317524792eC94bA025331A4fFeB6190c,USDC,40.000000,39.075608
0xE8f50d9817203c30D42D108F78Ee02fdc99D39e9,USDC,15.014000,0.000000
0xE8feb47Ce8ce0d44072F2C45749A438b806765A2,USDC,39.450100,0.000000
0xE90800AFd3f875379991b82314DB3250F3d169ca,MAG7.SSI,5.000000,5.000000
0xE9197Ea4a3317d59353f524DDadC33f2F22bDdEe,USDC,40.000000,42.029209
0xE92B3438fAcf0F9A573Dc75aC616cE0976a140cB,ETH,0.000000,0.002899
0xE92B3438fAcf0F9A573Dc75aC616cE0976a140cB,USDC,5.000000,89.906898
0xE94d881Ac67Fc2f22d8A3263b94C1E16dd7C0234,USDC,0.000000,21.302712
0xE94d97CEbdB288482ef4E030783A431F8F10Ed63,USDC,42.000000,0.000000
0xE950482681a2775d125C7c9eE93DF94f43512646,USDC,15.011000,0.000000
0xE95246542Cc30B1f973E1e7EfEadEfe2Cee549eB,USDC,39.700330,30.541674
0xE9597b881422A965A336D486E46CbE404Db4cb97,MAG7.SSI,10.445390,0.000000
0xE9597b881422A965A336D486E46CbE404Db4cb97,USDC,62.179660,69.271471
0xE95EF9B3b6a4c664ad987eD3c7650F7c5cCE4610,USDC,15.023700,0.000000
0xE9635279e9ea9C44D5965AbcDc7E37B0c8cdEe8E,USDC,33.600205,44.285295
0xE97670e9744F24704056Dde6d3Cfc24Ce3f26c50,USDC,16.000029,14.939000
0xE9978a13482E6A331Cc52aCc2A2516a3bbB8a762,MAG7.SSI,0.000000,291.860000
0xE9978a13482E6A331Cc52aCc2A2516a3bbB8a762,USDC,161.194384,40.844263
0xE99C29674Ad58A2FDd21E25FADf4d0eE8772387E,USDC,42.976131,41.869098
0xE9E74701cF358Be00D89b1c08804bd524E0054C1,USDC,15.000000,15.000000
0xE9bf39Edba9CB962Df914C2BFaB9808bd93373CF,MAG7.SSI,5.000000,5.009000
0xE9d05f775d3549C2afD7d27157A3c5e46A9Bc8A0,USDC,40.433251,12.575851
0xE9d78C49789Dcd8a55dB5176956eC3E085572Cc8,USDC,15.000000,15.068112
0xEA1a0CA4e1cd3dBa20cd6996b2EfD942Eff7c03d,USDC,475.686100,405.000000
0xEA2702A9994DeaFeaC1C751a0A009C97c5c0327c,USDC,37.691000,41.180337
0xEA2dC256110eCAC23f44B0977B35750fA85cE496,USDC,16.000000,0.000000
0xEA8df3111cCC361d41d8632DC16f08274DCFa914,MAG7.SSI,15.067300,2.000000
0xEABdc02A3fE5963b47708cc66b6D59D085407B4a,MAG7.SSI,46.052542,10.728066
0xEABdc02A3fE5963b47708cc66b6D59D085407B4a,USDC,209.122495,186.991418
0xEAE98A2503a1Ce425351c3122466e65663aa9D4C,USDC,484.188600,415.000000
0xEAa57AE7484cEBF31E09130f47bECFf7E251e8ED,MAG7.SSI,75.000000,0.000000
0xEAa57AE7484cEBF31E09130f47bECFf7E251e8ED,USDC,919.080912,909.718228
0xEAa8B7fDf898290D965662794029b1Cb0F598D06,MAG7.SSI,0.000000,76.881598
0xEAa8B7fDf898290D965662794029b1Cb0F598D06,USDC,40.000000,0.000000
0xEAfD9558e1EF615a5F3E5fc786fC39423DBc73f8,SOSO,35.240000,0.000000
0xEAfD9558e1EF615a5F3E5fc786fC39423DBc73f8,USDC,0.000000,18.945916
0xEBC399fd3833587D6759667e72A9Ab8d06A9D2a9,USDC,15.027500,0.000000
0xEBCf50BcA619bd1262ED82A508f04149BBA27b83,SMAG7.SSI,1541.420600,0.000000
0xEBCf50BcA619bd1262ED82A508f04149BBA27b83,USDC,301.000000,0.000000
0xEBaf1903F7368ce6775acEE9fE2449AeA03E9498,USDC,85.582704,85.582704
0xEC1d74C4dD8b34359C7426033b8921b8d7caEbCB,USDC,41.100000,0.000000
0xEC7DE56d66b87B3f612083d9D9c20B703904146d,USDC,15.104147,0.000000
0xECb9Cd2882FF945DF24C386a830763C82e1aE2AC,BNB,0.000000,0.000962
0xECb9Cd2882FF945DF24C386a830763C82e1aE2AC,USDC,20.000000,17.643797
0xECee840C7d757F3CFbe0B42bDc4e6dEB7f6d5481,USDC,40.000000,41.938851
0xECfE38C948f2969A735524D13CA64C74b668F1E1,USDC,15.013000,0.000000
0xED01A2C79eC4570b8D163fF01B89Eaea4ADc13b3,USDC,37.125000,40.620919
0xED156452ea502aE8AcbB87596731A8C02154B682,USDC,102.884745,100.754234
0xED202A9db412D98240E79D64E03893350474fc6f,USDC,11.200000,10.325209
0xED48c8c8406e979991ce97248DAfE4C63e8e0cB6,USDC,497.789800,406.984640
0xED6BfcDE541408d11c96261A987c8a912d49fC19,ETH,0.063399,0.061924
0xED6F692B56Cf1408125a39aa1950288B2A44a418,MAG7.SSI,29.579066,29.564666
0xED9794E663bEECdA6407420a369636090a51F9c9,USDC,40.515812,40.358636
0xEDA9A01049F1bEd79C847b014882495c9fDd4033,USDC,104.300000,103.169372
0xEDC8AEDE7da02e9e9B8BAC102c5B25bA169B64CE,USDC,200.000000,0.000000
0xEDC8AEDE7da02e9e9B8BAC102c5B25bA169B64CE,USDT,200.000000,0.000000
0xEDF859110e4Ed198e602B7B422E581cA0C92000B,USDC,40.011675,38.430000
0xEDd0Ef64e879CB3a420801349ab28b3e7816Aa09,USDC,39.550000,0.000000
0xEDdf77A4B4C40e53F25AFBB7DFe0fbA7712298F4,BNB,0.026975,0.000000
0xEDdf77A4B4C40e53F25AFBB7DFe0fbA7712298F4,ETH,0.010303,0.000000
0xEDdf77A4B4C40e53F25AFBB7DFe0fbA7712298F4,SOL,0.216259,0.000000
0xEDdf77A4B4C40e53F25AFBB7DFe0fbA7712298F4,USDC,103.867210,176.864127
0xEDeB01Fd8795A46d34D256d8516509b7C8a216c9,MAG7.SSI,0.000000,76.662247
0xEDeB01Fd8795A46d34D256d8516509b7C8a216c9,USDC,40.000000,0.000000
0xEE2B55d6f7656c9d640fA3e99F8155F752c30beC,MAG7.SSI,15.022200,0.000000
0xEE363F6E6cf53F09331DF3cF0B1bB36E1a3dA5cB,USDC,51.849241,50.586527
0xEE55583cE4F64791B30451156F1141fcEA0aaE04,MAG7.SSI,53.808292,0.000000
0xEE55583cE4F64791B30451156F1141fcEA0aaE04,USDC,120.221734,0.000000
0xEE7A18c93a4d8D28Ed4b19176DbA3199d7ACCe29,USDC,16.000000,0.000000
0xEEA0af57027cba1Eea78e4800e0f72c79FAD9fF5,ETH,0.002000,0.000000
0xEEA0af57027cba1Eea78e4800e0f72c79FAD9fF5,SMAG7.SSI,326.912300,0.000000
0xEEB52FECE78e64716EF038519BF37eCfA0d7F1a0,USDC,15.023300,0.000000
0xEED77BF246f03f90a71BB54d65d00Ee0E293c99f,USDC,15.014100,0.000000
0xEEa3EBa68D41Dc758632E3B81548EE321F69e3d9,ETH,0.003000,0.002895
0xEEaa573FADA868C0c766eF41D15B22dCB7D50A19,MAG7.SSI,15.006900,0.000000
0xEF00e35b3879b8B1973dA3BcC710148bb8953F96,USDC,15.300000,15.614638
0xEF0db39F53e1468B3F29d19e0f0406963b1B4425,MAG7.SSI,76.000000,75.923300
0xEF2ec67BD083ff5Be4Ffc682fc1B71FFa4edBE19,USDC,15.017500,0.000000
0xEF7600a285012A5450D4E331749c5b2a5276Be88,USDC,15.012000,0.000000
0xEFEd1299e2B70154D68e72168075f6d3BA076F4F,MAG7.SSI,5.201600,0.000000
0xEa273b0D930B821Aa099A881f8F4a0E3B23a194E,USDC,126.900000,0.000000
0xEa47a7F15b19236230adFcbEE1B52dd9DB0De698,USDC,50.000000,48.710327
0xEa4880b086146a8F9BEfB91723c39817592242D8,MAG7.SSI,29.579166,29.564566
0xEa6CD902806ef82Df323d6D1c4Ca11eCA56ca991,USDC,38.000000,40.547935
0xEa6CD902806ef82Df323d6D1c4Ca11eCA56ca991,USDT,38.000000,38.000000
0xEa788f83c9D38D89ECAFEE20be0389ffe4D6fF8E,ETH,0.000000,0.013991
0xEa788f83c9D38D89ECAFEE20be0389ffe4D6fF8E,MAG7.SSI,0.000000,350.964876
0xEa788f83c9D38D89ECAFEE20be0389ffe4D6fF8E,SMAG7.SSI,92.977700,0.000000
0xEa788f83c9D38D89ECAFEE20be0389ffe4D6fF8E,USDC,1034.015984,308.013948
0xEa85a88BF55D309e6F9Cb20056eE3EFc270ff905,MAG7.SSI,76.900300,76.823200
0xEa9F29a15721F5d6945788c199D5E408938eb3Fa,ETH,0.004000,0.003894
0xEb20696560026C6aE22Cd5EA596Bc96eae75C663,MAG7.SSI,75.360000,75.284800
0xEb227941c137E89AfFD2d0a2cF52AB44e1DE25c9,USDC,15.000000,0.000000
0xEb35fF62b676C2b3f047a1aD7CBB9fFBc4523D7B,USDC,42.554609,44.060873
0xEb4d28fB4B4531566Cc281692E7dA697f533Fd5A,USDC,628.626757,620.462034
0xEb7B7290FcCecDAe2C282df4760F90e687585F79,MAG7.SSI,162.745972,163.645019
0xEb9c9Ea21bcD53d9c76D4AB6F38D849AdEcd6797,USDC,103.600000,103.549310
0xEbAa8F4cbfab2B2A3Ce2BCb9aC5e6F961bb8F2A8,BNB,0.025000,0.025000
0xEbb8f70d40D62864EAb334c66Bb5B88cE558054F,SMAG7.SSI,3864.176900,0.000000
0xEbb8f70d40D62864EAb334c66Bb5B88cE558054F,USDC,0.000000,185.658960
0xEbc70B468a902a2BfCf4de87BAd334c246838d38,USDC,15.000000,0.000000
0xEc2E29Fc8FDF8aaDBbAF7B25c497a118F2Eb546b,MAG7.SSI,15.021900,19.643927
0xEc49Fef66735301a186a6209794206a0eFE40c4E,USDC,40.052610,0.000000
0xEc81EFed45F7E7d80376F5868EbA7bc292Ae1145,USDC,15.027800,0.000000
0xEc8e243e131e1Cb82481BE582A1AaC3189a73760,USDC,15.000000,0.000000
0xEc9a0A37867482278D7592bb0b9362998F2DC4F3,USDC,15.003200,0.000000
0xEcD1070Cae36878E46Aa6D62F3f3007D13d1445A,USDC,601.150700,506.983680
0xEcdaCF33b5E190a03f6b0Ee6ebae45990c6a98B9,MAG7.SSI,0.000000,77.568801
0xEcdaCF33b5E190a03f6b0Ee6ebae45990c6a98B9,USDC,37.650000,0.000000
0xEce9F05024DD9571B10abEdadd6C5A133F2b2e1B,USDC,50.000000,48.500000
0xEcf97a1Eb43181Ea2c357a931B83519195F385A2,MAG7.SSI,44.391228,44.391228
0xEd009E12567519eAf71C9ba65d682cF187eaB41E,USDC,200.000000,192.274088
0xEd018E8D8C7231106C698613Ea762A3d39f39F56,USDC,15.010800,0.000000
0xEd45D554C5bdb69A7c9774A080d952b17ef4BefA,ETH,0.032193,0.031737
0xEd6504C8643dabd3a7f0a387F9c50775899910C3,USDC,20.000000,19.968816
0xEd6B1e9a82485f94BDdCaa990986eB6eeC65e327,USDC,15.018900,0.000000
0xEd74ECB2245bfe185DEd51524b75E028F053829c,BNB,0.025000,0.025000
0xEdC41f457669Dc50026b8fD6616300e8F102f676,USDC,16.000000,0.000000
0xEdE06386b779586d048231D5D4937aFcA7Eb1Dfb,USDC,79.369008,0.000000
0xEdF0c7bF2DFCDE2433A516d503633AC0E6f91bAF,ETH,0.003000,0.000000
0xEdF0c7bF2DFCDE2433A516d503633AC0E6f91bAF,SMAG7.SSI,6.000000,0.000000
0xEdF0c7bF2DFCDE2433A516d503633AC0E6f91bAF,USDC,10.572125,0.000000
0xEe02AC321A69204622a98c4D7D7664471EeF9750,MAG7.SSI,15.522900,0.000000
0xEe02AC321A69204622a98c4D7D7664471EeF9750,USDC,0.000000,7.966468
0xEe054C28c2fC6743c69b420BaC4DD4f21858D70B,USDC,54.000000,15.448558
0xEe361Cd40778042268D22682213446433c42f235,USDC,16.000000,15.110633
0xEe6D58eCE1Ab377F4DECAb59563f762A9bE8D277,USDC,15.020100,0.000000
0xEe7b4e9DA5A89E4c47B702A94D9D0e59504F6445,USDC,379.890095,371.981007
0xEe8690091d2Cb0E57d9Be0151E187eDdd88bb05E,USDC,1104.125449,1101.115609
0xEe86d1A7e0ecb200ad84468a9D06B1EfcD1920cB,USDC,57.200200,60.939164
0xEeEe806e09F1f6Fb039c51938A1Dc5acba9BfCfc,MAG7.SSI,4215.659600,0.000000
0xEeEe806e09F1f6Fb039c51938A1Dc5acba9BfCfc,SMAG7.SSI,74537.236800,0.000000
0xEf15D4aC28c49778D5E01Da6CF65eC3A1Ac7C03b,USDC,76.000000,15.579356
0xEf1b941f3F4665df9B879B70c1C6bC52E4070253,USDC,15.000000,0.000000
0xEf2E9f01da3cbE508918fC2B4bFB0fBB36DfD79c,USDC,39.100000,38.485480
0xEf2Ed77d9706dbc1fC12cEC246b6c556bbff89Eb,USDC,15.011700,0.000000
0xEf3889C5c82a3d93256E0E93b83a50717311CA5e,USDC,137.400000,143.715535
0xEf46824980dDAa8ccee1794604B4A89596D16473,MAG7.SSI,0.000000,29.071000
0xEf46824980dDAa8ccee1794604B4A89596D16473,SMAG7.SSI,42.968400,0.000000
0xEf46824980dDAa8ccee1794604B4A89596D16473,USDC,15.399846,0.000000
0xEf71199160c006eECC27D2eB704Ef9AcDb3B5Aa1,USDC,42.600000,0.000000
0xEf7409068D3CABcdf3b9069eD10640bC7D827541,MAG7.SSI,0.000000,78.103730
0xEf7409068D3CABcdf3b9069eD10640bC7D827541,USDC,39.000000,0.000000
0xEfAF261906a589ACb9110f9656b9270ff9E0A1ba,ETH,0.007300,0.000000
0xEfAF261906a589ACb9110f9656b9270ff9E0A1ba,USDC,251.592605,111.765410
0xEfB40965eaceA40193975980A0c4F919229B8366,USDC,23.050047,20.186866
0xEfb32801e02a6889A71a66d2415E995eE1F80C7e,USDC,39.000000,41.343683
0xF0006980C1898DE34f0C9dE6193566D2aE25F5E0,ETH,0.008641,0.008500
0xF0006980C1898DE34f0C9dE6193566D2aE25F5E0,MAG7.SSI,0.000000,35.254000
0xF0006980C1898DE34f0C9dE6193566D2aE25F5E0,USDC,18.150000,0.000000
0xF00881188C01cb972Cd76267913a932ac24F0218,USDC,39.000000,41.486478
0xF00Fe322A3F161A3E3Ea0FCA1f62d1a1908E0C58,SMAG7.SSI,99.346900,0.000000
0xF00Fe322A3F161A3E3Ea0FCA1f62d1a1908E0C58,SSOSO,129.043000,0.000000
0xF00Fe322A3F161A3E3Ea0FCA1f62d1a1908E0C58,USDC,2253.470000,312.322928
0xF01B4f2DC1Cb88578154Eb970A34D0edB974032F,USDC,23.950235,23.950235
0xF039E777837ec28b9eBAb0043eBfA93a0Bf84795,ETH,0.013369,0.012948
0xF03f9aDfbd53372eEB7498AA1A2037885268a3fc,USDC,40.091453,0.000000
0xF047535A5B48391eC9Bd48dAE23682C1Cd757BD1,USDC,38.000000,40.435452
0xF05E30320D9a2e5E37C51737C54DA92142333989,ETH,0.008107,0.000000
0xF05E30320D9a2e5E37C51737C54DA92142333989,MAG7.SSI,0.000000,35.417544
0xF067d6306DAD1A1E517f57d355f898a3640435D9,USDC,15.000000,0.000000
0xF06C0AEa65c6e8c6C10336C028E5d2119C886680,USDC,20.000078,10.251684
0xF06aEfD7Dc6bE3B9100E5F9CCD014d99f0a9dB68,ETH,0.062168,0.060696
0xF077Cae1360FA3E2477397B4454A703dE8E20F49,USDC,15.008400,0.000000
0xF079b1c266A0E0281283b734Db6C9B6d6d62Ba73,USDC,300.000000,289.083570
0xF0880fDd9AB7a2d7Ed4c6E680D8eAB6F86789172,USDC,49.800000,0.000000
0xF0A51811cD826b945bC90FA5407de52e94c93e40,ETH,0.002500,0.002500
0xF0A51811cD826b945bC90FA5407de52e94c93e40,SMAG7.SSI,79.490900,0.000000
0xF0A51811cD826b945bC90FA5407de52e94c93e40,USDC,38.466666,40.000000
0xF0D4141230577daD1A2FF53121023228BB9B899b,USDC,36.846101,37.870010
0xF0dce1460CA5a767c7C4006b1dAdE8f4720471A5,USDC,39.651100,0.000000
0xF100484584C5deED6cFcA6a81f1008170759bB34,ETH,0.004000,0.003894
0xF1125CDCEE363dB421deC9777e27C61bd01bB421,USDC,46.200000,36.760000
0xF1197a1Cfbe84e7086060D044D7713e10645508b,USDC,40.900000,0.000000
0xF11a40E84e66678DbAcf67589a219EaEd8DcC19f,USDC,15.000700,0.000000
0xF122b5B33F042331F98f15e0B88bb23dFa17E221,USDC,203.866070,0.000000
0xF12aD0cFcF49AE4DEC1a98A65Eb0F085Fe088Da4,USDC,15.013400,0.000000
0xF14E07C356bEA4Fdab07fd00fD8e939eE5802c4D,USDC,773.727519,763.476595
0xF14b633F6BF47dED35250a9Cc840C998b1EbD0c3,SMAG7.SSI,2010.087600,0.000000
0xF14b633F6BF47dED35250a9Cc840C998b1EbD0c3,SOSO,50.000000,0.000000
0xF14b633F6BF47dED35250a9Cc840C998b1EbD0c3,USDC,199.900000,0.000000
0xF1638B4aE70d4E9A7a17954aae7677302F4ec4De,USDC,37.900000,38.269894
0xF1653F6204EF77196B69AF40Dc21356dB8d20EE4,USDC,29.800000,0.000000
0xF17AEE5Aa5ebcB288B5e44682f063e8Ac38Ba471,USDC,200.000000,201.879292
0xF1E27b432E3c4f544Ea5C45D0b9A1474172dC38d,USDC,16.000000,0.000000
0xF1a3fb48d8Ea285fe6e3c44DeED3aA61742E5d2B,USDC,15.230000,0.000000
0xF1b621DE23737e3dae0d5AD5A289e861B17261CD,USDC,15.017200,0.000000
0xF200fAE2EeE0980E9769bA4362c8b8f90BCdE1e0,MAG7.SSI,29.579066,29.564466
0xF20FAD3AB0040C866cd4420b070Eb130Ac2C4B4b,USDC,15.002900,0.000000
0xF21B328fe488DE234E154Afff2B60d8Ebb571747,USDC,55.874058,51.382070
0xF21d7c64527c7BA3730aE2928363254bb73281CA,USDC,28.235620,28.235620
0xF2256b347D6521A094219a1564BAE7F68EF98BA0,MAG7.SSI,395.551800,0.000000
0xF2256b347D6521A094219a1564BAE7F68EF98BA0,SMAG7.SSI,322.051800,0.000000
0xF234Ce1ae15CB0D8E05976304E8e2E4Fbf29537B,MAG7.SSI,24.632400,25.132395
0xF234Ce1ae15CB0D8E05976304E8e2E4Fbf29537B,SSOSO,31.000000,0.000000
0xF234Ce1ae15CB0D8E05976304E8e2E4Fbf29537B,USDC,218.422840,0.000000
0xF23C6B002D29fDc2039bf3C12c55c5485EaC4CEB,AAVE,0.086425,0.030945
0xF23C6B002D29fDc2039bf3C12c55c5485EaC4CEB,ADA,46.098254,0.000000
0xF23C6B002D29fDc2039bf3C12c55c5485EaC4CEB,BNB,0.056426,0.046251
0xF23C6B002D29fDc2039bf3C12c55c5485EaC4CEB,BTC,0.000130,0.000000
0xF23C6B002D29fDc2039bf3C12c55c5485EaC4CEB,CRCLX,0.356276,0.356276
0xF23C6B002D29fDc2039bf3C12c55c5485EaC4CEB,DOGE,187.133826,0.000000
0xF23C6B002D29fDc2039bf3C12c55c5485EaC4CEB,HYPE,0.647873,0.000000
0xF23C6B002D29fDc2039bf3C12c55c5485EaC4CEB,LTC,0.206771,0.000000
0xF23C6B002D29fDc2039bf3C12c55c5485EaC4CEB,MAG7.SSI,54.876300,13.664838
0xF23C6B002D29fDc2039bf3C12c55c5485EaC4CEB,PEPE,922689.018800,922689.018800
0xF23C6B002D29fDc2039bf3C12c55c5485EaC4CEB,SOSO,16.100000,0.000000
0xF23C6B002D29fDc2039bf3C12c55c5485EaC4CEB,UNI,2.285671,1.138462
0xF23C6B002D29fDc2039bf3C12c55c5485EaC4CEB,USDC,84.095232,279.619674
0xF23C6B002D29fDc2039bf3C12c55c5485EaC4CEB,USDT,19.212109,0.000000
0xF24cB5EC398a1fDfEB45139c05124587d12e9BBf,MAG7.SSI,15.019800,0.000000
0xF268090d31B8e0897f2EB34826f0fc2bcaB6db33,MAG7.SSI,0.000000,76.741989
0xF268090d31B8e0897f2EB34826f0fc2bcaB6db33,USDC,40.000000,0.000000
0xF2693ca9aa32ad06dA951497410Fe3d9E57E024c,BNB,0.005050,0.011045
0xF2693ca9aa32ad06dA951497410Fe3d9E57E024c,USDC,16.894657,0.000000
0xF272a21A99878dcFA21A4462d79aEb7C8995b2FF,USDC,39.000000,41.314476
0xF273E2ad387578BC7c4070fef4F042DD93d8a6D2,ETH,0.013400,0.012978
0xF274E2b882DD7ef88AF2dA0D9b375e74d4EC7105,USDC,693.793241,684.801149
0xF2780f61F78896614cd8dF417Ff6163525a3915D,MAG7.SSI,29.579166,29.564566
0xF2783aD8f0b29ED41fC67221eDD10C70a209c5b0,USDC,25.705759,159.050867
0xF2A2eB4C27f0a24C82bD15EA734B2aECE019Dc05,USDC,40.000000,38.995153
0xF2A4FA47C72596363b20D4C140a7CCFE92B1747C,USDC,49.800000,0.000000
0xF2D0de3d003DF7D6c4C494Ec655564767c4214Bf,SOSO,20.000000,0.000000
0xF2D0de3d003DF7D6c4C494Ec655564767c4214Bf,USDC,0.000000,31.747043
0xF2D519Afd051593006cC0A15aC874f41Af924283,USDC,37.800000,37.578977
0xF2De1a3584a3B3132a16696f18935b779dEc7c41,USDC,9.980000,0.000000
0xF2E6737bd18De4E1Cae9f2789024DF0D0E13D814,USDC,39.380000,37.453689
0xF2EbBeB74Ffc0E8Ef1a0C776175d69645734BeE0,USDC,16.000000,16.466168
0xF2F1c135267513AE1e2F18222E1a4bd18977dbcC,USDC,5.000000,0.000000
0xF2FA464d0a6bD3Ac47b5138c774878929D88d8f0,MAG7.SSI,31.011100,0.000000
0xF2FdfDD50716eDeAc380B4e81934A77Fa26f802b,USDC,300.000000,291.761312
0xF2df5AC236c8459e30b346CF3823396C2C9b2228,USDC,51.979859,0.000000
0xF2e11cfbD20eA90Fde9e26D8Be1daA0567d759cf,USDC,261.000000,258.670000
0xF2e3753540d6fA5d807281B8C3171ea984f4F892,USDC,100.693052,33.632778
0xF301aB786B613eCdD12e77224813304446f95310,USDC,64.618075,22.618075
0xF315EF6725d6B61ef3787384c318C862dC0bD51F,USDC,205.258097,180.926046
0xF31c4599a970E93230EE31a97d5791D85a34E42d,USDC,15.012700,0.000000
0xF32f230bbD7bdd3c6F25CD23C811DD267a30B9d6,USDC,49.800000,0.000000
0xF34DE01506B362EA806aec07fC2E0CB57bD76421,USDC,41.000000,0.000000
0xF35A8Cf59d3F9AEc8B9aCa2e8D7ee9b4e600d839,USDC,31.692406,24.054779
0xF36EC8a91E0fcd69260048Da7e1f0134397013D2,USDC,18.880100,0.000000
0xF36de17b3885e880CDA79DcaA07Ae9fC75Bd87a2,USDC,15.100000,7.254672
0xF37663365c0240bc0790139661b3F0332C7F3892,USDC,15.001100,0.000000
0xF377FC15f6BEE2A6110F6253682Dadd45edd332c,USDC,15.029400,0.000000
0xF3798bdD1AFa1239e23AbaeD18c22Bb7CF117c02,USDC,24.585436,125.869946
0xF37C49378BDfB84338cbD8c47E2Eb575c535BbD3,USDC,2827.400406,2939.191678
0xF385287658Af9CF52EEad375a36F06669B69D645,USDC,15.973305,12.390569
0xF390290Fb322A4f85AAfC34e3DcA92660Be8C4bF,SMAG7.SSI,30.000000,30.000000
0xF3962a9d9BaB51Ea4200c1c6D203cedb2390F7B1,USDC,40.110000,42.034850
0xF3D7Fee6Cc638F09936B8295ac7F89b30E5f6CC3,USDC,852.176883,841.397227
0xF3Ea2F7849e28DfD75FD7C2D1B5f15efc6E65dcC,USDC,15.100000,0.000000
0xF3Fc3Affd8a5deb1A559B17EabcC376e40984612,USDT,9.297099,9.000000
0xF3aC017D77902fF8011166993e3A56F6d44612Ec,USDC,15.000000,15.239728
0xF3aFe3fe6C03E43BA33eC5BBDEFC30EB58E4cB66,USDC,15.006500,0.000000
0xF3b37Be3c28D2Ab2519A71D6eA3cf4CB396Ce6a4,USDC,15.000000,15.378946
0xF3dEcfC2FCFf2D2Da153fD69bD5F6DC00c24eC1C,ETH,0.002200,0.002200
0xF3dEcfC2FCFf2D2Da153fD69bD5F6DC00c24eC1C,USDC,47.712566,0.000000
0xF409834C930979E25EcaD5D5Aeaf92B561d09582,USDC,39.000000,41.147940
0xF40FD1b0d30b4EE72fDEB8d712839F709f8375a7,USDC,40.000000,38.641294
0xF40ea0fEcF1aAD92044158cbd9229Bf7A00e6233,USDC,996.351000,1007.419340
0xF41f79763e090e1bd8F6e06764DA3601b882e7b7,USDC,300.000000,289.735814
0xF4772D834819C1eA0eDc11a6bFE94e689e00bc60,USDC,1018.637905,1008.762392
0xF47f22D40aC66a7bd33E410E6eecfb86eaA0a448,SMAG7.SSI,30.000000,30.000000
0xF482a487106d18A0BD225b893A26eB9D32139e6d,USDC,15.015300,0.000000
0xF495DA500DfF668B3c1eA3bA96d78C2cf6896ED3,MAG7.SSI,108.034400,410.663320
0xF495DA500DfF668B3c1eA3bA96d78C2cf6896ED3,USDC,639.146078,433.259582
0xF4A1FfdCa3Ecc3154Fb5fb1fD1B49EF86C03829b,USDC,15.000000,0.000000
0xF4A43e0B586B2E2cc179f660b8f4a272F625210C,USDC,42.102681,43.936116
0xF4A43e0B586B2E2cc179f660b8f4a272F625210C,USDT,42.142730,42.142730
0xF4A452B59D30705f227785C484cD6b55BF98Cff5,USDC,598.958100,507.985600
0xF4CC805e6d7107A84f31972B7d5e7D8F4b334EBf,MAG7.SSI,0.000000,15.204900
0xF4CC805e6d7107A84f31972B7d5e7D8F4b334EBf,USDC,60.296592,53.157329
0xF4d5C2873FCaA1Fc80529c721A879A966204A361,USDC,16.000000,10.233975
0xF4d7108cc0eAF8b421B1e0022190B740B24A21e4,USDC,15.000000,7.013228
0xF4eb823b05A9A5349F2680239982Cd3cf6A709a5,DOGE,1.000000,0.000000
0xF4eb823b05A9A5349F2680239982Cd3cf6A709a5,LINK,0.200000,0.000000
0xF4eb823b05A9A5349F2680239982Cd3cf6A709a5,SOL,0.010000,0.000000
0xF50eeF0Cb3E6ed5eB69B7dF696Da6D2861024A8e,USDC,15.000000,15.059057
0xF5109366b5763dAE97970d24434Dd27b5E4cbCD9,USDC,16.000000,0.000000
0xF51e5d6030c952E134f9C3f4A79ac0bA99F05cB8,USDC,57.000000,15.469861
0xF51e815A8d7F93D5b3420279993F53538fdcEbC2,MAG7.SSI,14.084520,0.000000
0xF51e815A8d7F93D5b3420279993F53538fdcEbC2,USDC,40.400000,0.000000
0xF530A2cfE14f5eFf8EE81ed49307d2A775833f40,USDC,15.000000,15.223062
0xF53447594A3536541ED5175297f4416791EcE307,MAG7.SSI,0.000000,76.741989
0xF53447594A3536541ED5175297f4416791EcE307,USDC,40.000000,0.000000
0xF53b85ABa821035459B6D4B056a8b0230B3A9d8f,USDC,15.093400,0.000000
0xF54B1dF317f4bd9CeD07F0689ff5dB89633c11dc,MAG7.SSI,0.000000,77.881700
0xF54B1dF317f4bd9CeD07F0689ff5dB89633c11dc,USDC,15.173268,13.846190
0xF54B1dF317f4bd9CeD07F0689ff5dB89633c11dc,USDT,35.660400,0.000000
0xF54D722102C265d5c2F8A2f8A3E3bf0F6c39ee73,MAG7.SSI,15.000700,14.985600
0xF55f4e0bE1c21283163c61eE906462b291E1CdD3,MAG7.SSI,0.000000,104.455670
0xF55f4e0bE1c21283163c61eE906462b291E1CdD3,SMAG7.SSI,21.914800,0.000000
0xF55f4e0bE1c21283163c61eE906462b291E1CdD3,USDC,38.175933,0.000000
0xF56d89B6428c55a4dBe557AA745f24466B5B93f6,USDC,78.000000,80.399956
0xF5707781C3b32E57053cDa6747b981f819E2ebF1,USDC,22.127809,0.000000
0xF571A8adaEACAca7741A13d3ED661813123927cE,MAG7.SSI,0.000000,15.074985
0xF571A8adaEACAca7741A13d3ED661813123927cE,USDC,7.800000,0.000000
0xF5731D8b5Df736201f41145179a48597Aab3AB5E,USDC,49.000000,40.661249
0xF57876a12AAEdf382175b91210756965D89A3BAd,MAG7.SSI,15.526800,0.000000
0xF57876a12AAEdf382175b91210756965D89A3BAd,USDC,0.000000,7.937508
0xF58E3Fb1127893683577399Fb20fA225e40D0619,USDC,37.000000,42.251310
0xF5AdA00633A9c0a74CC0a794971B41F83C036bDF,MAG7.SSI,64.582772,85.087431
0xF5B3EC05261f7841A60C5a02f2E793e8892da171,USDC,39.900000,0.000000
0xF5B5f11cfD5f10552614FD88c368720B54660a86,BNB,0.010000,0.000000
0xF5Ea5EA61dC42774701Cf738A0a5705FfFA6F05D,USDC,15.000000,0.000000
0xF5EdF415014652253bF0CBD4Cf9FD086f51B69fD,USDC,15.010400,0.000000
0xF5a0911D3b05Ba09252a865161aaf5b248bfE62e,USDC,5.874784,0.000000
0xF5a805a4a69aA05cE3c33d09bf16B2Fd46C3A5d4,MAG7.SSI,15.082900,19.574973
0xF5c1D963b55f8aa73f6BDD5C33DA7Cca95C2DAaF,USDC,15.000000,14.701533
0xF5d48CFf68851A155B95677c16ac7b2C35C63F14,USDC,12.995338,24.792457
0xF5ddA4058f23cdbf60C94Ac1d2713e2988e8a9A0,USDC,78.000000,15.402725
0xF61e1eF44Dc1978d1E94Da0494DB00456dDcB373,USDC,44.560200,0.000000
0xF62eD1F8dd0Bd36B3a8eF65A5a151cb4A736F608,USDC,81.582704,81.582704
0xF636ee87A8829e05DB61f8254FbbB810a303B9e0,USDC,40.109406,0.000000
0xF63D39A78Aa76822f2b9Cc8e63789f8ee8313811,USDC,76.429387,75.451126
0xF64e0A46b119B9E87d21B64fBe152430039D3Bb9,MAG7.SSI,75.555200,75.480500
0xF6563c48FE37E7C578598B0099a02b853e20519F,USDC,15.012400,0.000000
0xF658ba99C92a32038095c975Fd47B01998dC6C99,USDC,50.000000,46.770179
0xF664f2D8b597e5aC3D8A31f7D1C2937c3228c99b,USDC,50.000000,40.700330
0xF6699752BDDd58B46dA61D987726648Be3A4Cf35,USDC,38.000000,40.368716
0xF6700a8e82673ABf0cF2765ce0C6d7670b1aB0d0,USDC,15.000000,15.057539
0xF671a0945586c3bF398f5a0bF5Ade9436DC89B1f,MAG7.SSI,81.869600,81.787600
0xF686168408BEFb46d2Bd79C25aA2860516647465,ETH,0.008173,0.000000
0xF686168408BEFb46d2Bd79C25aA2860516647465,MAG7.SSI,0.000000,35.346390
0xF6868f8F770365e9a11130b9691E23Af302A41f0,USDC,72.948556,27.932248
0xF68aD4a8A1959c53B4E3bDd26b0152EbE1ea10ec,USDC,15.019900,0.000000
0xF68afc2b12Ea6425d1e8a9c2Ff2Eaf77B5c98C06,MAG7.SSI,32.512763,32.512763
0xF6A2941b2eC8F9aB4F09E448D02cE2ee67FE7116,ETH,0.013000,0.000000
0xF6A2941b2eC8F9aB4F09E448D02cE2ee67FE7116,USDC,323.985892,83.180757
0xF6Aed13e55c03279fd82F5f3f7dE94fbD74215D2,USDC,41.000000,40.278797
0xF6CbcB902E2D6E8fDB5f8Dfd3eD6a630b0B2099b,MAG7.SSI,0.000000,102.521637
0xF6CbcB902E2D6E8fDB5f8Dfd3eD6a630b0B2099b,USDC,51.000000,0.000000
0xF6D17ef81a54BC8a0DE8D82B01725bc7052770Ba,USDC,76.000000,50.000000
0xF6D5C65A570449083c28D35853203FD7E52F63dB,ETH,0.004000,0.003894
0xF6E83400aEFfF322cC7214d71B4dC58Cef379312,USDC,15.000000,0.000000
0xF6b20ebb0b8B88E16376C59E7c217DC2c3AA48E2,USDC,809.000143,798.243329
0xF6d3E78dDd490552298d9d0208718789727BcfFC,USDC,39.150100,0.000000
0xF6ebDf7cf66d4Edb5550D803466bB25f7Ccd31C5,USDC,162.205856,0.000000
0xF6f0AAb3d6c3A5d695f1A91B54C2D21539D40C53,USDC,65.059096,66.363674
0xF6f31ab77810726FdC8B83075eCDae9764b1F51B,USDC,1101.005306,1096.241940
0xF710a6BC4178B8C56BeC63882D6eD6B3C9a04736,SMAG7.SSI,2603415.501600,0.000000
0xF718f400595f96dA814F9d3b13981A4eD16489BC,USDC,37.950235,37.950235
0xF71eD3b9BbeaB1dE22Ed69DBACd716907317B7Fa,USDC,15.000000,15.161140
0xF722238d69095b3C019c8f5f2a4A01B2209Cc33e,USDC,1497.900000,1317.094189
0xF7256bc6e47CbF5071063594911417f968dF3C54,ETH,0.020679,0.003794
0xF7256bc6e47CbF5071063594911417f968dF3C54,USDC,19.008169,0.000000
0xF744546dc24E129d93b0f73F2AfE27FcEcF2630A,USDC,49.800000,0.000000
0xF7477f4774eb9C9227B1f748Cea7Dad861c0F8D0,ETH,0.000000,0.002698
0xF7477f4774eb9C9227B1f748Cea7Dad861c0F8D0,USDC,45.733300,41.987439
0xF7532E7D4D61aFA4e023ed3c557ebd6a37A169B4,USDC,15.006900,0.000000
0xF7542E0dA52a2b449997c17DcD758F75F29EFaEf,USDC,16.057931,0.000000
0xF75758f5C2FC5ce976DDb5B802df5f1878683E04,USDC,19.103288,0.000000
0xF75C2B561B0d26811Fa5aaCD1296cE7A4f703f9b,USDC,300.000000,289.260005
0xF75b08D28d4CF41e3b0ACB634097D4027B0eeCA2,USDC,15.000000,0.000000
0xF75c7F68CC8D80677948AfeC374Be6Cdf73868C2,USDC,20.000000,20.000000
0xF7616968Bf8269BE0B73f756B1dc3e2c46bA8EA6,MAG7.SSI,0.000000,76.829982
0xF7616968Bf8269BE0B73f756B1dc3e2c46bA8EA6,USDC,37.300000,0.000000
0xF768F1fAeC37b04293f8d57a597eB8B90b226412,USDC,15.009200,0.000000
0xF76E41b517B893df122d642f5D85a775aD709E80,MAG7.SSI,7.000000,22.970000
0xF76E41b517B893df122d642f5D85a775aD709E80,USDC,15.100000,6.679200
0xF77af4F1FDf1B2763dF283684123C9F1df983742,MAG7.SSI,15.080000,0.000000
0xF77c8E514d7AC5dC2313Ddd87CE7A23F429c1019,USDC,15.006300,0.000000
0xF7980CD932F086A899DC8B28E896EBA5762Eda07,USDC,49.800000,0.000000
0xF798502DeC01952Cb5ff612F8E2cC74e7c024e21,USDC,45.000029,0.000000
0xF7Edab2eb440cFabe210B1F9cEfC2371433800C8,USDC,39.967100,0.000000
0xF7a458d9319D59E5bC013E1153C316428ECE6a35,MAG7.SSI,75.667000,75.590700
0xF7c01e3C268902fd5921E42B47a3f18fF77e958D,USDC,20.000000,48.168276
0xF7e2419371555E74BE95469E1fB7FdbC8f2E4Fed,USDC,15.000000,15.076744
0xF7e881DEe956FaC6Cd8D7765166C7c869882DF02,USDC,1001.972283,991.088376
0xF7f650aF124C1D1d4D061b6B0d69a85B20E15532,SOSO,44.527170,0.000000
0xF8015a038585b67edcdcF8e6cc6ba9C9C34944b9,MAG7.SSI,35.000000,32.240000
0xF80892bd1af6b31e2e3DdD28f6B1b39dA71cbdFb,USDC,37.320000,40.889417
0xF80C078C30820DC955908f765604E44bfEb4c973,USDC,38.000000,38.000000
0xF80cFC751C931aC6679F39194A3a14ef88997B31,MAG7.SSI,15.202400,0.000000
0xF80cFC751C931aC6679F39194A3a14ef88997B31,USDC,0.000000,7.797448
0xF8261a1d6CcFCb282D477cCBD4B7Cd3EC6dfDB11,MAG7.SSI,155.174400,0.000000
0xF8261a1d6CcFCb282D477cCBD4B7Cd3EC6dfDB11,USDC,80.000000,0.000000
0xF83eCC95CF486259334557B3f41aeE4128Bf9A2F,USDC,25.500000,0.000000
0xF851F45330cE19AF16f4AEe0E59c1C32FE20044c,USDC,49.800000,0.000000
0xF86bdc756D4C323DE7CDbA75365Ad75De41f30CA,USDC,39.000000,41.041878
0xF884081520CD308772C392a3dB33D6b00e1a8eA6,USDC,24.000000,11.817062
0xF88F7363242FEbBA9772a34a81505051e5822298,USDC,15.108709,0.000000
0xF8C9182D0c43A358525C79fb53316110f755cfF5,USDC,9.900000,0.000000
0xF8CF5f95a74bC9763A27796335766612489D7cD0,MAG7.SSI,15.019800,0.000000
0xF8F6dA7f5abD18C800D588C41460b5F464320489,ETH,0.006000,0.000000
0xF8F6dA7f5abD18C800D588C41460b5F464320489,USDC,410.000000,60.000000
0xF8bd6FCD7099A36232299C40d4477b5CA7c70809,MAG7.SSI,0.000000,90.538640
0xF8bd6FCD7099A36232299C40d4477b5CA7c70809,USDC,58.899979,11.211443
0xF8f003487FAf324819Be1F6C5399CD8A766d90A5,SMAG7.SSI,60.630100,0.000000
0xF8f003487FAf324819Be1F6C5399CD8A766d90A5,USDC,120.200000,50.406390
0xF93DdC60E0451A299DD64254F65b9739Cc68c0D1,USDC,49.800000,0.000000
0xF93eCC5a94381a66b438730eC6d88c8a0B732cb7,MAG7.SSI,15.010400,14.995200
0xF95BB0617e17686804d725d1DbB865CDb4c9012a,USDC,176.255328,167.557569
0xF97D2B6532D3d4c75001c682E94c3A27174e4c14,USDC,41.100000,41.777804
0xF9819e07FBac13fC5442Ed03b0aEF08689156bD1,ETH,0.023000,0.021692
0xF98438Dc8a3582aaE0b75940A2127AAC407910BC,SOL,0.199000,0.000000
0xF98438Dc8a3582aaE0b75940A2127AAC407910BC,USDC,38.281899,52.824699
0xF994518B6A3CFD32991fC6780D008078B4a028d6,USDC,25.606941,0.000000
0xF9A381781dC58BF8BCD8f3581f4432632B247111,USDC,39.500000,41.706436
0xF9AE57cE1625070533A501F01A9b5F4deFA94B76,USDC,2680.410557,1783.681001
0xF9BBc7d33DcFd5fc5f1F4D5A496C5CcD8b5B2dc5,MAG7.SSI,0.000000,33.174500
0xF9BBc7d33DcFd5fc5f1F4D5A496C5CcD8b5B2dc5,USDC,17.358564,0.000000
0xF9DD98CDb91BDFfB0a48E1670eB3fE272385a9C9,MAG7.SSI,6.000000,5.993900
0xF9F52Ad06b3950fAeD97b78075C9019D60212148,SMAG7.SSI,300.953700,0.000000
0xF9F52Ad06b3950fAeD97b78075C9019D60212148,USDC,200.000109,184.361412
0xF9b672Da39ab1bf5d8842D8C0ff69FCDc7BBD433,MAG7.SSI,0.000000,76.782263
0xF9b672Da39ab1bf5d8842D8C0ff69FCDc7BBD433,USDC,40.000000,0.000000
0xF9eB90dbc9e480d0407F42802150db2cDf797695,USDC,15.600000,0.000000
0xFA312871af0b5369c1e479ac8f4D87CE575e9443,BNB,1.989834,0.000000
0xFA312871af0b5369c1e479ac8f4D87CE575e9443,MAG7.SSI,10.000000,0.000000
0xFA312871af0b5369c1e479ac8f4D87CE575e9443,SMAG7.SSI,10.000000,0.000000
0xFA312871af0b5369c1e479ac8f4D87CE575e9443,USDC,59084.499278,0.000000
0xFA34D2F0DF004E9473daC3C996a3693ae37e7525,USDC,1496.079315,669.445136
0xFA8BC039aCeE274F66650474447FfB7f422A363C,USDC,22.341919,23.056579
0xFA976Ba136346E2dc2C9a0910d9265eF1553Da51,MAG7.SSI,5.000000,0.000000
0xFA976Ba136346E2dc2C9a0910d9265eF1553Da51,SMAG7.SSI,6.962600,0.000000
0xFA976Ba136346E2dc2C9a0910d9265eF1553Da51,SSOSO,10.946700,0.000000
0xFA976Ba136346E2dc2C9a0910d9265eF1553Da51,USDC,1412.040370,807.599708
0xFA976Ba136346E2dc2C9a0910d9265eF1553Da51,USDT,15.030000,0.000000
0xFABA4087bd87F9503c6C4A454C822B8af94c43F1,USDC,15.000000,9.665555
0xFAD9886A363F71d02561F6D3C80D3F3D5Dff2610,USDC,15.007900,0.000000
0xFAF985628950E6C2a33077b2c6DEE960A8bCF191,USDC,15.200000,0.000000
0xFAbFEA68707cc79a6Fe2Cd98B73d96ddf68f6F10,USDC,38.507042,41.050377
0xFB0021Ac49e83AeC32Cc070971997BC78B42cb49,ETH,0.003000,0.002894
0xFB11B2905996620776F89fbeAaDae0679a3eCeCD,USDC,41.964010,43.905276
0xFB3d3ff895C047302C722Ca925d5D6476eF05B60,USDC,15.015100,0.000000
0xFB469D6C03ab2513f361C5E0e5A54F8203E00E96,USDC,15.095700,15.324804
0xFB9fc67fdC868fB6773180098Db5dd7f2f3452CC,USDC,38.000000,35.947916
0xFBc25576901d2B3c8129F4AeA35f0F54d5E4FD39,USDC,49.800000,0.000000
0xFBf11fdF18ebf39C0BFcd2cd4F7eEd17c55369E6,USDC,20.793023,11.107399
0xFC58247737cBeafe31cE6f4FF6F0b855d076c2a5,USDC,51.000000,51.623070
0xFC60c4F49FcEC7b53492881FBE50ee2aF96232fE,USDC,39.400000,39.525076
0xFC6Af6213e59e38e24e4e9D4E828cb9f504e42b7,USDC,40.000000,38.710360
0xFC89801be82b13434b327125cF10DffdDDc6fE0e,USDC,38.040000,38.898861
0xFC951e5960941127C6cc43F4BCfd9F8feBb46A07,USDC,15.005900,0.000000
0xFCE5c9Ff4c010B31150B9DA6c93Fd7928EA421e2,USDC,15.006800,0.000000
0xFD11cf2eC59c70833a22E0AB7C0f3d9d0253061d,USDC,19.707085,0.000000
0xFD51Cfe249c8080212F9810903998272b2808f81,USDC,39.000000,41.324643
0xFD551A5e97018784fB24611BAc44F8A001F2bE59,USDC,14.996213,14.996213
0xFD7eF1Cb43F8F8eC9c6f6Ef2EE7f32A66Cb541Db,ETH,0.200000,0.000000
0xFD7eF1Cb43F8F8eC9c6f6Ef2EE7f32A66Cb541Db,SMAG7.SSI,64701.248200,0.000000
0xFDC0e2fe1D6951bB027e4cAA32dE8C37032Bf11f,USDC,16.000000,16.000000
0xFDF602932E157717F35A3e33b25c5A45032877c8,USDC,1057.371182,1032.842071
0xFDbfdC19d3463B4048CE2194064cEc43edE218Ab,USDC,39.750100,0.000000
0xFDe113Edd4aB074c483Fa6677C852dA1C74bf27F,SMAG7.SSI,39.000000,39.000000
0xFDe817143b13667Cf347F0d81778FBE05572667A,MAG7.SSI,1699.371226,0.000000
0xFDe817143b13667Cf347F0d81778FBE05572667A,SMAG7.SSI,1730.854600,0.000000
0xFDe817143b13667Cf347F0d81778FBE05572667A,USDC,670.000000,0.000000
0xFE0B0d0E196E4808e49B9CDB500Ef8a2538Da277,USDC,15.000000,0.000000
0xFE0d076db1eC793ccAC0092cEbE4498345432643,USDC,279.921402,418.926204
0xFE14A2630be7c82D8D551F61012a5E387eFA7212,MAG7.SSI,75.000000,74.924800
0xFE3dA656FfcdCF42150F228BDdf001889A596AA1,USDC,39.000000,41.561082
0xFE468184a3f4CB74935441Cc7dFF3864d1361a09,MAG7.SSI,75.578800,75.504100
0xFE73f7547Cf41E93d8288ea8126f76Eb34e66d2E,USDC,39.455000,41.148057
0xFE9F3c1BB8140901ac8508D2dc069A6302f70f2f,USDC,20.000000,0.000000
0xFEB28c6b2EcAB5E75BA7dF386F99Ea4F772d9Ae8,USDC,8.993393,8.993393
0xFEBAEfE928d03A2769dDC8efbD122e2B1B0785A3,SMAG7.SSI,29872.933800,0.000000
0xFEBAEfE928d03A2769dDC8efbD122e2B1B0785A3,USDC,0.000000,15027.013757
0xFECD7d43542dD66fe48F7e139E6B3B38Ae7098C7,ETH,0.002100,0.000000
0xFECD7d43542dD66fe48F7e139E6B3B38Ae7098C7,USDC,0.000000,6.944787
0xFED41Ea25C4665338a90A0DC8602657DD1deb07d,USDC,302.062000,243.841563
0xFEef52a61eEdB2A05a281FC4CF0437d4F20B946C,USDC,40.000000,42.237430
0xFF2B7D4446bE8467A6173c919b02A8D7Bb3C3703,USDC,15.019700,0.000000
0xFFAC17FEdbEAa0bD8792F7B7a4F2f86B9A38FCA5,ETH,0.003000,0.002894
0xFFDd45F075e5F757E86Bb83fcA7114beD9914166,MAG7.SSI,30.458400,0.000000
0xFFDd45F075e5F757E86Bb83fcA7114beD9914166,USDC,509.844742,0.000000
0xFFb539F69210dd8Df4aFc49907557677116b05a7,USDC,104.200000,103.546739
0xFFf466dce5f9075BEf88DB20Db05e8f905781260,USDC,49.800000,0.000000
0xFa053De0B79d586FE8Ece5Dd1caE74Bd361Df7B8,USDC,684.851530,674.401711
0xFa0F2Cb9B7841ff69C479948eA0cC9270c255b4f,USDC,15.000000,0.000000
0xFa2C58b0A7E652dC23410d89aBD3d4c48024111f,USDC,6.634758,0.000000
0xFa2F6bC6E9543d0E33602f7fE31Cfc810B04784A,USDC,16.000000,0.000000
0xFa5F3cC399677c269f56E110759e3C057D5bEf66,USDC,49.995700,50.213758
0xFaD356Bb5C4aa3d1864f2394C650F50A2BD0AdB7,MAG7.SSI,77.178600,77.101300
0xFaD815557B5a1559FCeD5CE6d9559dFD835FcAC8,USDC,15.002800,0.000000
0xFad9548a8b21Ca41A196C0991429b333657378a6,ETH,0.028500,0.000000
0xFb0F262F362e9F1bf21d6e010CBfbcc1C44AeAd0,SMAG7.SSI,305.602400,0.000000
0xFb194F62C3f711f1E7619E898990c1eA24d55A6F,USDC,15.000000,15.355930
0xFb3581f201d637d538661473fc76E9F1223fE366,USDC,88.500000,0.000000
0xFb5cEbaf21E33f4F780d78977E1eF772fcA3e556,USDC,15.936958,42.612118
0xFbF6c1A51Aa77B66E0Ff6bf363829472B8143fbB,USDC,41.800000,0.000000
0xFbd6207cAc6DC88cB28c1d6c84583930Db2ee061,USDC,1801.900000,884.276276
0xFbf75C65c4A952d39add5a234516FA182E8c530B,USDC,200.000000,197.953060
0xFbfC08d4209c86A62Fe3f0ae3Ff4C2919e8DCBC0,USDC,754.701512,751.520801
0xFc088A73cF296f0169cf1443156b99DC0275f8d9,ETH,0.007800,0.007800
0xFc088A73cF296f0169cf1443156b99DC0275f8d9,SOL,0.040000,0.040000
0xFc088A73cF296f0169cf1443156b99DC0275f8d9,USDC,180.151587,137.000000
0xFc258377E1cdDDF3679bb6659103A43bE6fC0176,USDC,101.824656,101.211919
0xFc53d3eB2997929Bf616F3861C79cb157fB2F6C6,ETH,0.017400,0.000000
0xFc53d3eB2997929Bf616F3861C79cb157fB2F6C6,MAG7.SSI,0.000000,75.796452
0xFcBBDE969DaCBAc06bA35fd6D5a93320F45e3A3d,USDC,74.590000,0.000000
0xFcd84B9F4BC5259954380073cb4F0b6Aeb2E2Dfd,MAG7.SSI,73.542942,73.542942
0xFcefDd4A0e775B09a272a122128d053c3a5A4Dc9,USDC,15.001400,0.000000
0xFd24ABC730A30c02D1E2A881e1bA2B315BcB1c28,USDC,15.026600,0.000000
0xFd26620A4252566F61a3558382bD07fc621d0d19,MAG7.SSI,8.943078,0.000000
0xFd26620A4252566F61a3558382bD07fc621d0d19,SMAG7.SSI,35.402300,0.000000
0xFd26620A4252566F61a3558382bD07fc621d0d19,USDC,233.171409,145.649037
0xFd2Cf480D2d8A687eB4E57BC1e76385f1fDEa116,USDC,40.000000,38.802145
0xFd45487a86F38ab94261C2Dd64EbAA773B11D8c7,USDC,39.588233,37.257032
0xFd5844FFC34521FcF3D44aD3E8b585572127eF6B,USDC,38.180000,0.000000
0xFd7Aedd028c2e4cB437089203b8ceC4815c6BE20,MAG7.SSI,0.000000,75.349726
0xFd7Aedd028c2e4cB437089203b8ceC4815c6BE20,USDC,21.000000,0.000000
0xFdF1b6c30162602be2EbbA53883554Eb1484D5d0,USDC,16.000000,0.000000
0xFda6E50cd2Cdf2A7bE141Dc7af82eA364338ab64,MAG7.SSI,15.064500,0.000000
0xFda997ceEC79be45f74Eb2E259EB23E83cd7E391,USDC,115.850029,0.000000
0xFdaE52BFC4BB6102C5fF6eC3A222231F590cDB44,SMAG7.SSI,43.500000,43.500000
0xFdeebfe4f6540505cD64A12C399b4E5C048d0E13,USDC,15.130000,0.000000
0xFe0e9344395eE9436C46dCAc10fa96A5b4cDDF61,USDC,200.000000,0.000000
0xFe1D21BE270258B36f64a7aa18Af683af20Aa983,USDC,41.000000,0.000000
0xFe6049E47d38A67b5f15A546e1442B8Ac8e23e8c,USDC,40.848885,40.758496
0xFe841F32ABBD8F3688415c9394961fCF7f25b4cB,SMAG7.SSI,8.231100,0.000000
0xFe841F32ABBD8F3688415c9394961fCF7f25b4cB,USDC,786.773390,778.747418
0xFe9DA3d8d4DE7AA224306bB2557a13dbC7BE9ab2,USDC,39.900000,0.000000
0xFeB0e81aC4184Ce18a736A8055CCb91c38A3D818,USDC,130.878994,82.641702
0xFeb1Db48E60b1c096FdCB278Ad3Bf1ba218ABcBE,ETH,0.062363,0.061234
0xFeda8fc0530044a9eF244f6fE117FE6dfcC40B3E,USDC,15.006400,0.000000
0xFf39EfE159D363c5f0955505d955E9854766e5d1,USDC,15.027300,0.000000
0xFf4CbeABC68E07a93C985c31551A07A5bfFD7dc6,USDC,16.193600,16.591424
0xFf85A9aEcBD28EA9CD5023b83A5309Abb47cc606,USDC,940.521352,929.796641
0xFfAA561F6052aE88085c736E156b04dD06b252ad,USDC,77.612594,29.452894
0xFfD65De8D1EC63a094507C8b368D1aE1F4d70b39,USDC,971.331494,960.773382
0xFfE4BB84A0C07228FAD534a26251CF9f34939039,MAG7.SSI,30.049986,30.033986
0xFfacDF53218430026A18F6cB1b8FE88F67d5b2BC,USDC,15.008200,0.000000
0xFffAaAc726a10F502f52140c560c83D41cf4dcFC,USDC,15.472575,15.472575
0xa00bb5bC339508F8E0Bd929f02ba8e1dFeb1b946,MAG7.SSI,76.000000,75.930300
0xa01837454cDAD3B1f243bF7F8B506CA7218D3b7f,USDC,832.293834,821.166017
0xa01EF5f62F81A647826F403179b847d149836a59,USDC,40.000000,42.259306
0xa02c38594efF05912d96a144D3ffaE196BD1D32E,USDC,408.475400,340.000000
0xa02d662b115115bcf7950B591c925A5a87277475,USDC,15.021800,0.000000
0xa044BF2403071D9023a8a6C38b9a4d54FcF314cC,USDC,39.000000,41.093698
0xa044a9d43Be850D8871aC2D598a79C972Ee10f73,SMAG7.SSI,101.918000,0.000000
0xa044a9d43Be850D8871aC2D598a79C972Ee10f73,USDC,0.000000,51.895854
0xa0491A7db46C9B34395DD65b8c61C7FA4a7BC0F2,USDC,36.412500,38.353824
0xa055c5Ec62d5dA6255b83d29A150324DfA6Fc597,USDC,180.154500,30.002910
0xa0576204eE24c2945DAA03420e93172ed7b8942a,USDC,40.000000,0.000000
0xa058100a5feF5D5a5b56DaeC9757eC311ccdE365,USDC,300.000000,282.439505
0xa060d3B1D869Bdc5e1c0468197D7e05CbE175D6D,MAG7.SSI,76.880100,76.803100
0xa061E453fa53374C44599de84A2d4e30d1678f31,MAG7.SSI,15.163600,0.000000
0xa07161ae1FAf9d0B5BEf97fde88181A5dC979C22,MAG7.SSI,15.090000,0.000000
0xa08418987c9212eE5Ef23329Ac3c2f704Aa52E33,USDC,877.608113,867.339051
0xa08e1B84dB38593482ea889A2bd2207ef82ad71c,SMAG7.SSI,199.703800,0.000000
0xa09357c11f3f1ae70614E1E217b36e51402201C0,ETH,0.010000,0.000000
0xa0DA6d6D03E4F9D4d962Bd42d289f22e35E07B42,USDC,26.067399,0.000000
0xa0FAeDB9F3f1A325CB4333c487d272028Abf1080,USDC,128.840000,128.503074
0xa0a267fA6B5545EA83598432561485D2E9B8D350,SOSO,73.120000,0.000000
0xa0a267fA6B5545EA83598432561485D2E9B8D350,USDC,10.518419,0.000000
0xa0aEbBfdEE8d5DaC839F3219B5c721697d4656Ee,USDC,54.637059,38.059524
0xa0aF9cdCDeF54b4881e58ae83B43177e76f250d2,USDC,37.000639,39.022512
0xa0b919031b364559801063E741B783b40f6f38b8,MAG7.SSI,15.059800,19.641927
0xa0bd3f181fe5184fdE74425b84eeD6a0929b8966,USDC,40.978617,40.781953
0xa0f256DEF49Ea59328C57A5484A42f83a0841633,USDC,1096.802775,1076.045597
0xa10d3698b00C6E903b8D8AA9bC9AB535029147d6,MAG7.SSI,15.059100,19.421370
0xa1184DdF1C13602c4b80D05404bAfb6C1ee7C16A,USDC,375.000000,366.451228
0xa118a5589079Ba55Aa819794552422EEd479085c,USDC,15.300000,15.657472
0xa121D346F0034f96899255b8bf25f047640d7217,MAG7.SSI,15.070000,0.000000
0xa1239a6f82bcCD187942f04D9FEa2658ef38C1fD,USDC,15.000000,0.000000
0xa12a7487DfB873A9516700599064caF586B36860,BNB,0.025000,0.025000
0xa17D6b4008a13A8955EEd66324e5d240BbAF287A,USDC,15.000000,0.000000
0xa18B1E61A8DfED06BdeD37E5838021499096879D,USDC,15.017100,0.000000
0xa19bfb4Ac9eE812A7B22b00f151624F0b28c2c0E,USDC,39.000000,41.585857
0xa1B4b9A272E3E2FeE0f2A4Bb6068aa761DAEB483,USDC,20.000000,20.000000
0xa1d040aB273679948D64d211e990dfa5aE57Ba47,USDC,15.974615,15.765682
0xa1e79EEFd1856CF29C9D94051Cee18E0570fA057,USDC,38.000000,0.000000
0xa203a85AD2065e303681019D095DdB076199b722,USDC,15.026400,0.000000
0xa2047dCD3363C4a52e79602B532b167123d755ab,USDC,46.839962,16.955731
0xa20Ca7e613e6EB95119D6cCf9687cD07AE5445D0,USDC,106.412758,95.529593
0xa20Da950821679f0003c1d7CA9C27Ab7E047dd82,USDC,20.000000,20.000000
0xa20fd7E4818e5390a6d5F417170368651b94469F,USDC,39.500000,41.657681
0xa21F826a7F640FE44DE9Dd114aF9EA813BF1f304,MAG7.SSI,16.958622,16.905830
0xa22D9F481B502C36443CAaa226E4cD950FcfCaAD,USDC,48.062660,49.392843
0xa2327d8Ea5FF0d415B3cdCd902516DbC55125c58,USDC,16.000000,0.000000
0xa23732CE220B54384146f6Eb5754cbED6e7c6Fb5,USDC,36.000000,36.768494
0xa24DD22Cc104817651D34e31FcD13Ffa8E2F9F15,USDC,16.000000,15.955105
0xa276b549e45C82afC62546cd55fcaCd43998853F,SMAG7.SSI,1642.034700,0.000000
0xa295835190EaD6768F0d2D2a016245539c779f19,MAG7.SSI,76.000000,75.920000
0xa2A537aB0460fCA846C49e1cE500Cd09f652Af36,USDC,300.000000,294.252385
0xa2Dcd45fd508D748F7fF2446000a37278D28bfE1,USDC,15.130000,0.000000
0xa2a0c406024baD38a4A45cA1460bF73e2C20FC5a,MAG7.SSI,77.682742,0.000000
0xa2bE37f40fD43E8361c87E9fD88f64dC3b7d5343,MAG7.SSI,15.055200,0.000000
0xa2e23adb34d89368d5803A42C749714528855750,USDC,2100.088152,1779.167714
0xa2e92E86dA9d37DefDA98C622384ad44AB0c2153,USDC,40.058559,0.000000
0xa309a97282F098e60c1c9bE5c2fF4C96a755ce14,USDC,42.317161,44.637109
0xa310B41692672C1cA571AD2ce94502C512480c62,MAG7.SSI,75.557600,75.482000
0xa322d0Ce84E19a68D764a03a537F6Cb82692E7d5,SMAG7.SSI,6.200000,0.000000
0xa322d0Ce84E19a68D764a03a537F6Cb82692E7d5,USDC,16.650000,7.503304
0xa32A354Ff6BA95d1EADFd0Ea43E99197842260b5,USDC,39.000000,38.147548
0xa32ae1CE820751e02233dC2209c857d85E52E0C4,USDC,15.024100,0.000000
0xa333531ABFA424164ED9FB1c92BB2aF5B7fe2C1d,MAG7.SSI,167.025058,166.675058
0xa33877c65947caE51fF5aA9C5426b82f1B86DA6E,BTC,0.001312,0.001108
0xa3402AC03707Da4C8DeD58C7a013679A20724658,USDC,15.104856,0.000000
0xa343064C0288e9aB4DE226AE276788B5c831f5dC,USDC,15.023100,0.000000
0xa34fEAF1e1d3C776F490f66570f773E4F1057a70,USDC,500.000000,500.331745
0xa35dBB9CE5558d3d825d59CcE0b4DD14e60d5164,MAG7.SSI,15.217700,0.000000
0xa36DD9897d3464961D1a7ec39b9fe91b6AdE3204,MAG7.SSI,15.110000,0.000000
0xa37c858Bfa56CE50234E99ffe2563aA5a3f10932,USDC,16.549622,34.099244
0xa37c858Bfa56CE50234E99ffe2563aA5a3f10932,USDT,19.000000,0.000000
0xa38BCD348Ec9807D3AB2c35c42e9144813114F7A,MAG7.SSI,75.100000,75.025600
0xa38F550362D2747bDc588b039a6D7730F7711afE,USDC,57.600000,55.795268
0xa390022077F92044535544af9ADBb532945Fac2A,USDC,22.117904,0.000000
0xa3Aa534FF6bd20CFac8792bF7a3f2a5C32131401,USDC,16.000000,0.000000
0xa3Cb8838d8BB8731e04B8CB09ee8b8fE5295E04d,USDC,99.990032,0.000000
0xa3FDa2F536EF3b64Ff76a18FEd57F7d7C8508f31,SMAG7.SSI,222.233100,0.000000
0xa3FDa2F536EF3b64Ff76a18FEd57F7d7C8508f31,SSOSO,86.234900,0.000000
0xa3FDa2F536EF3b64Ff76a18FEd57F7d7C8508f31,USDC,1524.000000,0.000000
0xa3c31534F1295367934893c3b09D0bCfE939164a,SMAG7.SSI,1375.874600,0.000000
0xa4089E934c934fCE403481ab7F211f06846d9119,USDC,37.950100,38.522624
0xa4180B540c2C1A616487346C6ca0C035B0Ce11DB,MAG7.SSI,78.715655,78.636755
0xa41dE41C02a3fEc3b7ac19daB4577a6650C5B01E,MAG7.SSI,15.236900,0.000000
0xa424D1Dd580E8F79F2125d92d86667BeEBc7A721,USDC,40.864129,39.345236
0xa42B85957e8431Ca465512D327CE4dA7CBB78Ff9,MAG7.SSI,15.187100,19.639027
0xa4422107538b108aB063B3eDB278Fee61ac29Ea6,USDC,39.834551,0.000000
0xa44e8F0E7d4d4fac2Ea7c3262c1EFC7f65f1c554,BNB,0.047000,0.000000
0xa44e8F0E7d4d4fac2Ea7c3262c1EFC7f65f1c554,ETH,0.003000,0.000000
0xa44e8F0E7d4d4fac2Ea7c3262c1EFC7f65f1c554,SOL,0.550000,0.000000
0xa44e8F0E7d4d4fac2Ea7c3262c1EFC7f65f1c554,SUI,152.000000,0.000000
0xa44e8F0E7d4d4fac2Ea7c3262c1EFC7f65f1c554,USDC,662.652064,440.048599
0xa44e8F0E7d4d4fac2Ea7c3262c1EFC7f65f1c554,USDT,79.796775,0.000000
0xa489d3bBD665a756de17179ab338464a6BAC8A4d,USDC,15.027700,0.000000
0xa4945FDEC1c4f15D7E7a7724dB53826be5CaEbA4,USDC,7.960000,0.000000
0xa49f3fbd6D1FAc9072b06Bc4759bf44B3b0c7549,USDC,39.000000,41.265753
0xa4B90b89c3936A7AC43699A371eEBbCB9aF6Cd5D,MAG7.SSI,20.021900,0.000000
0xa4B90b89c3936A7AC43699A371eEBbCB9aF6Cd5D,SMAG7.SSI,302.502000,0.000000
0xa4B90b89c3936A7AC43699A371eEBbCB9aF6Cd5D,USDC,20.612748,0.000000
0xa4Fb4248C4d231453B2D201597b977747b93970B,SMAG7.SSI,734.316700,0.000000
0xa4Fb4248C4d231453B2D201597b977747b93970B,USDC,198.312603,0.000000
0xa4bDdB8e8234269ff50112B85d89B74B437861B6,USDC,20.000000,20.000000
0xa4e4b5a20acd4762d3bfe9394d114070eEDD0959,SMAG7.SSI,938.258800,0.000000
0xa4fe950e413Cb01F7d9c14c5D82D4aA2278100B0,BNB,0.126342,0.000000
0xa50Ab7f70cCa3e7E40A27B86E3d024bd2d645c8D,USDC,1087.316819,1079.322855
0xa514B7D2e2d0BC0E7Ced45E35813865e864cFE7f,MAG7.SSI,42.188000,0.000000
0xa514B7D2e2d0BC0E7Ced45E35813865e864cFE7f,SMAG7.SSI,35.000000,0.000000
0xa517DC6d21C786c34839679Cf3359c588276B970,USDC,355.793615,347.846141
0xa51dDD882338659e0CA02f67a926AE0bc7b81A52,USDC,15.020400,0.000000
0xa52404656157AFd9d0A39Ccaf921167647D39b4e,USDC,18.000000,0.000000
0xa525d907A39D119dF8b03fAF90a72c9397288EEc,SMAG7.SSI,2484.493400,0.000000
0xa5355185796f7E181dA33DE1E44D152025173818,SMAG7.SSI,19.476000,0.000000
0xa5355185796f7E181dA33DE1E44D152025173818,USDC,40.479131,17.541861
0xa536A0A477E17f43B4B78D4a567aC1C8b3c2159c,USDC,15.014200,0.000000
0xa549d3dFF49662813781EF2C22a5788E0c2FA269,USDC,15.400000,15.765541
0xa55b2b9044a578DE8C2C34112005A040dEa865c9,BNB,0.060721,0.062680
0xa55d46f45C469294ae473f379B128BAB92A8b343,USDC,23.494032,0.000000
0xa5780668c82b44b193348c0dC48BADdf84721439,MAG7.SSI,45.391228,45.391228
0xa578f71d4119ef0D989Ad90434C4d1919e94b417,USDC,94.900029,100.684766
0xa57fD6C106a8C401c558a593aB512E3876c3a8F9,MAG7.SSI,302.656000,0.000000
0xa57fD6C106a8C401c558a593aB512E3876c3a8F9,SMAG7.SSI,39.709700,0.000000
0xa57fD6C106a8C401c558a593aB512E3876c3a8F9,USDC,949.861363,183.181173
0xa594793D2255ED8d5075b057716256698c4a9Df0,USDC,49.800000,0.000000
0xa59f8DE217798CE028ce8903b705aa36Afd7cD6a,USDT,40.190000,0.000000
0xa5B0EE9E1b44405D8adD3525b75C185D1ED1A1e2,USDC,7.940000,0.000000
0xa5c5fE1c3414b500C8155bB2B1f136a1F530aCf2,USDC,1037.325297,397.475963
0xa5cf414998c0e85C281Ec4436bF29426824bA941,USDC,129.992500,100.008883
0xa601eEc0B8DD80aBAE5BCAa98EB1F8b50813CDA5,MAG7.SSI,5.500000,0.000000
0xa604d8c70f8DF5Ed5eFfeBBcA8Ff4D15620fECe3,USDC,15.005100,0.000000
0xa60D6EF652C11f41DBD1373DAcbd33F277fFBBf3,MAG7.SSI,11.259484,0.000000
0xa60D6EF652C11f41DBD1373DAcbd33F277fFBBf3,SOSO,388.142065,0.000000
0xa60D6EF652C11f41DBD1373DAcbd33F277fFBBf3,USDC,94.678211,0.000000
0xa62073a19F971D07004189F698518C965EbBF212,SOSO,39.461596,0.000000
0xa629e4940a5aD3409212F8E9a26cB443DcA3fa99,MAG7.SSI,70.042942,70.042942
0xa66E3F0e9Fe2f9242384C7F70e48F5Fae1CFD661,USDC,35.000029,28.911205
0xa6802e2c9F8172DE5742bebbfec6e915A471f12c,BNB,0.160000,0.000000
0xa6802e2c9F8172DE5742bebbfec6e915A471f12c,SMAG7.SSI,1000.078700,0.000000
0xa682924C53BC4fb044A06a613c654812A6FF533D,USDC,41.900000,0.000000
0xa68885807CDC502d60466ffEB5D812ee2B0Cc0f5,USDC,15.100000,0.000000
0xa68a2D2db0AB91F30dd7f55546a890C38504Bd67,USDC,49.800000,0.000000
0xa6A7FA2e785c3b1772D9c856D66c0fc909685eaa,XRP,0.000000,10.197450
0xa6B829251AaD271503F1666E2F499A33d73a4A79,MAG7.SSI,15.058200,0.000000
0xa6BF0Fe2f27b029BD36b82Cd0ca36178DB8a07FD,USDC,16.000000,16.000000
0xa6CD11D07588F4AEA6b13620360535ce8fA7C823,MAG7.SSI,15.257400,15.242000
0xa6bcceDf17207dC63526F98FE64F8DE569EF482f,USDC,16.794314,0.000000
0xa6cA4a97D9398f66D8786b07aD5395C5bd82f7B4,USDC,38.000000,40.446760
0xa70561f55e1095cEc86382115fEf5A44c05F7278,MAG7.SSI,15.007400,19.737162
0xa712C460e7D1e6F0806e17Cd570460798f4f8C0C,USDC,15.024000,0.000000
0xa7150bBD9BF1a9629431Dd8C32eBa80044A7b9b3,USDC,280.000000,267.986337
0xa7239f028BD58dDC3F83390E777cb5BE336Fb356,USDC,104.200000,102.742731
0xa726370EEba50485fa44b6AD4cE49575109eF3CD,USDC,474.554900,407.000000
0xa74D525B525e5DbC9f407bEb108A9086a6b0ebfB,SOL,0.000000,0.263658
0xa74D525B525e5DbC9f407bEb108A9086a6b0ebfB,USDC,37.280000,14.135158
0xa74D525B525e5DbC9f407bEb108A9086a6b0ebfB,USDT,19.850000,0.000000
0xa74fbd7cE58aAe455697368D1b887bD302Da05E3,USDC,15.000500,0.000000
0xa7569e0F0b440044d30Fb85323DDE4BDa960D486,USDC,49.245823,46.802811
0xa782ED17D20ae86eA0E68d8d2aaEFB23C32C2B1C,ETH,0.007610,0.000000
0xa782ED17D20ae86eA0E68d8d2aaEFB23C32C2B1C,MAG7.SSI,0.000000,33.168407
0xa7894394B78899D72430B5794C72b79949f5Bc43,MAG7.SSI,75.000000,0.000000
0xa7894394B78899D72430B5794C72b79949f5Bc43,USDC,880.606557,871.198592
0xa79499E583aB94185D893ba35fa5C4e9641f8E7B,USDC,13.185866,0.000000
0xa7FD7f7e030C75a0AAaA0a246E91cb2106a07020,ETH,0.011200,0.011200
0xa7a4E1EdbB156Bb0eb3deD03Bb6209f2efd8b145,USDC,15.022400,0.000000
0xa7b13E9Bcbcb28E566beB0aab7067E7eD04bE000,USDC,41.519457,42.218584
0xa7cE55a98DA4fC38f668B6cc89e9F5848E9c8E06,USDC,204.000000,204.019831
0xa7d5f6b8a2D8Bc3d3F2c333A6e0242f71a623992,USDC,50.000000,48.631965
0xa82F74789B98029DF440790f4c162Ce274ad0dD3,USDC,1078.432268,1059.437001
0xa82e3c59dfAA695052C5EbcA50Fe0E23b504B92e,SMAG7.SSI,44.000000,44.000000
0xa83B4b067CD382afc8573D754367BD31BF98B9bA,USDT,15.700000,0.000000
0xa85055823c2D267588ac5C2EF9df4A17bcb255c8,USDC,64.781398,62.472250
0xa881D43AB68cE9008F3331C8F52097C83b9258A9,BNB,0.030880,0.000000
0xa88e0C8177Ef080c7deb0cEC86Ac54fFcDdb1cAf,USDC,15.300000,15.604650
0xa88ea97F68B9910aB34532C7C975DD1565aA0d6f,USDC,20.000000,20.000000
0xa88ece9a1Af484740DE1F39EcF53A65AeEEf8Ac9,USDC,15.014600,0.000000
0xa892d92766542B60FF1EF355cbeA1a30E65B3dda,USDC,96.922991,96.339539
0xa898F863a12d8f4ac75aa5C47F0542FEaD42f78b,MAG7.SSI,324.160074,0.000000
0xa898F863a12d8f4ac75aa5C47F0542FEaD42f78b,USDC,2600.000000,0.000000
0xa899DF9746875e4f7094e7ce5a4cA25a377Aa586,USDC,37.049000,40.575614
0xa89f3da8bF37eD83919B15Bc7B8A9f3d62dB9267,USDC,15.016500,0.000000
0xa8CCBC5ef603015c29936982B1128ec8627b4fEf,USDC,15.002200,0.000000
0xa8F0E5e9310Dd48C691e4c8aF528A57496B05F99,USDC,19.000029,17.577841
0xa8F8Bf45fe490F456b69E1dA1eC143664C3fB16f,USDC,16.032793,0.000000
0xa8aD84aBF388F01E172A1E0cE7c74a6f154B19f4,MAG7.SSI,15.024800,0.000000
0xa8eBa91Cf03cF64fb5Aa7846BF75f393014C803e,USDC,37.000000,38.955137
0xa8fb748daF785b23C058B0f4577EB5B34E0eB530,MAG7.SSI,0.000000,76.108467
0xa8fb748daF785b23C058B0f4577EB5B34E0eB530,USDC,37.000000,0.000000
0xa90f115dC502909e4154abB656bF13c086152542,USDC,41.962174,37.387190
0xa910F713F43DC61Dc0F200D0f7dd0e303Ee71022,USDC,18.000000,11.248725
0xa91A53805844Fd809acf29b86266f2c5dA87469d,USDC,1012.013007,1001.351964
0xa926646059952e82B658f3683927c146cF0666DA,SMAG7.SSI,30.000000,30.000000
0xa929AA22F63D9bD50790e81a4eA2Df1eF770F817,USDC,15.009900,0.000000
0xa93F69c74c56e6A8E4581a400aF97556e7B67D18,MAG7.SSI,20.811038,0.000000
0xa93F69c74c56e6A8E4581a400aF97556e7B67D18,USDC,28.586695,0.000000
0xa9498797CEa26dFb290A0539f22fc6b02a189a79,USDC,1529.094140,1136.166008
0xa94C9A20e6b1fdb2Dc9aDbacA71c46a3b21D434D,MAG7.SSI,310.000000,0.000000
0xa94C9A20e6b1fdb2Dc9aDbacA71c46a3b21D434D,USDC,1777.634211,270.790826
0xa94f1e71876B49E6A657489e1AAf59B5ccc1E57A,USDC,2005.000660,2003.885295
0xa96Ca2765e13F6C5fd3fCE40fdB98035b7CA5D78,USDC,15.025300,0.000000
0xa96Ea1A9f89a4D3d74DF90830e73f536CE9e73eB,USDC,29.000000,20.268800
0xa97535B2EF5Ca5F339011De4e49B878bD9566A27,USDC,300.000000,292.091152
0xa997C4Ce471a5af4754111F13F91d5D411e5BbD9,USDC,208.866196,217.707387
0xa9BEb4f5f2175bb90dF325D69230B92E640Dcea1,ETH,0.020000,0.000000
0xa9CB4692ED3a7dDc55c253397742EC83EdAf8f34,USDC,29.026664,0.000000
0xa9F3a7781a6EB3D27d9Bf2F0ACb56dD657495312,USDC,101.968143,100.371630
0xa9d3d820f2E3fB076700Ccd40ff36bEa67256f3e,SMAG7.SSI,38.460500,38.460500
0xa9e539deBd203ab74DdA82a22438e738eEe2Ec3E,MAG7.SSI,313.729600,0.000000
0xa9e539deBd203ab74DdA82a22438e738eEe2Ec3E,SMAG7.SSI,685.010200,0.000000
0xa9e539deBd203ab74DdA82a22438e738eEe2Ec3E,SSOSO,470.600000,0.000000
0xa9e539deBd203ab74DdA82a22438e738eEe2Ec3E,USDC,476.003857,344.000000
0xa9f1E6a10a2D59D20c7fF06bEFaE0190eFB5FeD2,USDC,40.731072,40.731072
0xa9f625f457C354dEbe69f91fcA72E6d45749A257,USDC,39.500000,39.924211
0xa9fD28b06B66271f8abd65A23b983D63CA5f267B,USDC,104.300000,103.237553
0xa9fD2f319F778030AA93d2e800D3b633a7d2f549,USDC,20.000000,20.000000
0xaA0AaDfcfbf394243c0246afee85E3ABe071F4Fb,USDC,15.000000,15.049965
0xaA10182753a263521497399C658E2b10768A019A,USDC,15.027000,0.000000
0xaA1BDD8e17a85d318f32123A19b7b676d8421CC6,USDC,37.920000,41.459649
0xaA1FA93D822Cc08e3f1c97b3bEDd001bbae71b1C,SMAG7.SSI,20.537300,0.000000
0xaA1FA93D822Cc08e3f1c97b3bEDd001bbae71b1C,SOSO,12.375820,0.000000
0xaA308bC61D6ee240fE4C03fa1e66aFB640EdA55f,USDC,15.020700,0.000000
0xaA3f1D0d94eE7F4CAc22f5E7C6f1D65cF84D33d6,USDC,52.222229,37.189258
0xaA53E0485e34B3b26E300DB1b92324C0B2736a02,USDC,218.700000,0.000000
0xaA8066305bCb7d9aB03155e94E9fC6128aDe6bBb,USDC,16.000000,0.000000
0xaA8F1a50d30C7C6dFb7821d653BbC1F0fb3Bc088,ETH,0.007725,0.000000
0xaA8F1a50d30C7C6dFb7821d653BbC1F0fb3Bc088,MAG7.SSI,0.000000,33.599627
0xaA9FBd3ca0aFA4F087c1eb647dBD8ca5153922D7,USDC,41.600000,0.000000
0xaA9e5412E168d9f76E695D7C4772044E8A35CBFB,USDC,15.310000,0.000000
0xaAA3356C643139290D15deCbc8199F4776Dc84e8,ETH,0.003000,0.002894
0xaB3580D27c445d29d1Eac455d77caB0E7Ad8AFDE,MAG7.SSI,0.000000,76.411410
0xaB3580D27c445d29d1Eac455d77caB0E7Ad8AFDE,USDC,40.000000,0.000000
0xaB4E23b355d3D2295D1FF6763dE91681E17d3FFA,USDC,1731.981700,1084.802772
0xaB54e10c1CB8D13952AF6879e09572146117111A,USDC,15.025000,0.000000
0xaB7824462b3Abbb313dc8545Ca3f3f7B5CE8D5fb,USDC,16.000000,16.000000
0xaB887C059C0446715b040D82351fFCB70338d14E,USDC,15.023600,0.000000
0xaB96e5879BfE0a9B513a6271AEdADb0Ef7Fd2F8c,USDC,1010.086605,999.671536
0xaBc2d0763939594e880c3973d7dAb2c1223173B3,USDC,16.000000,0.000000
0xaBc6F8d7c8bA66FCd72c3DA7FD53830753fFD7EF,USDC,15.000000,15.173232
0xaC2afe75FE06bE568D16eEfc9A92a8ebF63599FD,ETH,0.017400,0.000000
0xaC2afe75FE06bE568D16eEfc9A92a8ebF63599FD,MAG7.SSI,0.000000,75.796152
0xaC95Ca17b089283c802f4b5571a0Dd21834CD7aa,USDC,38.000500,38.445138
0xaC9D9383cb5e288795598b1e75ABdac67Af15D92,ETH,0.101652,0.072204
0xaCAf7cFC1f7712f6FA0377Fe8E5B9ab4007C10A3,USDC,605.898100,511.986560
0xaCB5AaDe9AfA466Ff6850d2Ee64e1E8AEec1F26e,SMAG7.SSI,118.908500,0.000000
0xaCB5AaDe9AfA466Ff6850d2Ee64e1E8AEec1F26e,USDC,0.000000,17.965032
0xaCDB27215112E6ca30b8B8E533Ebd34C52De72FD,USDC,98.349367,97.801201
0xaCEceE4238876d55d5c95F1d5791299980114D61,USDC,432.206814,424.851963
0xaCd25c3f333e0DAa10440Edfc0C717AF833BF1e7,USDC,39.645000,41.560382
0xaCd40CfcDa0936Ec780d2997fC6Ca68656959aBE,MAG7.SSI,75.000000,0.000000
0xaCd40CfcDa0936Ec780d2997fC6Ca68656959aBE,USDC,882.682513,875.323864
0xaCf0133d9D3F34d05a33Da4202EaEEd0E2a6D1F9,USDC,20.953702,21.750268
0xaCfc160777e9caA6348235CF1346f66a846B2464,USDC,37.281000,40.837168
0xaCfcdEF9a9EB0d0a522c1316d3aeeDEa099bb31f,MAG7.SSI,75.280000,75.205200
0xaD11EabF70ffE3b6533F3424745533F3514E2f36,USDC,16.000000,0.000000
0xaD34b5e2f18666e650184bf8bdf50Dce07cECCE1,USDC,37.574000,41.204832
0xaD533cbB8D1a9e9b497f277B61126F3B1366fbD5,ETH,0.030000,0.000000
0xaD533cbB8D1a9e9b497f277B61126F3B1366fbD5,MAG7.SSI,144.390089,0.000000
0xaD533cbB8D1a9e9b497f277B61126F3B1366fbD5,USDC,4095.096552,2899.745563
0xaDeC6d479A48a5d7D8fB05E7Af385e083Ea2Da76,USDC,40.962050,40.652143
0xaE06D73e8c79cB9c7171A04b751dDf630FeEb1b9,MAG7.SSI,15.233800,19.965419
0xaE0c84eD459fA3DA3F84f4f590d344b04712EafB,BNB,0.010553,0.000000
0xaE0c84eD459fA3DA3F84f4f590d344b04712EafB,ETH,0.002294,0.000000
0xaE0c84eD459fA3DA3F84f4f590d344b04712EafB,SOL,0.060000,0.000000
0xaE0c84eD459fA3DA3F84f4f590d344b04712EafB,USDC,10.000000,9.000000
0xaE19Dc4641f10B5dDBDBcDEBb4f10876e41EA8Cd,MAG7.SSI,31.985948,0.000000
0xaE4b779618Aad486AcE52B76b48745218CE04D90,USDC,229.000000,226.709217
0xaE6B0dC859DE7f47E6c4AA7Ab7634F0c2ACbD62A,USDC,573.641100,505.000000
0xaE8884896EBc25bF0eF95780063680D2ec1fAa14,USDC,1011.774093,1001.307842
0xaE889b8cC347FB92903c9234711fd3B76537ad4E,USDC,15.280000,0.000000
0xaEeA4d7066a94d210A900348da11B310b795E12C,USDC,41.520000,0.000000
0xaEed4e3B498aE60C42b73A72a742D64858f92Dd3,USDC,115.838733,105.569017
0xaEed4e3B498aE60C42b73A72a742D64858f92Dd3,USDT,9.990000,0.000000
0xaF23d62aFdc3f23Bb67f4b140eFFd64AE3C45bb9,USDC,15.015200,0.000000
0xaF3F2fD5810744534f472a91eDD46eF02ea5d9f8,USDC,773.126682,762.863166
0xaF46651B00F1BFc1E25932aCBB0a6A52F34CECcc,SOSO,900.000000,0.000000
0xaF572fc131C257562d210AE9F09572d77f917d01,USDC,41.440000,0.000000
0xaF738481743Cf9c47C97988d93DFcaaF1B4dE70f,USDC,22.119505,0.000000
0xaF73b2624b6842A94AEf649C8cDD72c1Cb40CDf4,USDC,15.003800,0.000000
0xaFEc403e69F9416b90743E1257Ae8eE13d502230,USDC,11.000000,19.716183
0xaFc656723ADB46abdb0568F1F31F4A733263c62F,USDC,55.290964,0.000000
0xaa44BC8F55c57bD9f680d2Fc11eFe7A7a01e4335,USDC,15.000000,0.000000
0xaa6aD01D7A10Acf2aEA2274EE05790EC32a3abB6,USDC,77.346872,24.467864
0xaa753bD09664509afe69BC308D1EeF29b8d8a759,SMAG7.SSI,5.696900,0.000000
0xaa753bD09664509afe69BC308D1EeF29b8d8a759,USDC,136.183637,82.000000
0xaa80330445d98769d597436aA558B759031Bd192,USDC,37.000000,38.547066
0xaa95d3b50d9d781b336ADAc435819c2efD473EcA,ETH,0.005000,0.004893
0xaaE4Aba482A9811bdb9f28EFb4fFD921C4C4FcCd,USDC,41.000000,42.374850
0xaad2118cf78836C4016A1c42EDC359fCf1A1857C,USDC,44.661839,43.530708
0xab414B29aF85EA268655dc7dA1F4470e20f28425,USDC,39.920100,0.000000
0xab4CD9fc9Bd00859Cc8671E064B21aa0ab7331E4,MAG7.SSI,15.038700,0.000000
0xab528fb7A0237284efbEdc10e6A6D3a0BAcC5F80,MAG7.SSI,15.109500,0.000000
0xab5434412b9627D447959a39f09D46dFBFaec573,MAG7.SSI,50.487941,0.000000
0xab721cB75cc24483EC967c72F7022CCAf3c00EcA,USDC,38.020000,38.748081
0xab99467815bA9896FB7727551C03B62072A2d0c1,MAG7.SSI,29.988525,29.980025
0xabC7CD3a31CE200678dc8aA28cDbe111f6E88432,USDC,54.610000,42.591470
0xabbF62f452Dcf1c9C624f9EEaaEc4261ce3be2DA,MAG7.SSI,5.000000,0.000000
0xabdC4f76bD6ce9A25Afb981d509409102050f796,MAG7.SSI,0.000000,170.113224
0xabdC4f76bD6ce9A25Afb981d509409102050f796,USDC,90.230517,9.339109
0xabed941dE29BcCe15ab0F7c3cD660AE94c5EbB81,USDC,15.000000,0.000000
0xac0052A2E035058dC50Ed34ac0B423c1d36C9c70,MAG7.SSI,313.891680,312.550200
0xac0b15406E06145A079461541Bd51D8096d11A4C,ETH,0.002100,0.000000
0xac0b15406E06145A079461541Bd51D8096d11A4C,USDC,51.625901,70.050578
0xac1B58c6346D341f65D8Ee8438203fa88c926A11,MAG7.SSI,15.067700,1.200000
0xac29Ff9c2fF3490a1ce67F2db5CbD7c77f04b152,USDC,15.711534,15.399381
0xac574a3Dc0aCde64fd60D166446C59797e79BCC6,MAG7.SSI,70.542942,70.542942
0xac84039D30649B01dFF781A386F28cADc766cEc9,USDC,39.000000,41.278433
0xac9535d32d41970158F4F8775C5D80323b742b38,USDC,16.000000,0.000000
0xac977e73615D7E5c6476247E0823651169280BE4,SMAG7.SSI,75992.446900,0.000000
0xac977e73615D7E5c6476247E0823651169280BE4,USDC,0.000000,4936.562140
0xac9E3773ACF125ac3B416d2290554F6d64fd9B50,MAG7.SSI,16.000000,0.000000
0xac9E3773ACF125ac3B416d2290554F6d64fd9B50,SMAG7.SSI,0.000000,15.943590
0xacce128201F9BcaC54d35eCf4A46d732A2F805f6,USDC,40.000000,40.270208
0xacd04f0A1Ee3B6D86ca05eeF19c32E45D6b23F35,MAG7.SSI,15.046000,19.877871
0xacf6901747EBA4281b1422DeF8cab539efBb20E1,USDC,15.012700,0.000000
0xad2997FcA4850A71f79337c828C35C20eA331114,USDC,45.000029,0.000000
0xad4C0d446EB738DE6Cc2e734369405859f2ba2Fc,USDC,131.383418,123.605296
0xad5193E7249BCecA5480806Ef161c172abd38c57,DOGE,0.000000,318.936200
0xad5193E7249BCecA5480806Ef161c172abd38c57,USDC,13.510000,0.000000
0xad65bD23899d14dF7E27085974061B5661fB5e13,SMAG7.SSI,166.433300,258.723654
0xad65bD23899d14dF7E27085974061B5661fB5e13,USDC,16.000000,5.274776
0xad920CD7046c3E3c5B562bBf61C60d7A0B5d85cF,USDC,200.000000,141.601382
0xadBC831e4c80A5D02Bbb2080aF211937E491C2c0,BNB,0.025000,0.025000
0xadEA1E23f73c34025F1697bd27Fe6767b083f2DF,BNB,0.025000,0.025000
0xadEC9cD651BF0a1740D0EF4922485E20d96308BA,MAG7.SSI,5.000000,0.000000
0xadEC9cD651BF0a1740D0EF4922485E20d96308BA,USDC,18.415130,18.415130
0xadF58AcDc31F4e43861C8A257e729f6f6A282ed0,MAG7.SSI,76.000000,75.924400
0xadae271E9A6f0D6d5202cF17193Fab910C23d172,USDC,10.000000,6.602414
0xae2832cA00fFC229F4b6a04df2f8593DC93DB734,USDC,38.010000,38.726068
0xae4Ad84e23Fa84601f38C28F798a0b3A7F17f4df,MAG7.SSI,76.710216,76.633316
0xae81b684B1c9F812cb263945ac9736Bc6719c10a,USDC,15.018200,0.000000
0xae96699Cee374931763bcbB196652555f617A905,SMAG7.SSI,996.751400,0.000000
0xaeCf60208A9fbB3119216AB243d68984f68319DF,USDC,23.973540,15.101100
0xaebb125dabb65d135Cce8D6e482E2B722D1a0719,USDC,15.000000,0.000000
0xaecA53d254337f23d30601B53B257c18BBc4048c,USDC,57.996230,0.000000
0xaf02Dc81EC35F6BB9EDc70F15ff0c18C0A4C0c6B,USDC,41.400000,0.000000
0xaf0414D6dEF7A0d01D78c50a2ccEfcC5AEC0b051,USDC,11.891998,0.000000
0xaf0e8c74f14A83290826B49fac1D866bc62f0907,MAG7.SSI,0.000000,83.747171
0xaf0e8c74f14A83290826B49fac1D866bc62f0907,USDC,48.510000,0.000000
0xaf23A41505444C91170632FC8189c351bafFBE55,USDC,41.765160,0.000000
0xaf77A2c4998ddfd6835361e59E2Cb8063b5eb170,USDC,110.045115,102.060737
0xaf8fADC5e2173EF613dC1443af966418EAaB089F,USDC,15.000000,16.150151
0xafb7c685098570A4729B3E127d7Dd8F9Bd3a19A4,USDC,39.000000,41.354273
0xafc7bF81537737bF37B6a5EA26Dc252d7b33f77F,USDC,38.930000,38.495584
0xafd22117Bb47bE3eF470b632E5D19De902bed4da,USDC,40.000000,38.770292
0xb00400bB9871DB59922cc1072F4dC98a699010Ee,USDC,38.030000,39.010505
0xb01605a16b46aFb74a7fa4850740618fF04e7109,SMAG7.SSI,7916.562800,0.000000
0xb01605a16b46aFb74a7fa4850740618fF04e7109,USDC,17.000000,0.000000
0xb019a3752FDD92d0BAfC1cd2406436A5F38b8cA9,USDC,15.016400,0.000000
0xb01C394D3f4F5b0033f5A45B0FfFBb18D2D63C2c,USDC,15.000000,6.590309
0xb01C550727EAe43702d213831f4cA56545F56415,USDC,39.000000,41.130543
0xb03C82156B9321F30F2245594f9b94Ffaa1B4e59,USDC,49.487816,48.410765
0xb041F8EdDD97d78DA72c6036104903dA56781E66,USDC,16.000000,0.000000
0xb04285E7c08834Bd4F6b42e1584db5b02ddf04D8,ETH,0.047709,0.000000
0xb04466155204c3e734Fad44a4e885F654Eaaad22,USDC,18.688371,10.075344
0xb04cD6ca8eeE6Ad3A4da2F6f5807c814Ff11869a,USDC,38.430000,0.000000
0xb064cD200DF3FfA2E777aDf4493689c23d2eC88D,USDC,15.010000,0.000000
0xb074C6c4b3fC9FeA4367d86151093E0B7aBe8345,SMAG7.SSI,232.763000,0.000000
0xb077e04C2f13Ae0d4f28619011F492785156dC92,SOL,0.041995,0.000000
0xb077e04C2f13Ae0d4f28619011F492785156dC92,USDC,12.868809,0.000000
0xb07902e2d89Fd11251Dae86e483B9631790c3656,MAG7.SSI,78.462300,78.425800
0xb07902e2d89Fd11251Dae86e483B9631790c3656,USDC,37.100009,37.100009
0xb084b10180620072c5CBE71e90eA93509b116C0C,USDC,9549.368897,5698.474289
0xb084b10180620072c5CBE71e90eA93509b116C0C,USDT,428.883349,0.000000
0xb08c8D37cDd2a30C90E31404daaE8a49B9b3e310,USDC,102.900029,110.245097
0xb0927954Fc0AF3B53eA68D3a81F9BAa3CA40AcAA,USDT,18.000000,18.000000
0xb09f0DFa0B5B0D3af38fb09fCaEACBA650Ba0716,USDC,39.000000,0.000000
0xb0BbEC66bEfc0E008633EAAAC31A8414fb949984,MAG7.SSI,0.000000,499.545300
0xb0BbEC66bEfc0E008633EAAAC31A8414fb949984,SMAG7.SSI,500.000000,0.000000
0xb0BbEC66bEfc0E008633EAAAC31A8414fb949984,USDC,0.000000,603.060157
0xb0D2997eb52AE37fa745857582d290d3EAab79E3,USDC,44.000000,0.000000
0xb0ce26B32a01b940d62517da96fFC4fF3247BcBE,BNB,0.000000,0.006999
0xb0ce26B32a01b940d62517da96fFC4fF3247BcBE,USDC,17.755435,15.509783
0xb0cfea1F79884326448F9EbCF5Fd492f61f9398D,USDC,39.960100,0.000000
0xb0e03d41a48558f1a1Ebf93952656d8462B3F395,USDC,10.843229,10.311875
0xb1061F29d53d0202386AB6Cd85185058818e990c,ETH,0.028000,0.028000
0xb110eDef3c854AC12eFb1F6af1E307726C2b06Cb,USDC,104.200000,98.039531
0xb117089A93008b9865e2Dd3E7dEBe461520C27B7,USDC,15.011100,0.000000
0xb11dCbaCC82200721EccEeefb4D80233355F6Fe0,USDC,3322.357864,3785.947116
0xb1321167FB86148521Cc49ea730e1530aD0a5278,USDT,29.866050,0.000000
0xb1458C5f4B9e27a5E207C36c433acfB3b2431B5a,USDC,200.000000,191.746935
0xb14D043ead48f94CE19bFD1d81EE717D56a3BEeF,MAG7.SSI,10.992302,0.000000
0xb14D043ead48f94CE19bFD1d81EE717D56a3BEeF,USDC,40.000000,48.000133
0xb171EC23643aA05036973C846E3DE1603cc47c7f,ETH,0.017470,0.000000
0xb171EC23643aA05036973C846E3DE1603cc47c7f,MAG7.SSI,0.000000,75.825232
0xb1763DC8684EF0928c4407a685eD0F548D0cab3c,ETH,0.621256,0.000000
0xb1763DC8684EF0928c4407a685eD0F548D0cab3c,SMAG7.SSI,144.713400,0.000000
0xb1763DC8684EF0928c4407a685eD0F548D0cab3c,SOL,0.583731,0.000000
0xb1763DC8684EF0928c4407a685eD0F548D0cab3c,USDC,1046.350593,1627.181594
0xb184CC3CEbD89110d482206154be1AB678E9Ff7e,USDC,5.000000,0.000000
0xb18579D597007f16018018F144D36D5806EF6629,USDC,16.000000,8.055711
0xb18C6719AF6eec732d82278CaB3F7A39657dd94C,USDC,10.000000,0.000000
0xb18a0721f63453760D5730C378a7158DdAa5c7dE,SMAG7.SSI,5000000.000000,0.000000
0xb18a0721f63453760D5730C378a7158DdAa5c7dE,USDC,5.000000,0.000000
0xb18dB85a8404a6e50439379680430496480b220D,USDC,1049.688787,1028.825419
0xb19e40ABD253ce31BBaF2BBD7e14035b7883D53d,USDC,39.653100,0.000000
0xb19e88Ba769Ae59b658e8758D5Aa3088b88d44CA,SMAG7.SSI,4146790.164200,0.000000
0xb19e88Ba769Ae59b658e8758D5Aa3088b88d44CA,USDC,10.000000,0.000000
0xb1c3b5Cf8937D50d092574A649818F055ae2Ed18,USDC,15.026900,0.000000
0xb1d05D41489b101be682B0023A2274e9de390453,USDC,38.200000,0.000000
0xb1f59298d7E1b701adD308CEC289DD24953b0171,USDC,15.000000,15.307678
0xb206f6234373eC01Dc13638F8A15B54e45B1A367,USDC,935.000000,0.000000
0xb206f6234373eC01Dc13638F8A15B54e45B1A367,USDT,184.000000,0.000000
0xb20Fe2b5702Ec476f14D5f6ce7fFfD1c5147d590,USDC,40.946938,42.283161
0xb21bDC8AE300AcaB8b4B19E75fA72F669F85c5bE,SMAG7.SSI,301.242200,0.000000
0xb21bDC8AE300AcaB8b4B19E75fA72F669F85c5bE,USDC,151.000000,0.000000
0xb21e0eF015e1a1ef9b5C1C54ff90f51Fe82d278C,USDC,300.000000,294.055351
0xb223Ff6Fd695b64A6B8F0152f92E27b44c064234,USDC,15.510000,0.000000
0xb231FE303d7F51e18a7b44e2CdE8AE6b57f42900,MAG7.SSI,12.530683,12.530683
0xb23739484713034eB559B7833562eA988d8ec803,USDC,150.000000,160.172230
0xb24a894DF4Beb0142b1c267766af461801247913,USDC,79.582704,79.582704
0xb25F6BC17eb4DDc6433eEb1D6CFeED816f86079a,MAG7.SSI,15.173500,0.000000
0xb2696DA61b035D96A8bc907197B938387e9323c5,MAG7.SSI,75.000000,0.000000
0xb2696DA61b035D96A8bc907197B938387e9323c5,USDC,896.441286,846.926233
0xb2698E007f62740f86699a85003F4d55715e3747,USDC,15.015000,0.000000
0xb273F2eFDab32bDF5639b58A7993a096f054A7d1,ETH,0.500000,0.000000
0xb28a7E5539D2F25cdC1375cb8ae0aC0f58D26fe7,USDC,15.007500,0.000000
0xb2B24ec17937CF18056c20537aeBABA05f2f11BF,USDC,39.752100,0.000000
0xb2Cc71E78fD76b10cAd7c5097bf60C23056a282C,BNB,0.025000,0.025000
0xb30DCe9f05DCE281EE726e76d6127bD9C747259a,USDC,840.097227,829.306132
0xb30dBa9052eA26EC164CDED6995e9ef3435E6241,USDC,15.000000,0.000000
0xb31887fe294C68067C4840E3e7bd1b919Bbc611d,SMAG7.SSI,30.000000,30.000000
0xb3217748Bb1e720C9aCee65CA9355c56FeD229B9,MAG7.SSI,15.060300,19.892265
0xb3308511CfBb6Fb486714F4ffA7Dd65D83d321Bd,USDC,287.248455,0.000000
0xb335c060EB678183E48f577798FC20D7F4D49579,USDC,49.800000,0.000000
0xb33E9029d8ED4B43E09DB1D16Ed536FC371eA899,USDC,49.831285,48.477060
0xb348D813b3E6990196ac1A6672298c754D27FC15,USDC,196.002211,181.986940
0xb357C4AD8D4F34A3603329bE787fe8b80ae934aa,USDC,37.950100,36.252083
0xb3671e48be619cb0510E484131D2bd09FDB82fb7,USDC,117.850029,0.000000
0xb3890Fd9FBad5E66dae2f373fE82505C2800a911,USDC,0.000000,156.753194
0xb3890Fd9FBad5E66dae2f373fE82505C2800a911,USDT,152.588432,0.000000
0xb38A2a01976C5a044398F1A44C8E78E2a3D7BF2b,USDC,48.966545,50.041929
0xb3AEe9e08C333D59406e56959cd63727Cb5aaE5F,ETH,0.000000,0.003695
0xb3AEe9e08C333D59406e56959cd63727Cb5aaE5F,USDC,48.000000,107.614230
0xb3D1697185d3411F1b2cdd2887372A96727f68D7,USDC,15.980438,15.980438
0xb3D6A0c97344cE3Bd7e10c8663b6759e5364B6D8,SMAG7.SSI,43.965400,0.000000
0xb3F2b0608D8208E7d73B4D650B24843Ec67B7C2c,USDC,186.000000,0.000000
0xb3aC86754D47f78E6E8610cf3A2e9B5987045C44,USDC,37.524000,41.025214
0xb3b735bF1d7861bc718fBC42BB02B928A12c2f15,USDC,15.004800,0.000000
0xb3b847CB7FC2C483cd88385DA0b312d3B86984b0,USDC,15.210000,0.000000
0xb3bfC380745bCBdFc95d5c605141A65f4c843523,USDC,163.813816,163.435292
0xb3e23912Ad4607210eB07EeCA8E3cc5C49501b1d,USDC,40.950235,40.950235
0xb3eb28c2AF00E4307eA9603649b3e544B998E54A,SMAG7.SSI,6.009100,0.000000
0xb3eb28c2AF00E4307eA9603649b3e544B998E54A,USDC,563.499995,7.000000
0xb3fC0Cd4fc358Df75E179DFbC06DD4D36202ED76,MAG7.SSI,94.505000,0.000000
0xb3fC0Cd4fc358Df75E179DFbC06DD4D36202ED76,SMAG7.SSI,259.233500,0.000000
0xb4071cF07985Af7205f458eB77F14121BFC0d5Ac,USDC,50.000000,44.153881
0xb41783B977CfDbcB5CC51775d2686F6b4399b326,USDC,21.677370,32.725725
0xb4309bF64c330D15191bb84a358e566477724699,USDC,516.042644,510.741823
0xb4417CCABd773B451eea7175Fb85fF8d0BB39000,MAG7.SSI,43.391228,43.391228
0xb470Bf5333193CA5a4Ed701AC98C1f9b6EC4E474,MAG7.SSI,15.170800,0.000000
0xb4782F124BfABfa5107AcFD62C048b86781D0E77,USDC,15.330000,0.000000
0xb493898A4517e4D599252498dDFef9443055C8Cc,MAG7.SSI,75.748600,75.675000
0xb49C8c80e5A45B3943cFEb6ecb596e720146B972,USDC,117.063004,117.189281
0xb4A1a68a3e387CBd1417384ca4Ca57A7b3134E07,USDC,41.272000,0.000000
0xb4A2c461f80E72Ee0e564f46E9B45aA1399caF7E,USDC,205.000000,83.000000
0xb4A2c461f80E72Ee0e564f46E9B45aA1399caF7E,USDT,599.970000,0.000000
0xb4D425fe276Ec49d9C6922a65452588BEEb49Da5,ETH,0.023000,0.019793
0xb4D425fe276Ec49d9C6922a65452588BEEb49Da5,SSOSO,29.609000,0.000000
0xb4F3D0f201ea4BD806A58995936089D8775fB94e,MAG7.SSI,15.050900,19.872878
0xb4a27BFF32D6f58Bd5538f12177b1F04B88AC3c3,MAG7.SSI,77.167540,77.090240
0xb4d819F6249b5ca081C388C1496643E1fe91E176,USDC,15.019800,0.000000
0xb4dDAE80fE1a2087DE4A1202B9CCAbB97cC1c036,MAG7.SSI,5.200000,5.200000
0xb4dDAE80fE1a2087DE4A1202B9CCAbB97cC1c036,SSOSO,13.336500,0.000000
0xb4dDAE80fE1a2087DE4A1202B9CCAbB97cC1c036,USDC,39.400000,21.632098
0xb501Df95E8eEaD5A3d21eA0dB087c64D7AE6Bf4F,USDC,38.000000,38.970508
0xb50Cd3cD14C71dc39649d7c41A356F5ee80DCfc7,USDC,25.000000,25.379920
0xb50F2B636c4f0aE1AB673eEBB4B1bD21d99D1964,USDC,104.200000,97.976430
0xb50cA5904d0EcE94Bc820F9aBc6ad8198Ac07cB0,USDC,53.816000,45.943951
0xb532E74A9088519980Ba4F5936968e2cA229F8BA,SOL,0.000000,0.059982
0xb532E74A9088519980Ba4F5936968e2cA229F8BA,USDC,102.636295,167.378671
0xb5480F2d1fFEc5DAA5B97373A493aB9637cb5F78,USDC,71.300000,10.000000
0xb54E5a2b4FA094bB3c26FAfb166EF087aC8F2971,USDC,39.000000,41.469761
0xb5526e37530f262DaF1c2a9bc28B5382aCA384C7,USDC,38.000000,40.392398
0xb56E13fD2D1279A46F69E285792885726FD6d831,USDC,551.300009,538.238118
0xb5D5C51330c286fb09ce3c65cB393EC996F9f88E,USDC,45.193316,46.825059
0xb5E461e329149961b20E0219130ffBF4DFcC4675,ETH,0.062138,0.061309
0xb5a5beC9dEcf86843a7fB01053926a2A4B39fC41,USDC,120.900000,0.000000
0xb5c07604B87143e80B4f48F9654273e0cAe13163,USDC,39.060000,38.308522
0xb60d22d91Ffba4B2E15bA340c3360490E1C8BE8e,USDC,1112.793969,1105.927631
0xb675f2EAb4e7202284CC9a86944e883f4A8dE540,USDC,15.990000,0.000000
0xb68Ccc1961216Fb74ec43482C1E14B8898D183E0,USDC,36.960000,34.474310
0xb68f125c85e6A14B11D1D7846150D8Cd8b474532,USDC,41.390000,0.000000
0xb69ADef1596b2b0f600452581C786E3Db7B87De6,USDC,274.610492,40.000000
0xb6A9c44eFb25411301cc7bC6bac52a87bAbf503C,MAG7.SSI,75.879700,0.000000
0xb6AE657633a285342F90Cfd16044D22067e19918,USDC,15.022700,0.000000
0xb6Eb2b2e50B71ff97A8D21d2A100290E37B2490a,USDC,22.119068,0.000000
0xb6F00a713153Cbaf39FB0BfdE52AdD5795a43C80,SMAG7.SSI,2317.472400,0.000000
0xb6F00a713153Cbaf39FB0BfdE52AdD5795a43C80,USDC,80.000000,36.387709
0xb6c37a054AbAf4D2149F5E1d086CfB7Ca9184e9c,ETH,0.000000,0.007097
0xb6c37a054AbAf4D2149F5E1d086CfB7Ca9184e9c,USDC,19.067208,0.000000
0xb6fEC2DB938F60bd23df375cda8de9E38132cEbC,MAG7.SSI,70.259798,0.000000
0xb6fEC2DB938F60bd23df375cda8de9E38132cEbC,USDC,1447.477382,0.000000
0xb701E791cba5C8729CfBF04063ae125a7549eE49,SMAG7.SSI,29.775500,30.275513
0xb701E791cba5C8729CfBF04063ae125a7549eE49,USDC,20.000000,19.564636
0xb706172e0709Ae0c671621Ca4168d31B546Df340,USDC,570.084200,504.000000
0xb714740e1Fc7d6d7d9df2fB19BB0Ea55aBe60F21,USDC,16.691654,16.691654
0xb714A36f4B935710711F2c4513e0Ca723033EE3C,USDC,40.069513,0.000000
0xb71a69CddDCd41A5c080b17C3c42d23d28d28d01,USDC,30.000000,15.721144
0xb732a50776b78B9F3635e5CEb920f7625B5230a4,USDC,1007.462392,997.035418
0xb74cE4F6D6f6Ff01F84bEb5f9AA9CbD9277b36fb,USDC,49.800000,0.000000
0xb76825d68bA6213B918aB4b90b521eaE43b12d1c,MAG7.SSI,166.619384,0.000000
0xb76825d68bA6213B918aB4b90b521eaE43b12d1c,SMAG7.SSI,146.588500,0.000000
0xb76825d68bA6213B918aB4b90b521eaE43b12d1c,USDC,122.199129,41.757037
0xb77f75b734c34CbE23f98bc30b461b0a4C334c90,USDC,290.000000,65.501044
0xb787C68940d0651dfC26eAd69900993EEf36CE2D,USDC,555.007870,0.000000
0xb7Be7Ed4213a0F08A2B985663CCBA1371c976595,USDC,501.000000,488.627362
0xb7C06De8c934af12FBFECef4D670DCAace692792,ETH,0.012000,0.012000
0xb7E600Ce0C6684aEc4Fee88F7680CE2D6D485D60,USDC,40.040000,38.203779
0xb7F3EBA6ED9FD8e3d1c446cA719f41256A2d27dB,MAG7.SSI,77.481622,0.000000
0xb7F3EBA6ED9FD8e3d1c446cA719f41256A2d27dB,USDC,11.475405,0.000000
0xb7F8A1Dcf8371C6F95244724469Ef8f69bb03075,USDC,1768.235249,0.000000
0xb7e206995963F2aab27B78Fe608FC5C8658C3247,SMAG7.SSI,30.000000,30.000000
0xb7f315Efcf26751098241A7A63a15C2d238E415a,USDC,42.000000,0.000000
0xb7f9d7f207A1f0B04aCdD40DD162BFDD9b442788,ETH,0.168300,0.000000
0xb7f9d7f207A1f0B04aCdD40DD162BFDD9b442788,SOSO,1.145700,0.000000
0xb7f9d7f207A1f0B04aCdD40DD162BFDD9b442788,USDC,59.780000,165.940075
0xb8002C4B5D3C8740b50b76995D062273cF4aac78,USDC,165.363041,154.543367
0xb8541A164e8337dC46693785d0945BB7e80fd852,USDC,39.961100,0.000000
0xb87090B4f5488ba999e2e180740E640806d62938,MAG7.SSI,44.891228,44.891228
0xb8746156D67fcD62280C1087c5735Af14c3b1fAa,SMAG7.SSI,40.960500,40.960500
0xb87f9216888bC865C5d7eec5f365A3e0218F0080,USDC,8.100000,8.075082
0xb890825B15b9665997f7fC12246f3D4214910782,USDC,9.000000,9.372707
0xb8CAEdC741573Da6595e129CcC00119aa8A869B9,MAG7.SSI,10.000000,10.000000
0xb8CAEdC741573Da6595e129CcC00119aa8A869B9,USDC,15.500000,5.541723
0xb8D6eCe47838A54432741BAD8bf72360695a953E,USDC,15.009400,0.000000
0xb8D949C9B6c37d58d150E6c30A4fFDbc9fE657e3,USDC,69.087947,66.751590
0xb8E08A0c980a3a74e2314c00A12BA9290b21CcBE,USDC,15.006700,0.000000
0xb8E4fC1e182629F158c35C4D8076E63099902c05,USDC,17.552858,8.967947
0xb8b26C95Cd248a380D3E4b7aAcc0F97251176990,USDC,15.021400,0.000000
0xb8b43a1E2Fc77A8d859A3f9a5175B6424C580673,USDC,90.000000,75.686928
0xb8e81C6Efcce367fB3c7dBd061700617451e31EA,USDC,29.000000,23.248669
0xb8fC0F05715da48AD37FA98C57852dD630688959,USDC,43.000000,0.000000
0xb921Ae87Dd1f89FE7176705Bf1eE584c8910f368,USDC,46.111578,0.000000
0xb921Ae87Dd1f89FE7176705Bf1eE584c8910f368,USDT,45.600000,0.000000
0xb924D2fa241a21f2eE851293CF9a44bACcd5da59,ETH,0.032163,0.031407
0xb925Ab76FF508cb30ADA42A0D36830Ef0658387A,USDC,140.934762,127.337993
0xb93049B2689b51d0245Adb0c9758d3d98b0D52f3,USDC,39.000000,41.253106
0xb934EB9853550a52894765C2E0598F36bDcdFe57,SOSO,51.000000,0.000000
0xb934EB9853550a52894765C2E0598F36bDcdFe57,USDC,67.000001,38.183401
0xb95E0F94251c9DCC6da12A10072De3Ed2BbB28E0,MAG7.SSI,0.000000,39.483579
0xb95E0F94251c9DCC6da12A10072De3Ed2BbB28E0,SMAG7.SSI,14.692800,0.000000
0xb95E0F94251c9DCC6da12A10072De3Ed2BbB28E0,USDC,609.136596,339.678433
0xb962116D5661C17496Ed9c3be87953Eeae7424fd,ETH,0.010000,0.000000
0xb96cC1FdeD31463Bd1A2675FDd9855612560C6b6,USDC,232.880614,222.923260
0xb98f118F2D3123226104b47F87C8D8B451DE1647,SMAG7.SSI,190.605700,84.800020
0xb98f118F2D3123226104b47F87C8D8B451DE1647,USDC,52314.258145,45483.909020
0xb98f73C8c9cE70e1938ECA70e25717708AA3eB52,USDC,17.140360,16.411325
0xb9B63Fd8D235823c4061FcDed937Fd05204a08Ea,MAG7.SSI,75.614300,75.538600
0xb9Bcf23260EEe22c9FCaBBCd6F28F8291a0693D1,MAG7.SSI,15.353800,0.000000
0xb9Bcf23260EEe22c9FCaBBCd6F28F8291a0693D1,USDC,605.122738,219.056207
0xb9Dac2C3aF48BaB377Db9Bf29Cc57c68ea24a282,USDC,15.003600,0.000000
0xb9a1238Cf2f925821d4dF864305c83289FeDa134,USDC,40.000000,41.382410
0xb9f62DF7B2210e888Dce866a169E745E77c1D004,USDC,15.021900,0.000000
0xb9fE0ba53C3227620B2a56B6EC3AECAc56445B20,USDC,39.100000,41.390931
0xbA38D983756eA12Ab9890F6812851dA6b8eee7E8,ETH,0.013369,0.012948
0xbA5380F46e32088B3B6b5a89787Ef8ef5CeC9339,ETH,0.003224,0.000000
0xbA5380F46e32088B3B6b5a89787Ef8ef5CeC9339,USDC,6.111515,14.674663
0xbA6251fd17C9B8cE7011d67Ee4053Cb4ca0C707e,USDC,17.993805,10.500719
0xbA8B0b7fDf092d4D0900171E9b373cCd832431c3,USDC,41.959322,0.000000
0xbA8CDB1dEADf026178DD5211aB1700586A76c14C,MAG7.SSI,73.996200,0.000000
0xbA8CDB1dEADf026178DD5211aB1700586A76c14C,SMAG7.SSI,1148.511200,0.000000
0xbA8CDB1dEADf026178DD5211aB1700586A76c14C,USDC,324.627454,100.000000
0xbAB75162cf7EFb37FF885da410083dFa40d634f6,USDC,15.023700,0.000000
0xbAE4E9d94Cfc1B53dbC988d829561F6c232DC583,USDC,50.500000,0.000000
0xbAb20BF79ee8035002307A254E1B305685c9B54b,USDC,15.784000,15.784000
0xbB113BbcCDD65F58aE5e826B50f7BEf6cAd01c72,USDC,37.000000,38.649798
0xbB151caB052bde7da7D2b9536cBB8C31A44Ac5E5,USDC,501.000000,490.460802
0xbB7Bd4369dc7AB70809Bc59420bA83E3e28d6CE9,USDC,16.000000,0.000000
0xbB7C790baa1e3b4AA3901DccdACc334adBDBf1af,USDC,15.022900,0.000000
0xbBb12A998166B92a92eac01a2C7A616BBe64ecd6,MAG7.SSI,0.000000,15.167883
0xbBb12A998166B92a92eac01a2C7A616BBe64ecd6,USDC,55.915783,48.165783
0xbBc572Cffc2A78f6722e7e5250f63FC3359A19FF,USDC,15.000000,0.000000
0xbBd15260483b70A5889ae9Ba106cbFDf23D857D3,SMAG7.SSI,95.853800,0.000000
0xbBd15260483b70A5889ae9Ba106cbFDf23D857D3,USDC,40.800000,40.238307
0xbBfB93A9E4546f809f370C015bb243222D931709,USDC,15.004700,0.000000
0xbBfDdB868B38417c51E33A6F7D3B93A4a3127fB4,USDC,15.000700,0.000000
0xbC095B836C5035b91db8259D5E67fbB6697B1367,USDC,37.732000,41.203586
0xbC1DF83195a72508D7Af10ff54050CA31F66cFFe,USDC,20.460000,13.585138
0xbD183b95Db1D3cb5ea8b10dE9f26B45470656750,SOL,0.067990,0.000000
0xbD183b95Db1D3cb5ea8b10dE9f26B45470656750,USDC,9.900000,0.000000
0xbD1e9C7A9a73459127E9b32a0003161a5fdf78a3,USDC,171.989409,147.018298
0xbD304959CE6d57be7328A92B664F48fe26895D82,USDC,49.682008,43.093067
0xbD5411Fe08547b571F6900b4c80498d4F1f4287f,USDC,19.000000,7.500000
0xbD7c87073FE66b4560c556eA552Db65FFA0DcFD9,ETH,0.007100,0.000000
0xbD8cD76A593e4cad64CC4777d548e25e73BF2121,USDC,15.000000,15.328790
0xbD9b095c61AC5015C7085332517B6635dE36eFFd,USDC,750.595173,740.251367
0xbDCFf8958720a5516F66e3C6B9cEa114a8d1F7fD,SMAG7.SSI,34.500000,34.500000
0xbDCfA13fc885f7c389DCba424E4eCeF62cf50D44,ETH,0.003007,0.000506
0xbDCfA13fc885f7c389DCba424E4eCeF62cf50D44,USDC,9052.971143,9735.505037
0xbDCfA13fc885f7c389DCba424E4eCeF62cf50D44,USDT,1299.908400,0.000000
0xbE33D5bBDc76Dc15c144Bf6Dd9FF6F51dc0Fa1B6,USDC,49.800000,0.000000
0xbE3528FE9219C3BC5189865B8447dF44377a47F9,BNB,0.025169,0.000000
0xbE578f1e267077948782321b71A8e9AA8214F8B8,USDC,45.000029,0.000000
0xbEC5f1d8169bAadd44268c7B1B9489a1D68ea14D,BNB,3.300000,0.000000
0xbEC5f1d8169bAadd44268c7B1B9489a1D68ea14D,ETH,0.000000,0.313680
0xbEC5f1d8169bAadd44268c7B1B9489a1D68ea14D,SMAG7.SSI,4692.380800,0.000000
0xbEC5f1d8169bAadd44268c7B1B9489a1D68ea14D,SOL,0.000000,9.304077
0xbEC5f1d8169bAadd44268c7B1B9489a1D68ea14D,USDC,0.000000,1361.524943
0xbEaC282c8Afd296CeAE4B31Ec4A0eb31991b8f92,USDC,15.000500,0.000000
0xbEadbf314A7B17140f5964249803d649D5491C8A,BTC,0.000000,0.000593
0xbEadbf314A7B17140f5964249803d649D5491C8A,ETH,3.005000,0.023488
0xbEadbf314A7B17140f5964249803d649D5491C8A,MAG7.SSI,1605.000000,0.000000
0xbEadbf314A7B17140f5964249803d649D5491C8A,SMAG7.SSI,409.214100,0.000000
0xbEadbf314A7B17140f5964249803d649D5491C8A,SOL,0.000000,0.166661
0xbEadbf314A7B17140f5964249803d649D5491C8A,SOSO,1100.000000,0.000000
0xbEadbf314A7B17140f5964249803d649D5491C8A,USDC,5171.000000,1781.276530
0xbEb58a351019c443D93dBf330D65064dc3826351,USDC,49.000000,0.000000
0xbEd7F50D89ec06E5E142cf6603Cff6E673769DF7,USDC,39.325689,41.743813
0xbEf2EaE01eB8F94980630154aE39f8926603Bc95,USDC,40.144901,40.144901
0xbF3F233E3B5b4853769b86F368a4C8E0cD55575E,USDC,40.000000,41.878244
0xbF51F6dA057BA6ED26469BE6a4cA2Fe34BCcc519,SMAG7.SSI,14890.282300,0.000000
0xbF5c47Dbe3806a66913062d200C082a50d0F1aE5,MAG7.SSI,15.019800,0.000000
0xbF6a87a2D355fF4b889eb7641598fdEDf953427e,USDC,41.850000,0.000000
0xbF9dB22Affee9fd5a322C9130f93951eD44a89D2,USDC,40.024831,39.448024
0xbFb20D8FBf1eAaD7982D53e230467D055714dfBd,MAG7.SSI,75.131000,75.055800
0xbFbef73E9619930c7a04dd007e7E7833DA584B11,USDC,40.500000,38.956744
0xba0A4dB9DEbC5bD58b4447906153cc11D8d70dD4,USDC,41.970000,0.000000
0xba2E758166A5598941dd140bBcB90ca782945624,USDC,100.000000,98.966801
0xba55288CfE0b229a3fA3Ba82Bad06d6eA8365eba,SMAG7.SSI,40.718600,0.000000
0xba55288CfE0b229a3fA3Ba82Bad06d6eA8365eba,USDC,229.257388,0.000000
0xba640126dc15Bbb43608062D158b69fbdDE3926c,USDC,16.000000,0.000000
0xba6448b7972149ce72dD66CDb8c2bb3515E7fDC9,USDC,169.520029,80.176572
0xba7a0dA9c650E0b0bf51800Bb56F967ad09eF296,USDC,39.450100,0.000000
0xba92D453f1cd83A940B8C5fa02267Dd657b53262,USDC,492.265006,512.343484
0xbaB0CcBeDc132c5C4eA66DfE766917e8bA196Ec3,ETH,0.000000,0.013085
0xbaB0CcBeDc132c5C4eA66DfE766917e8bA196Ec3,USDC,120.469758,70.000000
0xbaC45fEC908eEDFbE345fc7e315ad815206A239f,USDC,39.000000,41.145764
0xbb06D9b68Cf001f724e2e43582e6974f7B77d890,MAG7.SSI,15.070700,19.432964
0xbb07a217f53767c65b4cA536799C41Be2A4DC92F,SMAG7.SSI,1094.236200,0.000000
0xbb07a217f53767c65b4cA536799C41Be2A4DC92F,USDC,16.000000,80.844442
0xbb4Cb1AEF1230cBBE7043b5d85d6FeC96c4bd498,USDC,20.128157,5.084072
0xbb7A9ca523fFcFD997551cFb4F0EA0F59EB44c23,USDC,15.000000,15.176244
0xbb8A827F1C495d08956F8D15784dDdd59E3476cc,USDC,41.560000,0.000000
0xbb9b34E8CeE67f2A75845A8D525Fa98Ddaf9B047,USDC,216.083300,5.690000
0xbbBb7D50d6bae7966485518Db671A6ed8BDf9C16,USDC,473.671800,406.000000
0xbbC512bcBA6B1C3e09edaa09C1A86dE41313f2F8,USDC,99.900029,100.196435
0xbc0a639fdBDC9Db5A4A4f4CA24A8eEdCc5AfCB36,USDC,0.000000,68.839637
0xbc1ebB5D15800d7dC05a8CeEf229CFB34fb526ea,USDC,16.000000,0.000000
0xbc322D6716A855788B4F3CA5E1eBE9DC0eE63c3d,USDC,39.000000,41.358206
0xbc48b1f617f6234529f62d44EDf94243D0B21cf3,USDC,10.000000,0.000000
0xbc9028802c0041cdBeAeB3D8eAf588c2f9d3E041,USDC,16.000000,8.850000
0xbcAc723ac4539270b3f5d125c7c3273Aca7530b1,USDC,15.103104,0.000000
0xbcD72a5106f909E4D8309743A01657991221ccF5,SMAG7.SSI,900.000000,0.000000
0xbca8A47ACd17329A4344CEb5b662DeEe312c2AEE,USDC,200.000000,197.170424
0xbd01ce79F1C3FB962713c312214149Eba9908bb6,USDC,63.948448,54.020288
0xbd10511E7C83B9ACa098B746e0CF95D9FaAaF481,USDC,10.000000,9.351666
0xbd4E52Dc64E1e9B3cfc7e5e4e89934093872af28,ETH,0.004000,0.003894
0xbd875C3DFe2C1680D5d9f4564B915fbCeb210DDc,USDC,49.800000,0.000000
0xbe105cc2853d9640A8f6587820809DB70f4d83Aa,USDC,15.690000,0.000000
0xbe12Ea9C78A302C4FA64f0CB47A6589aA7A09CbA,USDC,761.563166,751.232787
0xbe1C49753504899d859951A90019DD7CFFf3a9aF,ETH,0.020839,0.000000
0xbe2930929d80078bA9460658cCE0aDCb075A4d71,USDC,49.804221,0.000000
0xbe31081F375c2E9e214ACad09a9DD5a3911738f6,MAG7.SSI,38.891228,38.891228
0xbe6aB21cc18e45bc87D5DbB23c4FE67fe1B5919F,USDC,915.710655,904.969829
0xbe787EbE9331340D6D12809a02E54c21ec487b22,USDC,46.960100,49.817127
0xbeAb9A29B518230C7202210DB592a9C6EeC26461,USDC,39.996200,0.000000
0xbeDf99CbdEfcCF3175c61c532355519342e062cb,SMAG7.SSI,15.374400,0.000000
0xbeDf99CbdEfcCF3175c61c532355519342e062cb,USDC,42.363829,0.000000
0xbebf53404AFb1e78DDA970989b2B418aF516C2E5,USDC,38.000000,40.519780
0xbebf53404AFb1e78DDA970989b2B418aF516C2E5,USDT,38.000000,38.000000
0xbeccfE82917F3E3AB99c7c1F192F0E854daDe9ea,USDC,15.211000,0.000000
0xbeeCb082ab8fd509F484c5F783991120B32Cc166,MAG7.SSI,15.241800,0.000000
0xbf090EAD854A140407A03DB89816Ad246579A944,USDC,16.000000,0.000000
0xbf22975e3aFe3cEE089A60284E74B5536Efd2556,USDC,38.000000,40.382401
0xbf5B3302c47c2603920d4b8077A821357003AbC5,USDC,465.992100,465.720500
0xbf6790286C2892ba29215508Cd8aE549CA6e959f,USDC,15.210000,0.000000
0xbf6CA5019E8497f64717c0a951c3663aDf9929E5,USDC,39.000000,40.759702
0xbf81E01476d5E56f0b16E7FFb52623Ba4032C992,SSOSO,2.112000,0.000000
0xbf81E01476d5E56f0b16E7FFb52623Ba4032C992,USDC,200.070353,0.000000
0xbf81E01476d5E56f0b16E7FFb52623Ba4032C992,USDT,54.415000,0.000000
0xbf81bA136F36583326a1B70C2B7d50f49Cb4594f,USDC,2002.000000,1980.717060
0xbf8762334B33B745410d6ecea4a60B417A409B59,USDC,77.020202,76.349581
0xbf9035266e36d777DCCFe2e06287bDEe995bC7aD,USDC,468.120700,373.867136
0xbfB5D7dF09DB83Da019A626Aa4ef4fa14306F2a4,USDC,22770.976900,12497.702688
0xbfB7699D30c111f1062c791cBf412BeFEED62F04,MAG7.SSI,29.528849,29.511949
0xbfDf126D4F3063Ff2f4295a033b89Fd914D06eCc,SOSO,1.410000,0.000000
0xbfDf126D4F3063Ff2f4295a033b89Fd914D06eCc,USDC,116.538064,107.852331
0xbfd8B69F63d1EC1C4f18Ae9705fb19e7500dD6A9,USDC,444.444000,356.882527
0xc002FE9c4EFD6918081001A97d06Ea1E92A383e2,USDC,49.800000,0.000000
0xc00aEeA91B7B01075CCA50dB9f350402810b8AD4,USDC,0.000000,92.520384
0xc00aEeA91B7B01075CCA50dB9f350402810b8AD4,USDT,94.640000,0.000000
0xc012Dd17f3350AA0612f9aaFa28069ad3ced66F2,ETH,0.010700,0.000000
0xc012Dd17f3350AA0612f9aaFa28069ad3ced66F2,SOL,0.249000,0.262908
0xc012Dd17f3350AA0612f9aaFa28069ad3ced66F2,USDC,35.310000,0.000000
0xc0475B3715FC9491E2FB86720d836965Beb5D533,USDC,49.800000,0.000000
0xc050513Bc3395F3A18614e107DED9a391d3AFe31,MAG7.SSI,47.840158,0.000000
0xc050513Bc3395F3A18614e107DED9a391d3AFe31,SOL,0.171546,0.297791
0xc050513Bc3395F3A18614e107DED9a391d3AFe31,USDC,695.756883,0.000000
0xc05e6B7a350C5d9ee25700CEEaD1b7b2610E4Afa,USDC,19.616301,17.616301
0xc0665A8f57d299b6500DB2C8523813B75d9F3EFd,ETH,0.013369,0.012948
0xc075AF590222bb0dEbb9AC4CD8B26f5f159E979E,SMAG7.SSI,4589.829400,0.000000
0xc075AF590222bb0dEbb9AC4CD8B26f5f159E979E,USDC,0.000000,52.943227
0xc078e5BE910Cb7e04EB06D1E10F276c245342A02,USDC,16.000000,0.000000
0xc07AD85C0ef78216836f49E779AEeb332da405de,USDC,46.615798,0.000000
0xc0958469cFb35F93D2712e32C3b17A8Dc1487840,USDC,43.760200,0.000000
0xc09aC0f9D2fD33195975d224822b88cca398894d,USDC,20.500000,12.722540
0xc0A26b567430e1B4708a26677C07B04e94E37A8c,ETH,0.000000,0.001598
0xc0A26b567430e1B4708a26677C07B04e94E37A8c,USDC,133.031582,123.887144
0xc0A697c62D618cC52469d49d668784DBd2c9319c,USDC,600.000000,594.897760
0xc0D45a47961973e713B1af755d887f2C8745428e,SMAG7.SSI,929.773300,0.000000
0xc0D45a47961973e713B1af755d887f2C8745428e,SSOSO,3621.682300,0.000000
0xc0D45a47961973e713B1af755d887f2C8745428e,USDC,40.740182,0.000000
0xc0e33eCAf4Aba14316A85b0b6B5939d00C4855D9,USDC,41.700000,0.000000
0xc0f4C6685F687D6f9F16A41899F5F94F44Ae8756,ETH,0.042353,0.041442
0xc103a17aA6a1ED922874e29d44A09E54EFa2DDC3,USDC,15.012800,0.000000
0xc10ae90da436Ccf3A64e5d80e6D38980Db396B63,ETH,0.006442,0.000000
0xc11BC323D93f9D55552753c9638da502e7c71FCc,USDC,37.950100,36.274331
0xc1266eC2908dA48D3D28f639aD96DA9A68e3977c,USDC,27.950235,27.950235
0xc127866A5d1607eDAD0d3E5B7Ea3aD0bC546A02a,USDC,15.000600,0.000000
0xc12adD3D3E522e9A606b318F4A878A848B62a044,MAG7.SSI,76.830694,76.753794
0xc133938A4C77d5f01760B3400Df5897b06D9749a,USDC,500.442400,407.981760
0xc148c5327d14818576442e192d9967929D5b411F,USDC,84.703454,22.372767
0xc16606D6d5525d1a4417F1D8B39008321043f07b,SMAG7.SSI,12.156500,0.000000
0xc16606D6d5525d1a4417F1D8B39008321043f07b,USDC,0.000000,5.937420
0xc17337eDf5d874f2702DC4073bAD546b8956D7Be,USDC,16.000000,0.000000
0xc1BD6Eb3514E9c76fe4A220E4103D793d9C7D2e1,USDC,493.000000,473.360496
0xc1CE144bE062f1CAB23524d8A32d53A1A6D7Cd20,USDC,15.018600,0.000000
0xc1a9127d44248Fdc782A7917bAdE0469795b18D4,SMAG7.SSI,4447.529700,0.000000
0xc1a9127d44248Fdc782A7917bAdE0469795b18D4,USDC,86.000000,0.000000
0xc1bEeaa09fED5fD35FDB6FA44d4E9D9dEdfAb47b,USDC,15.029200,0.000000
0xc1cFb4E1C85d6B68D9526359bfCB5aC881Bd9215,USDC,20.000000,0.000000
0xc207343EB72F548792c8D7d0aA3489dE6355bBCE,USDC,15.017400,0.000000
0xc20aA4915C64C69Fe0ac65A5e0344895E627dD8C,USDC,49.971055,41.923456
0xc20fD8EAcaeeBfd20dc8E60B92DC211c545b5339,SMAG7.SSI,6.435300,6.435300
0xc2202053DDC94d36c1634FD61F684586a517E11b,SMAG7.SSI,30.000000,30.000000
0xc2255718Dd1849D54323393fc37FaB6074196c38,USDC,40.496779,12.577805
0xc2289Bf914a7ae0aDca30b5b7D8EFbD2DFBede70,USDC,15.523306,0.000000
0xc22b9AAc77d506B20a7E7d6885Afc6D26474f1Df,USDC,1930.000000,0.000000
0xc232d09c9dd242264d584BFAF8c2f0515066054f,USDC,2000.997437,1987.229406
0xc256336721638Ba65d5Cb8C1B2F96Bf90c1d38ee,USDC,58.210000,54.047603
0xc25C4a17277723787EdefCEc38Fc6130b404cB27,MAG7.SSI,75.120000,75.044800
0xc25a3eF38CC38d56a93f43a2647084c06561e358,MAG7.SSI,85.133226,25.285024
0xc25a3eF38CC38d56a93f43a2647084c06561e358,SMAG7.SSI,17.031600,0.000000
0xc25a3eF38CC38d56a93f43a2647084c06561e358,USDC,16.540000,6.100000
0xc2789BD0a9DA510B2f793e0bB7e594C8eAe95Fb9,USDC,132.215656,122.329497
0xc28213a6586ae3250dFf851F31659E95186A8de7,USDC,354.026634,356.405030
0xc286C0b77A9FD738f27492b198Aab811CaD80fe4,USDC,15.012300,0.000000
0xc28D33feD010949a1450754b0d5E6eE2003F04dA,USDC,41.900000,0.000000
0xc28ded9c718b9F15b7852533a1eC75fDBA5ED1bF,USDC,41.000000,0.000000
0xc2A542831433Fb055e404765bA1BEB9905E9dC1f,USDC,38.900000,38.752376
0xc2E89728ae8DdAFb946c272A8b07Ec4aC68FBE72,USDC,70.000000,0.000000
0xc2FcCde9921d33dc0114D32C872Def2F73d94FE7,MAG7.SSI,2320000.000000,0.000000
0xc2FcCde9921d33dc0114D32C872Def2F73d94FE7,SOSO,200000.000000,0.000000
0xc2FcCde9921d33dc0114D32C872Def2F73d94FE7,USDC,500060.000000,50000.000000
0xc2aEdE55487C97143C9F4E870e0fdc9Bf30F1231,MAG7.SSI,0.000000,11.665915
0xc2aEdE55487C97143C9F4E870e0fdc9Bf30F1231,USDC,6.000000,0.000000
0xc2b01ab4F163960F016d6627Bb363f7653B317e1,USDC,39.757100,0.000000
0xc3015188beC3685dd77Ce6eF8035c4A35C11C147,USDC,36.800000,0.000000
0xc3071E6E19907f7238174bAFaC20c5b5E34c81f1,USDC,46.000000,66.931556
0xc30E9C6eF36c047E6C5546FeaFAa4bC211018643,USDC,44.100000,46.514987
0xc30b9eee14A093927c4c8bDf929a5a28ec9Ba799,USDT,10.000000,0.000000
0xc31598b3885b5d12B8B32845723485e9a2C7099B,USDC,16.450100,16.450100
0xc315e022028627Dac1132aB4286aBd64b2ef2fc5,USDC,15.022200,0.000000
0xc317a6FFf4D11F97927Dc546d5F0D76b34aF75F8,USDC,20.000000,20.000000
0xc31bd58Bdcd3de1c5720C189856664F2BEd34cE4,USDC,30.994657,47.739306
0xc3411F521dc1F5fA04983cFA5aB680F57A36749F,MAG7.SSI,15.030000,0.000000
0xc346E48EB36859cB9ECC150341F8A3c8d087dD36,MAG7.SSI,0.000000,15.084978
0xc346E48EB36859cB9ECC150341F8A3c8d087dD36,USDC,7.800000,0.000000
0xc34cDE37564F2044495bafc2733099e7344110B2,USDC,18.183463,11.221130
0xc3649C7c250427609275C32d77839a59ECC3a06f,USDC,15.006600,0.000000
0xc3649e9C7aa0e89BC19254c769ABa3F6c3F603fA,SOSO,39.125296,0.000000
0xc37B7BaD6eBD3B6B5E54e4c36BF5f614e0A360D9,USDC,15.011200,0.000000
0xc3807F25ee5Da8cb1Da884840976c6fF7b55420E,USDC,458.690292,463.146600
0xc381B62C1d3c39EB93eF24b9Ee5bAe83EC45E42a,USDC,598.772200,505.983680
0xc392949E506C8D4E7c2542382108C221f346B5AD,MAG7.SSI,80.017319,0.000000
0xc39CB23673D42579412D406BD4179a61839D25aB,USDC,18.186852,9.641749
0xc3AF420f149E6803b12D680F5B60E88E9D77f865,USDC,38.000000,42.727603
0xc3Ad368B457c5766ced1CeD25a12a83192CE6C18,USDC,15.792088,15.745260
0xc3E1403A49E0fe09Bc6c5A8a468F9E099cfAe07a,USDC,15.025900,0.000000
0xc3b9B572959fcc0987F2F0B31F8F3a65574b5C47,USDC,30.883354,11.017398
0xc3c4D1E19aC1971C2bD3B8c83D7084074d5661A5,MAG7.SSI,334.547813,21.277161
0xc3c4D1E19aC1971C2bD3B8c83D7084074d5661A5,USDC,30.099387,283.271449
0xc3fF98199c263d3F8630FcEA254bD399c1c5caE6,USDC,39.500000,41.770666
0xc41AF155417019010Be27b6FFAB32cE1A7391572,USDC,100.000000,128.611317
0xc41e93869A76FC4A658eff6a02455f1410e603df,USDC,15.536125,15.294537
0xc436d900AD2cdaE9b21d91c606330E2105356D8a,USDC,346.440936,289.374460
0xc4393b98E6416A37209D330F35365cDc9dEfd24b,MAG7.SSI,15.027300,0.000000
0xc441cc9e1Ce7b8F5e1aa0d72D43E267EC163c1A4,MAG7.SSI,0.000000,8.000097
0xc441cc9e1Ce7b8F5e1aa0d72D43E267EC163c1A4,SMAG7.SSI,0.000000,15.121480
0xc441cc9e1Ce7b8F5e1aa0d72D43E267EC163c1A4,USDC,15.000000,2.673145
0xc44DD397bFbcdac7a2Ff4C74C56Aa72fb07c6c7D,SOL,0.000000,0.624969
0xc44DD397bFbcdac7a2Ff4C74C56Aa72fb07c6c7D,USDC,1259.351920,1165.388404
0xc4529FB1206BAbe72E2824889205Bc0B6d0aAFC0,USDC,15.102634,0.000000
0xc457FF8D72166A851aEbc8824c4ddf517a55F336,USDC,1952.556997,2889.839401
0xc457FF8D72166A851aEbc8824c4ddf517a55F336,USDT,513.491992,0.000000
0xc45c14B2e6466105A141C87b054B3A8089a99C57,USDC,16.349276,16.349276
0xc48ADEF992De8E5e87D9EC4a683C1cfA81CEf72E,USDC,41.700000,40.693219
0xc4944d31A777d3b15AB25AE8F18b249DEBCE422e,USDC,5.138542,0.000000
0xc4B9D0308Ba3ABf59516852a9cE5e47Bd05a39f7,ETH,0.032263,0.031928
0xc4D48F36ABe17Ed4dB3D56b3A0A9deA81c455a54,USDC,15.010000,56.018156
0xc4D48F36ABe17Ed4dB3D56b3A0A9deA81c455a54,USDT,38.000000,0.000000
0xc4Da745e86a09383f7f7Bc56B660c707148Db94F,MEME.SSI,24.676349,0.000000
0xc4Da745e86a09383f7f7Bc56B660c707148Db94F,SOSO,20.995400,0.000000
0xc4Da745e86a09383f7f7Bc56B660c707148Db94F,USDC,14.217176,0.000000
0xc4FF11F5Ab387525B05Fb9c8aD531D5C27773B3E,USDC,249.800000,194.171302
0xc4a14cD3Ca1fd41d602c6c53BDA4d52b2857cb53,USDC,16.000000,15.001438
0xc4f0C5F46984436643d87f8BbCe68d3C9077fE46,USDC,37.272000,40.756879
0xc4fC370942D0D98fDB4b14265b3D7e7ea968a630,USDC,15.000000,0.000000
0xc5125eb83F4F096F0a2386bA42BF6BEC929A428c,SMAG7.SSI,3100.000000,2000.000000
0xc5125eb83F4F096F0a2386bA42BF6BEC929A428c,USDC,173.000000,0.000000
0xc51A0e488A27CDBD62375782cBe6ACeadFf753dC,USDC,48.860000,0.000000
0xc51EBA49C7cD97FFdbE5c96bFaBb53aae972eA39,USDC,6251.045259,4525.068613
0xc533b71E4A8cC71ffd9c659587dBFC24352eEdAA,USDC,49.800000,0.000000
0xc54D28568c71DdF8dc347DB038F30A717CF48fDF,USDC,15.020400,0.000000
0xc5588B7313Fd51dD3CE36E259965F5A2d394A898,USDC,38.092086,36.799881
0xc55A0909A720Bfe1501c0005A97b5c457341C126,MAG7.SSI,75.690300,75.613800
0xc55bc4DA3f7634b28fA37CB112c177b02586BBe1,USDC,15.021200,0.000000
0xc567CF20E8CD8948c8b8FFe7cdc92dC670bB4127,MAG7.SSI,305.682384,0.000000
0xc567CF20E8CD8948c8b8FFe7cdc92dC670bB4127,SMAG7.SSI,306.238400,0.000000
0xc59031e1d716eF5A1514e22Ac273deFd6763b7E1,USDC,39.000000,41.451049
0xc596fae3B169870EB327e5798683C5d4F4476498,SOL,0.998000,0.000000
0xc596fae3B169870EB327e5798683C5d4F4476498,USDC,0.000000,10.000000
0xc5990F655a0FF426cAAdbBeD27aac765a148Eb17,USDC,20.000000,20.000000
0xc59961074E4cAF189B61F04C3abD89fb73dE9115,USDC,15.000000,15.304404
0xc5A65B49CD42A67BE3EA45Abfae714Fd51d581BA,SMAG7.SSI,2486104.618700,0.000000
0xc5BBD077A8Bce8a0E0BA13053139fC1b1Adb8b55,MAG7.SSI,407.454887,0.000000
0xc5BBD077A8Bce8a0E0BA13053139fC1b1Adb8b55,SMAG7.SSI,189.877500,0.000000
0xc5BBD077A8Bce8a0E0BA13053139fC1b1Adb8b55,USDC,98.000600,0.000000
0xc5eFf297Ca3D640112Cc67F42732e5e290659D24,USDC,17.500000,0.000000
0xc5eb8A4E4E58FcA785c1c1dE27c935C232a4fD85,USDC,17.999575,0.000000
0xc6053af1CC282566F9817be5b3253c8A8600e8Af,USDC,15.000000,15.167180
0xc61af7424569F1C7dC90D670017D92E233d9B6E5,MAG7.SSI,77.159800,77.082400
0xc621B5B32D7B05D285C2aCD57f50ed2e8534F9FF,MAG7.SSI,15.045500,0.000000
0xc62319b5618b8960EF7B488E748c96910D393433,USDC,300.000000,290.736900
0xc6270294318e22eB1cc0d22A7AB435ea863a8b89,USDC,38.060000,39.035662
0xc63Ce62A2fdf669175AE6D5dFa9e2A099Fef5468,USDC,21.050021,18.186840
0xc660ddef7c3854E022252Fc38719F91dcCc7e2E1,USDC,54.118070,53.872475
0xc683c9E695ff7FE87D3a3aA8ef7F5520379ec127,USDC,15.619598,12.592973
0xc68f60A0fb29479Bd265FC63bC97bd0Bc7793666,MAG7.SSI,15.024000,15.008800
0xc698e7dDC5428e8B532Aaa69c2a8890b9F42B557,MAG7.SSI,6.571286,13.165100
0xc698e7dDC5428e8B532Aaa69c2a8890b9F42B557,SMAG7.SSI,6.603300,0.000000
0xc6BcbBd588853931932fdC29fA47ACCf8280c576,USDC,994.919020,984.274440
0xc6D369790108B3eD03439624b943F1D0eb7b0fD1,USDC,36.560000,0.000000
0xc6D5d59F939C71e8367545b0931490c0999B9D4D,USDC,36.410000,38.382961
0xc6F53F0adE50c1B01810c34b1F5Df851C21D7988,USDC,192.523554,17.000000
0xc6beF0A58A4bc54Db89b8c2155b1C41be1Ec2476,USDC,26.164376,26.164376
0xc6bfA27dE145685d435A4ac8651e678a97B5fbb5,MAG7.SSI,75.623707,75.542406
0xc6bfA27dE145685d435A4ac8651e678a97B5fbb5,USDC,26.425586,25.102145
0xc6d5bb19183D93ab39CF191c28Ce53e8703a02Bc,MAG7.SSI,39.293400,0.000000
0xc6d5bb19183D93ab39CF191c28Ce53e8703a02Bc,SOSO,38.178966,0.000000
0xc6d5bb19183D93ab39CF191c28Ce53e8703a02Bc,USDC,163.528744,130.718393
0xc6e6146a2a31C0b4b42b76E23d14FC35853D7068,USDC,40.990471,0.000000
0xc6f8116CDB1521bC8B6eaFd6Ef89b7fC370c820a,USDC,39.000000,41.229203
0xc7101a2a1d651c806266C0ec9a0b2a7729d13F72,USDC,16.000000,0.000000
0xc7478Ef3CeBdF724610fF711EC9f8A423a1A6E40,USDC,16.000000,0.000000
0xc757dDb75b37bfc243c2ff6050a76F28678c270d,USDC,15.000000,15.174428
0xc76C3CA2d81A20474F86CC5114Fc622cBcbf3F36,USDC,49.000000,48.964210
0xc7751C2e8fbD059c019f0fE0f4a2Fab0c5D966E7,MAG7.SSI,6.000000,5.972200
0xc776013b67A2e7f254D4bcC980D132489c0c651C,MAG7.SSI,15.762891,0.000000
0xc776013b67A2e7f254D4bcC980D132489c0c651C,SOSO,19.747800,0.000000
0xc776013b67A2e7f254D4bcC980D132489c0c651C,USDC,17.892339,10.892339
0xc77F61fE6E51C4B649E7923eA1a506711013b57B,MAG7.SSI,243.963590,0.000000
0xc77F61fE6E51C4B649E7923eA1a506711013b57B,SMAG7.SSI,100.000000,0.000000
0xc77F61fE6E51C4B649E7923eA1a506711013b57B,SOSO,1000.000000,0.000000
0xc77F61fE6E51C4B649E7923eA1a506711013b57B,USDC,39.183514,0.000000
0xc78265b7c097D6fFF25E6d1C043Af36d31707bA1,USDC,603.049400,508.983680
0xc791892b8ac9AdBdD2A413a398E700aeECd61CC8,MAG7.SSI,29.538492,29.522092
0xc795451a29C1a682FFe61f2fb2E408A8DC037125,USDC,39.850200,0.000000
0xc79B9559d68D27D2Ac4C26F4B2c0c7885cf796d6,MAG7.SSI,6.067581,0.000000
0xc79B9559d68D27D2Ac4C26F4B2c0c7885cf796d6,SMAG7.SSI,5.000000,5.000000
0xc79B9559d68D27D2Ac4C26F4B2c0c7885cf796d6,USDC,5.465509,8.529882
0xc79c2cd55Ea0D295Aa411E8aBa27693EEa9BFA82,USDC,18.810000,0.000000
0xc7BE6d5828b3ae4b0cBdB9224aEf52eFE7DBe5a2,USDC,41.000000,41.960767
0xc7E9D033dA126048b62008fD8f4d18F9320506a0,USDC,18.000000,10.330350
0xc7a7cC715e5068D368E6FdEd324B3289fA4B0d31,MAG7.SSI,75.000000,0.000000
0xc7a7cC715e5068D368E6FdEd324B3289fA4B0d31,USDC,935.031807,921.122448
0xc7b27184C72b0E763219CDe13931fdF2CB8D9b74,USDC,189.451336,194.042185
0xc806D39d2a63206B3d1c038215939B7368966c99,USDC,5.000000,5.000000
0xc80B425d1750DB44efEBfA5D0C69e78fCe7a884d,SOSO,38.788996,0.000000
0xc80df7DC0C332F52fde25281Bd23E0d2F4770c9A,USDC,15.000000,15.147558
0xc832d903E04339609bfa654835ed289A7a77c803,USDC,15.028800,0.000000
0xc835cA9396D1c1257474BC347C2b4b3D5f03D6a3,SMAG7.SSI,13.035400,13.035400
0xc837614D057336d747710027E15d55d5906c9f70,USDC,15.028900,0.000000
0xc844ebe3ef76541B79462Ea62c3725c40E415CC3,ETH,0.005000,0.004893
0xc862eE1fc3956728A790d48885951f36Eda66de0,USDC,152.762265,148.255561
0xc874c8A474De0f2AcC2BE6efCa490A79c1C3Bb4D,USDC,630.938620,623.748385
0xc888325BFf002808f90bdB6Afd8e76a438de785c,USDC,39.100000,41.014315
0xc89571C42B68897Fb5D0436c15473Eb11f250FF5,ETH,0.017900,0.000000
0xc89571C42B68897Fb5D0436c15473Eb11f250FF5,SSOSO,137.000000,0.000000
0xc89A13b5f27942e2E7465Ec6C8dD61d9c3fc2587,USDC,15.550000,0.000000
0xc8A5A7816Be984f53185B6E94CaDBFDC371D29e9,USDC,120.000000,109.647317
0xc8A64e3a583bBf2fa23046E3E321CDcF7E797eC4,USDC,15.094975,0.000000
0xc8AE1AE63B6EEbD19874BC375D3b6870cd87fB53,USDC,10.586659,7.134340
0xc8B5fb064D4e04029C62CA9a48D7b3C8978411BC,USDC,20.000000,0.000000
0xc8D6Da9869b76b7904a3de1C1135b725222EE17A,MAG7.SSI,0.000000,68.270046
0xc8D6Da9869b76b7904a3de1C1135b725222EE17A,USDC,35.000000,0.000000
0xc8D8e7a37A9a4E6e5678BF18b78d501b471E401B,USDC,40.076456,0.000000
0xc8E5B4c5C01a72dc7a4ef0dA292B0e13713fa7eA,USDC,15.018100,0.000000
0xc8Fac46274Bb7C7a546504437585f147d0020217,USDC,961.176447,950.607358
0xc8cC465Df88690A717fd3E21120850d72AaA20B9,USDC,38.000000,42.596321
0xc8dcd70A0A7A4f7641e967c487B25f2Fccc769b7,USDC,15.014600,0.000000
0xc8e0DE38FE4c48E3836DABaD019FE46583a5f6a6,USDC,505.268612,379.433479
0xc8f9e8163a73E8B4B1FA952C0572c867A7cFdbeE,USDC,7.960000,0.000000
0xc91993C47134d812873685A6dEA0FAb04Ab347Cd,MAG7.SSI,15.087700,0.000000
0xc924b64889dABFB54A99947f00C3018D1b1a3896,USDC,37.000000,38.292902
0xc9254BDB3ae8f1BeE116b624A384F0D947e77743,USDC,15.028300,0.000000
0xc935a6d4D7119E5a226A50791282495D11106485,ETH,0.030072,0.001000
0xc935a6d4D7119E5a226A50791282495D11106485,LTC,0.000000,0.454954
0xc935a6d4D7119E5a226A50791282495D11106485,MAG7.SSI,83.100485,0.000000
0xc935a6d4D7119E5a226A50791282495D11106485,SMAG7.SSI,15.500000,87.946393
0xc935a6d4D7119E5a226A50791282495D11106485,SOL,0.000000,0.915812
0xc935a6d4D7119E5a226A50791282495D11106485,SOSO,73.100000,0.000000
0xc935a6d4D7119E5a226A50791282495D11106485,USDC,10.307776,0.000000
0xc9396780D16008aEBA4edCa61C871ad540ad2867,USDC,55.376445,0.000000
0xc94DFafB7D1C0c8Efb7acE1dD7F988a8b82aFf8E,USDC,15.500000,0.000000
0xc9626b21728Dc2AaFaF1E7c814289E521c83A1BE,USDC,200.000000,197.475424
0xc965c0f71E761F00005Ef9402F80662fb6521060,USDC,15.000000,15.327557
0xc96F16EE432F2fe8ACB1697fC5408f763207A658,USDC,15.018800,0.000000
0xc97888f8c9e43BF695E892F4f2bfff303A6dFd22,MAG7.SSI,1076.535687,0.000000
0xc97888f8c9e43BF695E892F4f2bfff303A6dFd22,USDC,0.000000,775.867658
0xc98BF0faA7c8f2a5D6107D1baa66bC84B3ad4666,USDC,109.936990,100.075681
0xc9C0E14dFbb274949c5cCec1ffEF4C920f6DDcd2,MAG7.SSI,0.000000,76.441190
0xc9C0E14dFbb274949c5cCec1ffEF4C920f6DDcd2,USDC,40.000000,0.000000
0xc9CAB157A0d05841833c3e297703c8BA60d8E760,USDC,601.257100,507.935647
0xc9DCcc2253fd69B0e176cB428A668f056f822298,BNB,0.050000,0.050000
0xc9d70e11B2240B06455b88aC0C9A6421599A53c8,SMAG7.SSI,39.460500,39.460500
0xcA2B02467a10B0C835B0002B74AEEc6935E722DB,DEFI.SSI,439.921800,0.000000
0xcA2B02467a10B0C835B0002B74AEEc6935E722DB,SMAG7.SSI,547.369300,0.000000
0xcA2B02467a10B0C835B0002B74AEEc6935E722DB,SSOSO,1140.861400,0.000000
0xcA2B02467a10B0C835B0002B74AEEc6935E722DB,USDC,184.573372,0.000000
0xcA83Fa7E19bE473E46429faf43Ca66cAB4B98993,USDC,15.018700,0.000000
0xcA89A78fBf86a1Bbb0D7902371B9Ad688f2c4F6E,USDC,30.713273,48.279537
0xcA90e9a857fC02786ce7E5061cFE73b7c37a5187,USDC,15.000600,0.000000
0xcA9Fd477B99ECd1A111D3b013749A9b032Db2749,SMAG7.SSI,103.769000,104.269032
0xcA9Fd477B99ECd1A111D3b013749A9b032Db2749,USDC,52.000000,50.999537
0xcAC823bffa2acAe4e2905d5F3D050C7D30d61CcD,MAG7.SSI,343.313716,0.000000
0xcAC823bffa2acAe4e2905d5F3D050C7D30d61CcD,USDC,152.680457,0.000000
0xcAF3d7aa4BBc14B22de05B9417c3a6588520AB55,USDC,40.760999,0.000000
0xcAb165BF754A61c5871d4Ef5C0037F9cecdfFdeA,MAG7.SSI,50.137232,0.000000
0xcAb165BF754A61c5871d4Ef5C0037F9cecdfFdeA,USDC,708.125084,0.000000
0xcB0b46633B0B3D44A83B7fC6bFbce114D025E067,USDC,15.018900,0.000000
0xcB2411E36d3Ee1FEc829454408EBBdb18b2cAAa6,USDC,41.840000,0.000000
0xcBDF3722416B7eCa2904C249e487a347f8c891b9,USDC,229.072176,38.599747
0xcBF37F6474ad65F03816dC484326b129f177cdbf,USDC,88.272649,46.432812
0xcBF7170DFA9E79FDCDD08504a1b58F776bf26775,USDC,40.022789,0.000000
0xcBeE0f691f597443041E630A126E4e8E4d7fc643,USDC,15.000000,15.389130
0xcC2660a081185F8f58E8DBd7b7726BFEf3c160ef,ETH,0.000000,0.002098
0xcC2660a081185F8f58E8DBd7b7726BFEf3c160ef,SMAG7.SSI,77.635600,76.560212
0xcC2660a081185F8f58E8DBd7b7726BFEf3c160ef,USDC,42.686525,40.907413
0xcC6A16c5C1785869eca5Bc00e5aADCe003a168e3,USDC,698.393990,708.685720
0xcC859fD4b63f00ee898C2d0dAb1374DB9AaAdD25,USDC,20.000263,14.541009
0xcC995197023c8c2a7A82c49858fD58b9Adc13cD1,ETH,0.012000,0.000000
0xcC995197023c8c2a7A82c49858fD58b9Adc13cD1,USDC,0.000000,50.886714
0xcCE4e5A61d96029e15D7cDA83Dd16203b06B2B2E,USDC,15.000000,15.318216
0xcCbA899Df8AdA124B1264a249D4F38840d23FB37,MAG7.SSI,76.000000,75.923900
0xcCc03861cd50352f04F30F2d059AB3056c5B797b,USDC,52.460293,51.352229
0xcCc09653ACDf383d71A27446E328e5d2925b1104,MAG7.SSI,0.000000,108.658500
0xcCc09653ACDf383d71A27446E328e5d2925b1104,USDC,51.920100,0.000000
0xcCcDa6D68CED167c6e555927FbebAc684E8fe7fE,USDC,673.101711,662.639462
0xcD245fE84cb29cbF15Fa6665dEa6F95f4f91149a,USDC,15.000000,15.307662
0xcD308477d360dcF707Bd2Bf7de5C1B0594fd9d31,USDC,820.695659,810.300143
0xcD361aba01bA7549362f56f6AB6512cC44aAD560,USDC,900.828789,894.791099
0xcD41Ed1c9A0Df8bFb9b3F1305826cF4EeaCAFcfA,USDC,49.700000,134.609019
0xcD5CA6EeDF9B4df5f438C4631A290C93A8037b58,USDT,40.190000,0.000000
0xcD60110c10B769CA94A70584ADff59b080f1896F,MAG7.SSI,29.579066,29.564666
0xcD626F532Fd39191ADdd6305A4cF50E1D337B4e2,USDC,38.000000,42.601319
0xcD847091F9D15c27d2Aa3244221eD0A52804d3ff,USDC,109.225081,119.099546
0xcD8A442811B93EfB4aee71c9646468f9af613D8C,USDC,39.856100,0.000000
0xcD9C0F362EA7CfE4f3793b575eaC3d3fbFC1D330,USDC,39.000000,30.467610
0xcDae3F41C00dF7444e081fcA887d64330422e84e,ETH,0.000000,0.161918
0xcDae3F41C00dF7444e081fcA887d64330422e84e,MAG7.SSI,588.448785,0.000000
0xcDae3F41C00dF7444e081fcA887d64330422e84e,SMAG7.SSI,591.646100,588.948703
0xcDae3F41C00dF7444e081fcA887d64330422e84e,USDC,53.803551,40.466404
0xcDe904F0E89f048e5E31E7C16Ba4F823A8138524,USDC,15.900000,10.110000
0xcE0215a2F92Ba0bEF4cb7333B72a52cE650D0663,SMAG7.SSI,8.000000,0.000000
0xcE19143fF4F0500725C967aAC0Bb1ca35cfABc2e,USDC,40.281773,12.535648
0xcE23Acb4C9Bb1e31219eC58e4f0232A2523E6E34,USDC,15.000000,0.000000
0xcE3c0bB1624C492d6A966279337Ce780E4d33350,SMAG7.SSI,7316235.308500,0.000000
0xcE4C2b395cd4596F64700028D845DED64345f8FB,USDC,40.495700,34.494497
0xcE52f1BC7F8322c287CB66F29F782f3fCDC59C07,SMAG7.SSI,5269.222200,0.000000
0xcE52f1BC7F8322c287CB66F29F782f3fCDC59C07,USDC,5000.000000,0.000000
0xcE9519f144B11041a3C5f9CaDB82ab6C5C1610c9,USDC,37.734000,41.324487
0xcE993165C26418dE611c8d42e57FF3ea48C62D5c,SOSO,50.000000,0.000000
0xcE993165C26418dE611c8d42e57FF3ea48C62D5c,USDC,15.000000,0.000000
0xcECD8c38a35662FB62Fd9141963540b7a08AF1e0,MAG7.SSI,106.000400,193.000404
0xcECD8c38a35662FB62Fd9141963540b7a08AF1e0,USDC,70.000000,17.482657
0xcEa9bA4BF290B7c1d684607255817CeF7b5Ffda3,USDC,69.070000,44.601274
0xcF09fd8a4e11D45b4161F72C8Ea2b4AfC8580cfA,USDC,15.600000,0.000000
0xcF0F519B007d15AF49e7d67cFac212b17EEfF959,USDC,16.000000,16.788633
0xcF22dBc16f65C1Fd3f6E837ED64abF6CA50a41Df,USDC,16.000000,0.000000
0xcF34B64B5B3E4c2237de9277B53A64C867d49612,USDC,39.000000,41.226976
0xcF3e9Eca04E67d5b4d38cc062C89c0820e1012e2,USDC,8.100000,8.086401
0xcF4058E6D2b1a9571Ad1c7251F1b0A471933a0D2,MAG7.SSI,76.959100,76.881900
0xcF4d11423fB2E75D92B704f678b6BE1fa427C022,ETH,0.030000,0.000000
0xcF4d11423fB2E75D92B704f678b6BE1fa427C022,USDC,1003.667288,1176.054516
0xcF6AC029AbDD79c81b50c03eeaeDA03E99362E1A,USDC,38.030000,38.891750
0xcFCA41305293668Ed7cf9e738933C4cd1eF706ff,USDC,40.443557,38.583362
0xcFFFfACDB9271674e7D25ab44116699F40b36fc9,USDC,16.000000,0.000000
0xcFd3F5BbEE26f1616adE88f94ed8F7c517b59468,USDC,96.760000,96.136433
0xcFe5106F83ba35Bb16b62f7228e95A32dAbF69da,ETH,0.070472,0.124002
0xcFe5106F83ba35Bb16b62f7228e95A32dAbF69da,SMAG7.SSI,68.586500,0.000000
0xcFe5106F83ba35Bb16b62f7228e95A32dAbF69da,SOSO,103.121900,0.000000
0xcFe5106F83ba35Bb16b62f7228e95A32dAbF69da,USDC,135.110000,107.816404
0xca01C73aD6c92956A28706940f3B324e38b32C33,USDC,15.105707,0.000000
0xca275a2916ef331A40EfBd46CF14154f6869CC51,USDC,15.010000,58.863201
0xca275a2916ef331A40EfBd46CF14154f6869CC51,USDT,38.000000,0.000000
0xca2DA9036ddcf1476B7d6d99f2A89bBA01942158,ETH,0.000000,0.013597
0xca2DA9036ddcf1476B7d6d99f2A89bBA01942158,USDC,5.947403,5.947403
0xca465BF643aB8C81800979fdB3951ad795187B34,USDC,15.550000,0.000000
0xca9C4e948155B9D445381786D8D6e29373455c45,USDC,10.106206,9.977000
0xca9F0B5dEA597dfB1ccADa9fd6Dc8916B5D5BB42,USDC,7.849937,8.572295
0xcaCc141576544e577DD620C1707E562592BB3096,ETH,0.000000,0.016889
0xcaCc141576544e577DD620C1707E562592BB3096,USDC,68.515032,42.544348
0xcaa330E2Fc3696aA39a91B83771c85e822C379c1,USDC,39.500000,41.755321
0xcb3cBc5EfC479c260fA14EFc320d710DB28BDDFd,USDC,40.000000,39.852438
0xcb6B2d4aC21a6034e67ACC7c362838bd241E2642,USDC,15.020900,0.000000
0xcb86bc981334106547D3671111E1666AfC24CdbF,USDC,474.779700,406.000000
0xcb92121ea6889C34d78f7b18FFac3E1F662860Cf,USDC,20.037333,12.799161
0xcb9f2B798aF673828bA4aB60f9f9F82F4a748EAD,USDC,104.200000,102.770821
0xcbAf679040Cc02653210E160cBbaBFE44CBF8d85,USDC,67.688360,53.882320
0xcba952D820603742626703E7Ce636B71BfDfa7dB,USDC,53.066511,50.031463
0xcbd72ccEb41D5a739205625cBdc4ECCAc968752D,SOSO,3.617000,0.000000
0xcbd72ccEb41D5a739205625cBdc4ECCAc968752D,USDC,15.501952,15.501952
0xcbe4dc720F42998d3Ab934D7ada7260683B55C90,MAG7.SSI,0.000000,245.840822
0xcbe4dc720F42998d3Ab934D7ada7260683B55C90,SMAG7.SSI,1110.237800,1110.237800
0xcbf9cC496E9a2ed1898435f4DB22974A69C863F9,ETH,0.007500,0.007500
0xcc2e4480D0d9eCCb314cC782f31176D47AACAC64,MAG7.SSI,15.182600,0.000000
0xcc2e4480D0d9eCCb314cC782f31176D47AACAC64,USDC,0.000000,7.770509
0xcc66B9F080c1cf71582a551277bc5Df1Ed1a5597,USDC,41.360000,0.000000
0xcc78DaDD496E80c6548537813496f5CBEd62c820,USDC,37.950100,36.238788
0xcc7d15B166A38FCd2A4B0Ed3e983b7cd4aa4c6af,USDC,39.159100,0.000000
0xcc8572F30F516554487B7d27a03f74BBeEc1e416,ETH,0.000000,0.013585
0xcc8572F30F516554487B7d27a03f74BBeEc1e416,USDC,69.000000,601.034449
0xccAb97528aA7c8adda639713F030EF3fE4DF4C2E,SMAG7.SSI,6.585700,0.000000
0xccAb97528aA7c8adda639713F030EF3fE4DF4C2E,USDC,148.140946,27.652317
0xccE11e59D90aeB7227e66e4fd5e0aA4024aE3D4F,ETH,0.003000,0.000000
0xccE11e59D90aeB7227e66e4fd5e0aA4024aE3D4F,USDC,26.000000,1065.197315
0xcd06d87f0AAc03f590e26DFaCd9380Dddc1a88E1,MAG7.SSI,0.000000,77.478960
0xcd06d87f0AAc03f590e26DFaCd9380Dddc1a88E1,USDC,37.600000,0.000000
0xcd09f0Da517Ac2b9630c15D86a6e5fEF3A97ED35,USDC,37.000000,38.945432
0xcd1EBBE5c671E47d0150BDf6743009Cb3800f8F7,SMAG7.SSI,6584.382700,0.000000
0xcd1EBBE5c671E47d0150BDf6743009Cb3800f8F7,USDC,299.991600,844.568300
0xcd258E4609871CE4cF2cE9Ae08E258b5d86468A4,USDC,15.005800,0.000000
0xcd5e07d552B1d9cC37B8f5c4609Ba74dA862b175,USDC,49.800000,0.000000
0xcd791fA7D2fdCD782EB44aA2AA88eE2131692B91,USDC,34.771201,25.657322
0xcdA2b2fd3902492ca7f7624ae9B46c0169A95f03,USDC,15.012000,0.000000
0xcdC073f96567296FF97222ef7E962E2cBEbF01EA,USDC,16.959288,9.098444
0xcdDEF5D034b02f965b4215be29ce3D6bf6b93F4E,USDC,15.012800,0.000000
0xcdb04B5b136c881F97BDaDA0BA5DDE20079dB074,USDC,159.149600,112.356770
0xcdb04B5b136c881F97BDaDA0BA5DDE20079dB074,USDT,15.200000,0.000000
0xcdccf65fB833037Ded7E492B9Da01E295BaeaB95,USDC,123.850014,0.000000
0xcddCa2B7d66e6bCf02d1E00B2DB931A530a106Fc,MAG7.SSI,0.000000,76.014309
0xcddCa2B7d66e6bCf02d1E00B2DB931A530a106Fc,USDT,40.000000,0.000000
0xcdeb0BeD62C754283809451FA24DfF32cF9D194B,USDC,26.553619,0.000000
0xce099DAeA15C79B7d0Ac8abAa66944C0E54Fa41f,MAG7.SSI,30.008912,29.989712
0xce1681677b337d1B17a6B5D61E414b2cAf802938,SMAG7.SSI,78.560000,0.000000
0xce1681677b337d1B17a6B5D61E414b2cAf802938,USDC,287.370000,0.000000
0xce303Ee3Ef4B52B1b128Ac1442F87ec859659394,USDC,45.000000,36.476449
0xce30E43CD7098F0677F87b9253d24c6534eb542e,USDC,39.158100,0.000000
0xce6216402C96c0eB54dB505330aD385A7900c547,ETH,0.100000,0.000000
0xce6216402C96c0eB54dB505330aD385A7900c547,SMAG7.SSI,5000.000000,0.000000
0xce6216402C96c0eB54dB505330aD385A7900c547,USDC,300.000000,0.000000
0xce9833ed1BB956F8Ce1c2F6c323E531b825ff3C3,MAG7.SSI,377.198300,376.795900
0xce9833ed1BB956F8Ce1c2F6c323E531b825ff3C3,SOSO,5.579500,0.000000
0xce9D56e0A5D9Bdff15cf621a0c7337a874658790,USDC,106.926459,0.000000
0xceF28B7D1616F45b80368A74dC0236b576F03a3a,USDC,71.964549,57.826877
0xceF853b78b372c17f7F9632086458A9221F29d62,USDC,45.195700,43.064787
0xceba4c6330D328D91Dd3c3e0468B8233e804E573,USDC,15.010100,0.000000
0xcef752f720374f87d635298733Bf4f4196D207c8,USDC,49.800000,0.000000
0xcf0c5Ed57c90b3b760Ba0Acb9A133BBC77975aD6,USDC,230.000000,0.000000
0xcf272D039fF88643F74eb4F7d6F5778C7a487EB0,USDC,20726.978585,26117.220288
0xcf3008e7EC1E2CfDA0063a6f8FD0ab4580b49e17,USDC,15.000000,15.322726
0xcf5d91c9D91A40Ff5074d165c36Eede5562a2046,USDC,50.000000,50.000000
0xcf65Aed2b907c0b6ff06b93718062d773fA3785e,BNB,0.019813,0.006778
0xcf79a4fBEE9E984dFf2A8d3aFd337B81CD606202,MAG7.SSI,15.508036,15.492335
0xcf79a4fBEE9E984dFf2A8d3aFd337B81CD606202,SOSO,10.271500,0.000000
0xcf79a4fBEE9E984dFf2A8d3aFd337B81CD606202,USDC,75.344971,11.421511
0xcfA18002d2674F51625233C9dFa3Df2f48BF16B7,USDC,15.019800,0.000000
0xcfE881d11a827c77e121d77E7532211d9236ff67,USDC,39.000000,41.521663
0xd01947d5A703304E4d2fEEd7A8de594571930c86,USDC,100.000000,0.000000
0xd022CeB255574F5A05cfbbAc0EE3e00bf23C293d,USDC,25.640000,0.000000
0xd030E0A5CBD1C5B32620e404a08fe47D988CD113,USDC,1948.000000,1948.444000
0xd0343cD07773c376c202009B94A206a9a3ee1572,USDC,18.000000,11.671215
0xd04deab0f0d63ABfFb71b02A9300c25f590D86d2,ETH,0.006700,0.006700
0xd04deab0f0d63ABfFb71b02A9300c25f590D86d2,MAG7.SSI,72.951900,0.000000
0xd04deab0f0d63ABfFb71b02A9300c25f590D86d2,USDC,15.000000,0.000000
0xd058b6b97b83203883485533b63FAb3b218B8C1E,MAG7.SSI,5.253593,80.067417
0xd058b6b97b83203883485533b63FAb3b218B8C1E,USDC,13.200000,6.200000
0xd064FAeb8C4E9232e723bf4A3566253b5508F564,MAG7.SSI,29.579166,29.565266
0xd07Bbc9bA50F3459d05a9e83392479Ff014B07af,USDC,15.145739,0.000000
0xd07E9D9927971dE6979A5A5c562a9957f3c10d2C,MAG7.SSI,10.929100,24.541600
0xd07E9D9927971dE6979A5A5c562a9957f3c10d2C,SOL,0.078698,0.000000
0xd07E9D9927971dE6979A5A5c562a9957f3c10d2C,USDC,34.123281,37.080739
0xd0851069E895D83E10a54D9A69069cD96Eff9F06,USDC,573.042500,507.000000
0xd092fD1ed8fD0561714133b01cC49e41b144aeF9,USDC,20.020000,15.964028
0xd09d71bC613Da3548697FAb749C16Af082B2932c,USDC,18.766936,17.674257
0xd0AD94ABd36c37A7D83032854afa9f442C781966,ETH,0.003000,0.002895
0xd0D08a1f58972DAf5bC0eCf3cac749D90F949E81,USDC,12.036312,11.443229
0xd0Dfa009182851F3D783AB1BeC18dffcE1fb2c9E,USDC,17.903629,0.000000
0xd0a81F84404c06c1341fe2199a2e589798A3beE7,USDC,61.000000,43.498135
0xd0b811b909afFd5B7F3e1201D450DA173796B7fB,BNB,0.000000,0.010992
0xd0b811b909afFd5B7F3e1201D450DA173796B7fB,MAG7.SSI,11.843724,0.000000
0xd0b811b909afFd5B7F3e1201D450DA173796B7fB,SMAG7.SSI,30.000000,0.000000
0xd0b811b909afFd5B7F3e1201D450DA173796B7fB,USDC,52.000000,0.000000
0xd0bf7F62447908974C4c3260B3033807129181C4,USDC,41.000000,42.570264
0xd0cb2f558e8053857Cc8a8929095527Cd59aa76b,MAG7.SSI,0.000000,76.789295
0xd0cb2f558e8053857Cc8a8929095527Cd59aa76b,USDC,40.000000,0.000000
0xd1015E8E6a16b86ffe92C7E9a2feFcB919491F03,USDC,24.853719,0.000000
0xd117e090385c3eB50e74b09ac09bc3657FaDB8ca,USDC,18.031714,17.311338
0xd126Df2C2B28a8A1e7aEDC376E26A139084DB85C,MAG7.SSI,15.247700,0.000000
0xd14b624D015aCE6582846c21FaD8c4968a902e16,USDC,15.029623,0.000000
0xd156f268fA3f048042c4D8a79bB599811F6979Dd,USDC,38.700000,0.000000
0xd1611B13860c607A3e087Fa0c3F3e8DdA294888c,USDC,15.349276,15.349276
0xd16A653a545Fce9117D1D9AF1803D1B5c57022dF,SMAG7.SSI,241.328800,0.000000
0xd16A653a545Fce9117D1D9AF1803D1B5c57022dF,SSOSO,175.084500,0.000000
0xd16A653a545Fce9117D1D9AF1803D1B5c57022dF,USDC,799.900000,323.610679
0xd16C79889D390Fd60A433b255954D5CE997AE439,USDC,622.948142,614.653836
0xd18B8Fd725c19c18328b1a369Ffc348AE53D020c,USDC,39.450100,0.000000
0xd191Dc9f3deDE5cAB25D73415556a91a116467A5,USDC,44.741869,35.237182
0xd1A0492830Ba8C48aBE4f92c134bcb376619c70b,USDC,15.016700,0.000000
0xd1A387e8bBD244cA867704d27588841acF804257,SMAG7.SSI,124.505900,0.000000
0xd1Cd15Aa52C4642215e1A5e5A097967247a7023c,USDC,117.850014,0.000000
0xd1D946015EfD855Bbb5Dd0da6fB2A70a58700F9c,SMAG7.SSI,5290.396200,0.000000
0xd1D946015EfD855Bbb5Dd0da6fB2A70a58700F9c,SSOSO,3003.000000,0.000000
0xd1D946015EfD855Bbb5Dd0da6fB2A70a58700F9c,USDC,79.900000,0.000000
0xd1E33Ecd343a4DA03B5595b4264aBe42493E71ab,USDC,60.000000,0.000000
0xd1E5f447eB39ca520362798e7080a8294933cef3,USDC,8.780000,12.345530
0xd1d775D47ffBC1dcE27B19e62877A815f2413827,USDC,7.960000,0.000000
0xd1dEEB313991dC81CA172f5C9e463d3DE1C3875f,USDC,30.000000,0.000000
0xd1f93C9Aa4531C5F5d04396DAe0F6EB98FFF587a,USDC,42.600000,41.588930
0xd2012be227E67B5DA1E945c12Ecad802Ca9eAB61,MAG7.SSI,0.000000,136.335907
0xd2012be227E67B5DA1E945c12Ecad802Ca9eAB61,USDC,69.182868,0.000000
0xd210bB945EeB11FB99a874045b595Ad270a7fB57,USDC,72.948191,28.028774
0xd21fD4C4451DE289E81C1466586f2512f4FD0bAa,MAG7.SSI,16.000000,15.987900
0xd21fD4C4451DE289E81C1466586f2512f4FD0bAa,USDC,30.000000,21.074521
0xd222372f76D5558feC78aca73AD6f4CE81133a06,USDC,541.100000,428.995582
0xd22Af734962546ED592b6201F2BE57C95C074A10,USDC,20.720000,20.126453
0xd2323ae8D0D9d2Df54DB5fE0471cac546A4327a9,USDC,16.000000,0.000000
0xd23B156CBd333Dde72236d727d8963d3F5D47565,USDC,39.000000,41.424504
0xd2451d90CF4cA8851997e77C3b8F54b18F509381,USDC,49.800000,0.000000
0xd24A1620E0355fcF5dFA7D669146b500f6F38c06,USDC,41.000000,39.866319
0xd25DAC1E4909FCfEa5A508587Be0Bb5d716e629b,USDC,39.000000,41.141226
0xd26F46a0377852a6e8146ae6a67E1DEa3299bc60,USDC,15.300000,15.619742
0xd27576453bb7Df3ECBE63e590c753e0b3FAdDA87,USDC,51.118909,47.188472
0xd279F2D307A57D1bcF71Bb5606e779ad346770BA,USDC,15.711859,6.380906
0xd293a6061E7f64Eac9487D3F3464fd9Cab8F3206,USDC,14.996476,15.574583
0xd2E9F10a00410B5378c9C8966e6f9C1F5F25D2f8,USDC,15.054582,0.000000
0xd2e81E9bEcE59be6BD521EeAdDD6bEd67c3Af4E5,USDC,42.900000,0.000000
0xd2e9e029Bf0f1840eD396A8bc2BebAd69eE3E757,MAG7.SSI,5.698492,0.000000
0xd2e9e029Bf0f1840eD396A8bc2BebAd69eE3E757,USDC,36.000000,31.060462
0xd308fFCDa300b82b9CA8AE291F7a08aAF041929D,USDC,65.751590,62.894657
0xd3153bE8614FB31F55461E5F146527B5f8dd01eA,USDC,41.000000,44.126099
0xd31577feeCfd5c1aAB7D60D9de45865c50407E17,USDC,37.000000,42.464933
0xd31878c2f10a7a751ACa4f573bb4DF9B3c264E4C,USDC,16.000000,0.000000
0xd31A84c20bc430aD75E6a1903E7dDbee52211072,SMAG7.SSI,2834.103000,0.000000
0xd31A84c20bc430aD75E6a1903E7dDbee52211072,USDC,3000.000000,4694.779388
0xd324f044B81dA6E75856617943DeE30EBb95e14f,USDC,17.010000,14.906065
0xd328E1e41B4F47701F8dF46075374a67bf2095a4,ETH,0.010000,0.000000
0xd3321b8790698A076d9bc1A4943c758D6f784a3D,SMAG7.SSI,36.500000,36.500000
0xd33c4c5f5876506D0172c03feE7cE94E78233AF4,ETH,0.000000,0.006996
0xd33c4c5f5876506D0172c03feE7cE94E78233AF4,SOSO,285.353860,0.000000
0xd33c4c5f5876506D0172c03feE7cE94E78233AF4,USDC,4325.832892,2070.000000
0xd345793f3B2Bae04681BC3A73F63A0acf9c2e73a,USDC,39.950100,0.000000
0xd37D432ec2Dfeed5Fd9e9ec20b5F5e8dF31fca48,MAG7.SSI,302.029700,0.000000
0xd37D432ec2Dfeed5Fd9e9ec20b5F5e8dF31fca48,USDC,0.000000,148.740522
0xd386BE37CEB551c69E373517b73F0a2e0d7B7d0b,MAG7.SSI,3620.300000,0.000000
0xd3C6899fB19D455B830F2755C002c613ec2E50e4,USDC,17.000000,0.000000
0xd3E6c35E7d9D3b23F80bB815F71e12Ae274235ec,USDC,15.027300,0.000000
0xd3a3E8464aa7B720Afc27Bd50e4017eDC6cE37cF,USDC,15.000000,15.055997
0xd3aa7AA4c1767001e9a0d4b3C32d82523711A99a,USDC,15.000000,15.351432
0xd3aee0803a2265259dE4E6Bedf12B77Ee10bAf71,SMAG7.SSI,21.585300,0.000000
0xd3aee0803a2265259dE4E6Bedf12B77Ee10bAf71,USDC,203.980000,0.000000
0xd3c4416AE9d55fF509d61d5a88a1Fb9938a7e7A1,SMAG7.SSI,8876.573900,0.000000
0xd3c4416AE9d55fF509d61d5a88a1Fb9938a7e7A1,USDC,300.000000,798.079246
0xd3c6be90cF78EF9d7B843802CD2108B4E27A0252,USDC,42.000000,0.000000
0xd3d9c64efA7781f43c2a681245b35b242aEdc0c4,USDC,20.000000,18.809459
0xd3eA5F7C917655C010A41ab1Dac6a84CB450b6dC,MAG7.SSI,15.019800,0.000000
0xd3f562a273916CF3a404986d74A914e9961841Cf,USDC,57.000000,15.481019
0xd3f6D9A294B7D652a9F6c9681492EfF6e5C22479,USDC,15.000000,0.000000
0xd404AdeC8610aAD3B1C16Ed2d8e8B00fb74749Bb,USDC,39.010000,42.427521
0xd404ffF20f7EEE0D6F436e05f76ed07c687E61E6,USDC,0.000000,8.304232
0xd41d9940e0B36607fDd675276D1a925aBECc09Fa,MAG7.SSI,0.000000,15.943132
0xd41d9940e0B36607fDd675276D1a925aBECc09Fa,USDC,15.165700,6.789700
0xd43031D02a1739944578BCe4DFd6dAce40DAe7dC,USDC,18.000000,14.685089
0xd439B31c1E6F3710ab51C3100fD62D63A9905b99,ETH,0.009000,0.004898
0xd439B31c1E6F3710ab51C3100fD62D63A9905b99,USDC,29.142151,38.432099
0xd4430d5A171C9630a33D360Ca8a8fA36f5f0dA36,MAG7.SSI,78.079100,78.000900
0xd44eAD9ae74d88697be45eDff52b48dEf31919E0,USDC,26.691971,16.275919
0xd45629BA84e5F0Cb63c489809708Ca1285d8e13C,SMAG7.SSI,3230.000000,0.000000
0xd457853273D3efdd31c06dB4519817Fa1F786390,USDC,39.000000,41.362989
0xd45Dd0df8aCabbfF7D8098C4823030616FE08460,MAG7.SSI,36.187949,36.172749
0xd4650f3a50c77fCC91cFCab21798b6624E444d49,USDC,39.943100,0.000000
0xd47029D487324584de64e79861c61f5163180932,MAG7.SSI,895.930781,0.000000
0xd47305c16229Bc4FbD6B5A79E5B370325eEd027f,USDC,381.003069,383.180448
0xd478eAf90557dbd64CAc5f841468F208dB6644B4,USDC,19.280000,12.309284
0xd4BFB43379856cD3Ff37f74F0240dF284b504c8C,USDC,42.002909,45.121267
0xd4BFB43379856cD3Ff37f74F0240dF284b504c8C,USDT,15.450000,15.450000
0xd4C73Cb4f37FA874479e70F4B9F4669A69075104,USDC,240.000000,237.910000
0xd4Cd90D101289651bB229Aa564D53be2c5a9a331,MAG7.SSI,0.000000,78.520809
0xd4Cd90D101289651bB229Aa564D53be2c5a9a331,USDC,40.000000,0.000000
0xd4D756771633C067E67de8a92EDddCF5aD86c51c,MAG7.SSI,75.000000,0.000000
0xd4D756771633C067E67de8a92EDddCF5aD86c51c,USDC,878.497886,845.975788
0xd4Db16032e7F2c55A74e8a135Bf1F23CB362CF26,ETH,0.004782,0.000882
0xd4Db16032e7F2c55A74e8a135Bf1F23CB362CF26,USDC,0.000000,5.237272
0xd4e56b39923e5F9AaB78b5dB83894b4948D02328,USDC,20.400000,22.316706
0xd5156E4d604842b4bfcDE5064c25E889B9445A90,USDC,0.000000,16.224567
0xd5195c4Df98464eEf8673d2Ba1f4F62EbfaE9C65,USDC,15.026800,0.000000
0xd51F9D7ae995A45e9573f0D62E0137722cB9c649,USDC,175.070237,187.180319
0xd5447DcbACC01A5ECF450933909a8226EB5C3D61,USDC,29.972744,21.363278
0xd54c4FD18850097DB1d3a1CBC21eA4CEBAcA6b58,USDC,15.016500,0.000000
0xd562017AA12cCB02b867DFEda19a0ED8d99601f5,USDC,15.300000,15.595446
0xd585d65dD93113b8A7c7938d516A241630F1569c,USDC,5.000000,5.000000
0xd587C2E3A7C22BEf7a0eebF3C83d394A20076d8B,USDC,808.565213,797.865047
0xd591B6C802449E70Bffe81b44C0EA8d27c8D4571,USDC,41.800000,0.000000
0xd5Af8d4E639d4b2f1d847CEa3FFC55e0C6313456,USDC,266.000000,263.480000
0xd5B5700F4166c7E2Eb80aCB2e584e286247dEeF2,USDC,10.000000,0.000000
0xd5B60bd612D3008ac8EA25A49e12338c6f13ec91,SOSO,38.564796,0.000000
0xd5C35C897AF88069581ED8e0FbbE2fE2587078A3,USDC,16.000000,0.000000
0xd5F65BbfFEbb0e8eA2Db0f4181Ce93888aA094BE,MAG7.SSI,5.000000,0.000000
0xd5F65BbfFEbb0e8eA2Db0f4181Ce93888aA094BE,USDC,37.830000,38.670000
0xd5F65BbfFEbb0e8eA2Db0f4181Ce93888aA094BE,USDT,9.990000,0.000000
0xd5b417983E188432689090Ff19Bf88fd72E4aA29,USDC,41.400000,0.000000
0xd5cfbc9fdBA8b2e1E1A776C7cE3430cb9f000c62,MAG7.SSI,15.020900,0.000000
0xd5e39Adf77Ee622133F47f9dFacE797b7Df42e9A,USDC,37.472000,40.951497
0xd605b0b2108Fd8aE2d92867CbeBE393e4E6733F1,USDC,38.000000,40.600322
0xd60A005Ec6e96FD80247D5Af10785D71d98C32eB,USDC,134.449941,0.000000
0xd61CD5F15e6D36611EA5C2f519591DC71478cCf7,USDC,199.000000,0.000000
0xd632Df5519ca63954c553423A98C7f2fFe9C9CBB,ETH,0.002236,0.000000
0xd632Df5519ca63954c553423A98C7f2fFe9C9CBB,USDC,38.078786,42.508996
0xd63a283f99c9D00323724a5f7Db07515461A6760,SMAG7.SSI,30666.445100,0.000000
0xd63a283f99c9D00323724a5f7Db07515461A6760,SOSO,1023.520000,0.000000
0xd63a283f99c9D00323724a5f7Db07515461A6760,SSOSO,93778.680900,0.000000
0xd63a283f99c9D00323724a5f7Db07515461A6760,USDC,0.000000,2678.734830
0xd63a283f99c9D00323724a5f7Db07515461A6760,USDT,1199.900000,0.000000
0xd63ae107dC4cFfe6A7C850f68cfe4A1bBD147B5e,USDC,622.775741,613.151697
0xd63fdE16c98D2b923B020c0727f3EfD3364fDf37,MAG7.SSI,16.739242,0.000000
0xd63fdE16c98D2b923B020c0727f3EfD3364fDf37,SMAG7.SSI,6.000000,0.000000
0xd63fdE16c98D2b923B020c0727f3EfD3364fDf37,SSOSO,966.407300,0.000000
0xd63fdE16c98D2b923B020c0727f3EfD3364fDf37,USDC,50.000000,0.000000
0xd6413BBeDc893DbEE8Ca870d5CB161d20a095Cb5,USDC,15.004800,0.000000
0xd64427fb7303b7E26af38cae4985496540463e64,MAG7.SSI,0.000000,210.466000
0xd64427fb7303b7E26af38cae4985496540463e64,SMAG7.SSI,210.664200,0.000000
0xd64D23186D0aa251959eD706bC0A01D5A2607A6E,SMAG7.SSI,22010.815100,0.000000
0xd64D23186D0aa251959eD706bC0A01D5A2607A6E,USDC,10050.000000,15908.151737
0xd66841D37546d81d92CF4Ee5FE75BF6fc7A8B430,MAG7.SSI,75.000000,74.924800
0xd680D763Ae08d74982f2510D81261b967Bdf60B8,USDC,15.000000,15.040937
0xd686ED28fBAA9ae9305E5472A95f138289a8Be20,ETH,0.021138,0.000000
0xd68B561553BbeC141D981c363d6D03484Cd119DC,USDC,20.000000,20.000000
0xd68ff43576FdFB286Dd22cFA9800bE64164E67Dc,USDC,15.006500,0.000000
0xd69A3f40Eb66F8FFbB1B7778ea390360dd1D4936,MAG7.SSI,10.846750,0.000000
0xd69A3f40Eb66F8FFbB1B7778ea390360dd1D4936,SOL,0.095455,0.000000
0xd69A3f40Eb66F8FFbB1B7778ea390360dd1D4936,USDC,20.784940,45.000000
0xd6DF1216E297E2AfEE750682cE282Af7D1F0b62e,USDC,94.900029,100.690628
0xd6E5D00Dad54848D3561db0b52cD3feEF408966F,USDC,15.000150,15.000150
0xd6E7203E8349aa853DeFD3cb962DdCcC205E4A29,USDC,15.120000,0.000000
0xd6F7ec9bac86AbCa3168987301c235c83D07882C,USDC,39.000000,41.006658
0xd6af1eC851c0bD8DCEe64A36Da88cf31EDf3c605,USDC,49.800000,0.000000
0xd6b0396ab3b05c05941eE740Eb1C008d0d838705,USDC,0.000000,28.932917
0xd6f096603c30f4a2859e64603E331EF8e5d9C05a,USDC,40.000000,39.132933
0xd6f56033D9f1f0C915c9984741b84E5f57Fea6FE,USDC,478.764800,408.000000
0xd704a91Eb9dC0dF30e865F5587F4D946C620F75a,MAG7.SSI,75.855700,76.003193
0xd71C73933AE3484c1475FDb5494b23aB27b30100,MAG7.SSI,15.004600,0.000000
0xd7222Df82EfB5c934A3690b01681e0C8afC576Ad,USDC,15.011800,0.000000
0xd7314b59ae6732CAfc30E123aBAEb147D6E41eBf,USDC,37.508000,40.949320
0xd73E5B8748020F63D3F57dF049B84547aEaFcb02,USDC,15.001000,0.000000
0xd743d6b98171A22DdB20e1faeFb7c3052A196C68,USDC,15.050000,0.000000
0xd74d68AD4A3D88635e65a49b739Ef467D1c7Efb5,SMAG7.SSI,26.017200,0.000000
0xd74de0C9eA59307ca8f1BEFFFB6f941947E93Be3,SMAG7.SSI,14.832100,0.000000
0xd74de0C9eA59307ca8f1BEFFFB6f941947E93Be3,USDC,14.688856,24.000000
0xd74de0C9eA59307ca8f1BEFFFB6f941947E93Be3,USDT,10.000000,0.000000
0xd75B45DEA83B07ED03F245D4685Bbe42C09421C4,USDC,21.500000,0.000000
0xd7613B407A9eB751F7e391aA2588063EE4E883d1,ETH,0.034500,0.000000
0xd7613B407A9eB751F7e391aA2588063EE4E883d1,USDC,150.632320,115.912141
0xd770890390E4EE87Eb6a70F2211A4526D4a02019,USDC,15.007700,0.000000
0xd775468778c4cafce7772E5f3E06e6faf6c181e0,USDC,792.812222,781.969711
0xd79Cf4a1A377fab7F2D5a111122261BD6B9a16cf,USDC,44.289093,36.567561
0xd7A1cb67eEc970814F44Cc3630EFf80310E6Eb15,USDC,15.019100,0.000000
0xd7A642D06AA4712d8EE914fa2AAA1fa74D01AeA6,USDC,15.109009,0.000000
0xd7A91BA5349c5DD86616B1Ba2804B98Be464D582,MAG7.SSI,15.158100,0.000000
0xd7A9EbE5E18aD4F98d5886d5b770bc1aF2E1A220,USDC,0.000000,105.607347
0xd7A9EbE5E18aD4F98d5886d5b770bc1aF2E1A220,USDT,204.131400,0.000000
0xd7Ad071eDC4420646bA564217e13d470fd2D5b28,XRP,10.222211,9.222211
0xd7CF0Bcd65807C0bD8966985023c80287A1E94aF,USDC,17.164289,8.342778
0xd7Df37007a08292Bd08216A090d7C0087FD8d33E,USDC,15.016800,0.000000
0xd7FF7647587246630F6D5aCf57a819822975088A,USDC,15.025100,0.000000
0xd7a35377CED876a69a5F82274CcDbA1Db7D9d108,USDC,15.000000,0.000000
0xd7d8c939eAAb46F547fe29fDFEe93C521A3c95fF,USDC,1000.000000,0.000000
0xd808A8187cd5d9b61d4F5246B5DD8297d052bD4E,USDC,14.830720,6.674400
0xd81bb90F60C87986E49Fa9385C0410927eF7eA1d,USDC,15.000000,0.000000
0xd8206c3cE9E2a556E1e7f65a8A5a9F573DbD8819,USDC,39.000000,41.562764
0xd82FB4077f09C00A881d8CA753530A252EF91e46,USDC,223.669027,230.625202
0xd83F84fdCe6148a111cFBbc2c5C38Bdd1f70eC4C,USDC,15.001100,0.000000
0xd83ff0D63454e925368272caaEA01938d3A93B9F,USDC,43.200000,46.461303
0xd8539a22a7Cf24F961f35deff54f332D2e06A9B5,MAG7.SSI,14.991100,26.256779
0xd8539a22a7Cf24F961f35deff54f332D2e06A9B5,USDC,52.544891,49.817485
0xd860DDAD54D73C2FDdb4ac65C4D1B0947dfB1938,USDC,40.042986,0.000000
0xd860e80e5cF6002cd4b0eb68C57e03DEe63b82E8,USDC,15.023600,0.000000
0xd89a47b529fAcA9Fe97AB8Ea2181D6Cd59b33CB5,USDC,1782.590597,202.394105
0xd8Ad4Ec86a6a7dd8F2682118F5403cBb244d69CE,USDC,37.950100,36.230598
0xd8E39888A6F51433442eaB459ceD9b2DA868a68A,USDC,15.013600,0.000000
0xd8Ea4B40846681dB4c1666387C11AB4aC1F2432A,USDC,15.000000,0.000000
0xd8a2cdB4343F66791f4eDdEc57A4703E4D3B9603,MAG7.SSI,0.000000,11.265300
0xd8a2cdB4343F66791f4eDdEc57A4703E4D3B9603,SMAG7.SSI,11.275100,0.000000
0xd8a5b05de878f47Ef3484b100ccCf4C17377EE6a,ETH,0.005000,0.004893
0xd90676D2548c74250B827C70f4aFe20189d6A3eB,USDC,42.451901,0.000000
0xd90676D2548c74250B827C70f4aFe20189d6A3eB,USDT,10.000000,0.000000
0xd924Ae57c08Ced50ED25A8D7e9245E28Ae9F27e3,USDC,39.850700,0.000000
0xd9287ba55fbC69f42Ed3f3ced4C2235667596ECB,USDC,20.000000,20.000000
0xd92E5cA56686000B9fafBeA078cEe8B59fb8671A,USDC,77.582704,77.582704
0xd941c027B4cF74a4968a02fa26bc138302Ac8326,USDC,15.030000,0.000000
0xd943d536Cf8a697AD65cD93C80dd0fA220bF41b5,USDC,15.020300,0.000000
0xd94c5F81F8DF27e92e78db6693A5614C815c7BE9,ETH,0.017300,0.000000
0xd94c5F81F8DF27e92e78db6693A5614C815c7BE9,USDC,12.894011,55.011874
0xd995c16c748D81Dd6A26596330dA552093bd18D8,MAG7.SSI,15.019800,0.000000
0xd99826019e6f76B28e9F44D65cE60753B78d7908,USDC,38.000000,42.617600
0xd9Bf6d62c85bcD4d46fa9CBdF2b863eE299d97C3,USDC,250.900000,250.891762
0xd9DE6595000e0DB918D6bf1b878CD998ad31E415,USDC,951.069453,940.074192
0xd9E02d96d9994CB150F5f9d0242F6E6d3C458cBf,SMAG7.SSI,199.020200,0.000000
0xd9E02d96d9994CB150F5f9d0242F6E6d3C458cBf,USDC,58.000000,0.000000
0xd9d08c0d1694201D9158FBb367291c89b2e049e3,USDC,39.750900,41.046879
0xd9d32F18f33CF307523BfAa668aEaC2c46A17833,ETH,0.002000,0.000000
0xd9d32F18f33CF307523BfAa668aEaC2c46A17833,SOSO,60.000000,0.000000
0xd9d32F18f33CF307523BfAa668aEaC2c46A17833,USDC,1051.355490,1266.492490
0xd9dA5ef554e0AF872c870005Ae1aF32F330c7b29,ETH,0.070000,0.000000
0xd9dA5ef554e0AF872c870005Ae1aF32F330c7b29,SMAG7.SSI,169.568300,0.000000
0xd9dA5ef554e0AF872c870005Ae1aF32F330c7b29,SOL,0.623631,0.000000
0xd9dA5ef554e0AF872c870005Ae1aF32F330c7b29,USDC,167.912308,0.000000
0xd9f358f99Be0F183f97C3C16B96BC8648AeF1142,ETH,0.011300,0.011300
0xd9f358f99Be0F183f97C3C16B96BC8648AeF1142,USDC,36.009140,31.527345
0xd9f385EEC71d3eEa20433C00e0A63d9283822Dc3,ETH,0.106100,0.099931
0xd9f385EEC71d3eEa20433C00e0A63d9283822Dc3,USDC,24.820000,0.000000
0xdA064ce9B52AB3b5B05c77abC50c8675894250E7,USDC,86.582704,86.582704
0xdA31906AfD2560203e086b7c08A4C2Bd58a34039,MAG7.SSI,23.198868,7.100000
0xdA31906AfD2560203e086b7c08A4C2Bd58a34039,USDC,47.680035,16.780035
0xdA42f2c17380a0311865880FF2Bb8DAd86e52b3A,ETH,0.013369,0.012948
0xdA5004A4ff8c08B4915EF48512529048c72Bb007,USDC,39.655100,0.000000
0xdA7B3eDB8B6f17E6DE42D482c7B7cc3419e1dCA4,USDC,15.013800,0.000000
0xdAB5394d84a24921448C42F5B7e8Ce76e33D751B,MAG7.SSI,0.000000,75.645049
0xdAB5394d84a24921448C42F5B7e8Ce76e33D751B,USDC,39.320572,0.000000
0xdACE51eFEeB45E57225ff99B283769dd8aE1242b,USDC,26.950235,26.950235
0xdACc6c26bC4055F6061fDfe68d67B1608b50B97f,SMAG7.SSI,345428.320000,0.000000
0xdAEa68d442A6b002f01a051a0caB19EaC680b084,USDC,856.016931,845.655354
0xdAdc16202187dA8673cEcc25719E6d185F1b8ED1,USDC,40.450953,12.534022
0xdB0C08c9899254EFf13DAE6d0d6C8478dB3bEd4b,USDC,76.442635,76.047954
0xdB2baaB8C21Ef091149cE7cD13379d3f35d6436F,USDC,679.595893,611.480292
0xdB2baaB8C21Ef091149cE7cD13379d3f35d6436F,USDT,11.950000,11.950000
0xdB3445E1F7e8724A03aDc1eb704Cd259fcfBcc9C,USDC,16.000000,0.000000
0xdB43138d7c439AD723FF8D869542D55cBBa9A264,MAG7.SSI,77.262600,77.185300
0xdB4D9c35abbFCbfB0c424F1f7B8A11A10aB7Ecaf,ETH,0.014000,0.014000
0xdB4D9c35abbFCbfB0c424F1f7B8A11A10aB7Ecaf,MAG7.SSI,0.000000,86.000000
0xdB4D9c35abbFCbfB0c424F1f7B8A11A10aB7Ecaf,USDC,48.589911,0.000000
0xdB5792939487eDd1FAB3AA819Ef7Bba9CD503E5d,USDC,39.000000,0.000000
0xdB599F64913600C603e1ad7f11D4e88C6c75EDf0,USDC,20.000000,20.000000
0xdB83f0F9304c050Ad2C45944BC90379751F12745,MAG7.SSI,15.044300,0.000000
0xdB88791bb8b8bAD3513186Ff904551a6EcAE628f,USDC,15.004500,0.000000
0xdB9e96D40E57F4810bA14207e694db80D98e7488,USDC,15.000000,15.308050
0xdBAb732119a9F5201EeD2fc585Ec32DfCc46EA03,USDC,726.457417,721.674896
0xdBD6bd271D49A8F500AdD7E4c981202edB4783a6,USDC,57.000000,15.156941
0xdBFb7f5eDCf7229F4d05559a4e199BD1dd84914A,USDC,57.235162,109.300028
0xdBFb7f5eDCf7229F4d05559a4e199BD1dd84914A,USDT,9.000000,0.000000
0xdBc82e71b8467E7D8924809Dfd003DCf20E3a892,USDC,16.000000,16.000000
0xdBf44Fa169e9393EA1C63b037CA39DC2e501F566,MAG7.SSI,0.000000,103.029930
0xdBf44Fa169e9393EA1C63b037CA39DC2e501F566,SMAG7.SSI,100.000000,0.000000
0xdBf44Fa169e9393EA1C63b037CA39DC2e501F566,USDC,50.440000,371.822011
0xdC01B582BfF72676683B4f0b55bA21202a88314F,MAG7.SSI,0.000000,15.019036
0xdC01B582BfF72676683B4f0b55bA21202a88314F,USDC,70.757329,63.157329
0xdC40fC2915331297b52E47990FD033a1B42F16DC,USDC,6791.257622,4843.680370
0xdC446D8c79710cdfc8b1121bC249d867F8D1D3be,SMAG7.SSI,545.168100,0.000000
0xdC446D8c79710cdfc8b1121bC249d867F8D1D3be,SSOSO,124.216700,0.000000
0xdC47b7eecA36Efbbe557F143eeFF27cD4e5943cd,USDC,37.000000,38.617594
0xdC6D2d6Aec5c423D137666D1842730A04Cb54cfc,USDC,15.000000,15.000000
0xdC7bF4d19F98e3082251A75938cE4775224B19bB,SMAG7.SSI,6.870600,0.000000
0xdC7f77e00fd14ee303f99124243b6235B70eF597,USDC,9.293687,9.149832
0xdCA68E190D47B62E330C9DEb634103A6479eC4fA,USDC,426.718710,194.193151
0xdCcf3F9Ad899722e404f83B5198922491EA7aD7F,ETH,0.003000,0.002895
0xdCf179518B5bF6fBFB69F5158b60C9E2058615C1,MAG7.SSI,24.893400,85.099843
0xdCf179518B5bF6fBFB69F5158b60C9E2058615C1,USDC,61.000000,28.000000
0xdD0106514ef84c618fA71A9309fa3b46ED6C3F1F,ETH,0.070860,0.000000
0xdD0106514ef84c618fA71A9309fa3b46ED6C3F1F,USDC,0.000000,198.154654
0xdD0C70dD67d94094Aa57B81dC55Fc62B90cB9E67,MAG7.SSI,5.000000,0.000000
0xdD0C70dD67d94094Aa57B81dC55Fc62B90cB9E67,SOSO,0.100000,0.000000
0xdD0C70dD67d94094Aa57B81dC55Fc62B90cB9E67,USDC,20.200000,33.779638
0xdD1F9BA94EebC8D70c0e2DF7ed2b899c4127b434,MAG7.SSI,15.048100,15.032900
0xdD3b67879CDA807C0c355f09BcDC14ac47d8C528,MAG7.SSI,0.000000,23.623452
0xdD3b67879CDA807C0c355f09BcDC14ac47d8C528,USDC,72.638071,19.074969
0xdD62Bd41b16014FB49049d4C223CF8ea889d9f76,USDC,49.800000,0.000000
0xdD77358C8B8935710a408315B4f6D08eC7272A55,SUI,65.987670,0.000000
0xdD77358C8B8935710a408315B4f6D08eC7272A55,USDC,92.954634,51.544464
0xdD8D96D29081c3D376b99689BBC49beCadf8cd5B,MAG7.SSI,39.891228,39.891228
0xdDA67Cd346bb2886C6172CC17176AD5FF861DE41,USDC,218.200000,85.146955
0xdDC966a2A79045E91C05ce66ce7268cdce8c17e9,USDC,15.000900,0.000000
0xdDE174959E3Aa9fc65Df2DBBA1bCf882dCf80a07,USDC,20.393300,13.822599
0xdDd50d9C0d30B821e8B77ac9F6F473CF35623180,SOSO,39.282134,0.000000
0xdDdEAC6079611f6adc534Df5eD845526C4b819F2,USDC,39.944100,0.000000
0xdDf96f8Fe6E5c1580f451c588721B40798E4E8fB,ETH,0.062163,0.061133
0xdE1BD01Fec971e108021145d5894F6Dc4c1d559F,USDC,575.832200,506.000000
0xdE2559d952371f61c8213D506e238c9dFb4161E8,SMAG7.SSI,1268.431000,0.000000
0xdE2559d952371f61c8213D506e238c9dFb4161E8,USDC,306.739179,0.000000
0xdE2B9E5b619F6d9B93d345Fc7317Af3D6C64438A,USDC,1021.323500,1010.644309
0xdE35575aeD5D8307004Cc1427269ABc190686409,USDC,1990.000000,1987.152240
0xdE3aC990cad7E76F704DA58fCA67b9bA7415CFdB,ETH,0.000000,0.005698
0xdE3aC990cad7E76F704DA58fCA67b9bA7415CFdB,MAG7.SSI,395.075395,0.000000
0xdE3aC990cad7E76F704DA58fCA67b9bA7415CFdB,SSOSO,596.398600,0.000000
0xdE3aC990cad7E76F704DA58fCA67b9bA7415CFdB,USDC,414.175107,0.000000
0xdE8671d6E1adA04Ba3fAfB4A7666f9443B5D9D26,USDC,49.700000,115.883142
0xdE91FE1022C64A3C7bEe6C6f2297ff505223cE65,USDC,300.000000,292.191003
0xdE97803bEF229FEd064eF99a3Cc5F8327fF3A54E,USDC,39.153100,0.000000
0xdEAeAAB84fAdfEB3BAD48E957913cD0C5Bfcd90E,BNB,0.030000,0.030000
0xdEAeAAB84fAdfEB3BAD48E957913cD0C5Bfcd90E,USDC,38.913504,0.000000
0xdEbdfa3506DB3f7f68be778E5E0eD4F87224B1d1,USDC,15.012800,0.000000
0xdEc834C0906BC25FaF653f5A87b104530222D3d0,USDC,18.115130,17.440360
0xdEd5FD9DD1C7F84592E706C9054d6b59f5F87C2F,USDC,988.368668,977.784410
0xdEdc8bAED411C0c8A590cFaDbEB745dDC03717a5,USDC,36.015189,0.000000
0xdEf27D920Be434Fa870978c342671a9b7a7Bd271,SMAG7.SSI,1747.266400,0.000000
0xdEf27D920Be434Fa870978c342671a9b7a7Bd271,USDC,0.000000,1043.652036
0xdF01fb5080fa7E28614Ba72Ba803E4a7FF48E521,MAG7.SSI,0.000000,102.281897
0xdF01fb5080fa7E28614Ba72Ba803E4a7FF48E521,USDC,51.000000,0.000000
0xdF2A4793e7198Bb7af9ff6A87BF7e8de15AfbF28,USDC,41.000000,41.972390
0xdF74030F7f18d923FF15f2d391a004d7154Fc348,MAG7.SSI,0.000000,99.717300
0xdF74030F7f18d923FF15f2d391a004d7154Fc348,SMAG7.SSI,100.000000,0.000000
0xdF74030F7f18d923FF15f2d391a004d7154Fc348,USDC,0.000000,567.937213
0xdFD184A5fB722c896eA58d1A20b35f611BF4A2A3,USDC,15.310000,0.000000
0xdFD5A9E27BaF281cC62a7a4c365B04670e1bc98d,ETH,0.049928,0.000000
0xdFD5A9E27BaF281cC62a7a4c365B04670e1bc98d,USDC,0.000000,150.266705
0xdFc1764f5342324d49E2C78499276dF952713CAc,USDC,49.971037,41.895350
0xdFf1A7318733cE464a3655f9386187381feb5BC9,USDC,15.016800,0.000000
0xda0c33A06aEDe1AcE4880898dC4c668316a93a58,MAG7.SSI,15.030000,0.000000
0xda46fb055D1886F946CDE5fA58f4b009f4f1DCB8,USDC,40.214199,0.000000
0xdaE3304C2Ab7E6F87FFB0e4589A0e0D26a75f2d6,USDC,15.000400,0.000000
0xdaE8B53937A766bD00C200cdEDbdaaE3f3dC8F8f,USDC,39.153100,0.000000
0xdb040737A8601cF7bdD14Af4D3efAC14d7D1Fa9a,ETH,0.003000,0.002895
0xdb2CE1692D32dA05f489D054179C85946c57A88a,USDC,41.180000,0.000000
0xdb52A8BDFeE8BC4c23C9725CcC8F09B8C9bDC89e,USDC,38.294700,10.000000
0xdb52A8BDFeE8BC4c23C9725CcC8F09B8C9bDC89e,USDT,50.652691,0.000000
0xdb7DE8ECc7ca7E41670c3871b1a9cd647D349701,USDC,300.000000,290.905401
0xdb87899C08eA8A5C7cFCe2211a487C889B58A869,MEME.SSI,602.521400,0.000000
0xdb87899C08eA8A5C7cFCe2211a487C889B58A869,SMAG7.SSI,66.438200,0.000000
0xdb87899C08eA8A5C7cFCe2211a487C889B58A869,SOSO,24.714760,0.000000
0xdb87899C08eA8A5C7cFCe2211a487C889B58A869,USDC,1801.798206,2041.287156
0xdb87899C08eA8A5C7cFCe2211a487C889B58A869,USDT,648.420300,272.600000
0xdb87e5ACeBD2C563e1fDccb979B76C10Df2b9DBA,USDC,37.886000,41.406402
0xdbD4C618A16425a1C37b07132feda0c829cec038,BNB,0.005475,0.005475
0xdbD4C618A16425a1C37b07132feda0c829cec038,SOL,0.030000,0.030000
0xdbD4C618A16425a1C37b07132feda0c829cec038,USDC,60.264679,52.774843
0xdc29d750Eb084c6725e03861079D04f61bF61F9B,MAG7.SSI,0.000000,75.984328
0xdc29d750Eb084c6725e03861079D04f61bF61F9B,USDT,40.000000,0.000000
0xdc8B058d366f1d4d37cEbFb473ab8ff7b9868532,MAG7.SSI,15.233500,0.000000
0xdc8Ff1512FcA5BD0eBc530f73700023484E1B0a6,MAG7.SSI,15.417284,0.000000
0xdc8Ff1512FcA5BD0eBc530f73700023484E1B0a6,USDC,30.000000,0.000000
0xdcB2CEA663F4DD1876079D37325Be71bA3Ea5649,USDC,45.000000,0.000000
0xdcBDF41fC1928180F73C1D3Fe99CC423fCb2aB66,USDC,100.000000,0.000000
0xdcD06b874301DA3EA2Ce200f19aEfB45BD90eA58,MAG7.SSI,21.671050,0.000000
0xdcf8712987064470926c50672d71f7c309A5fd72,USDC,15.011500,0.000000
0xdcfAE64f4A58728B10E1e16B53b40592166ACae3,SMAG7.SSI,475.340400,0.000000
0xdcfAE64f4A58728B10E1e16B53b40592166ACae3,USDC,307.370641,0.000000
0xdcfd636d4c47a0A2De83b95e892270DCF0C0EC5d,USDC,44.723271,41.110835
0xdcfd958482fBDa9e740eF3846e18232A2dE20aDC,USDC,16.000000,0.000000
0xdd09D7A9C685C89a46Ee7b76Dd6c542F98B72753,USDC,16.000000,16.000000
0xdd463a615594C53129779C2D4698065f0aaE082F,USDT,40.090000,0.000000
0xdd5bE76bB4762114dfd7f716887ddF2B3EBC24d0,MAG7.SSI,5.000000,5.000000
0xdd8e4952E417673ac1661a4ED0A5818892a2bfcE,USDC,41.500000,0.000000
0xddC050f5C784baB7D903c5AD561808b14B51A903,USDC,38.500000,38.435607
0xddeCe689bC388a1beF8c44F843CC0cF26CE8d911,USDC,49.700000,167.108602
0xde12A3E1131A23CEDAf90b19BD5c520183EAed4D,SMAG7.SSI,32.460500,32.460500
0xde1c07fc8da8988FE797cc2d995ae0D8499303a4,SMAG7.SSI,38.500000,38.500000
0xde656CA2fFC9AAB23Ab9EFD6E4185A34a73B06B9,USDC,369.360363,61.283842
0xde7ED2924480Ec6E80F2d1f474EEa70174A459d5,USDC,15.100000,15.506423
0xde90221381bcb9724FB9407d1766e6a18360E054,MAG7.SSI,15.094000,0.000000
0xde9A87D4aB72ABdb008422d1B5EE2462451F2726,USDC,11.972205,0.000000
0xdeB3a44FEf2afa592731E5102FACD6C023e2E44a,USDC,76.614298,75.987842
0xdeCBd721296C40C8A1b4aF050321fFd034513730,USDC,77.177242,76.209085
0xded81d5342ED7E5409D484E0b5A678938f517DFA,USDC,97.900029,100.144616
0xdee3f3d27d6E8b7Cb0364a27B3460AbfC45d301c,SMAG7.SSI,41.960500,41.960500
0xdef46616d9aF86C2A146D43306F089C54A3fd4B5,USDC,15.000000,0.000000
0xdf29cD0cCdcaA065e72BD95B33650f04e737a68d,USDC,200.000000,187.787068
0xdf75b82c9C3Bc676B97a581251e821dD689fbAE9,USDC,57.000000,15.479426
0xdf779adf42D9a5779567561Ccb40D602A9e00e5c,USDC,200.000000,184.345241
0xdfA8Cc53827eb8E06F9a3C148bD02Be7833d1B55,MAG7.SSI,30.414665,0.000000
0xdfD32a9F1DB031d8dcc83ec25433eaDeb48D6317,SOSO,3.057297,0.000000
0xdfD32a9F1DB031d8dcc83ec25433eaDeb48D6317,USDC,0.000000,38.224397
0xdfDFf34B39D3CE1a71cDb6B323c6faD31Dc3e4EB,MAG7.SSI,10.381100,0.000000
0xdfDFf34B39D3CE1a71cDb6B323c6faD31Dc3e4EB,SOSO,29.117417,0.000000
0xdfDFf34B39D3CE1a71cDb6B323c6faD31Dc3e4EB,USDC,21.882328,0.000000
0xdfE5A55df93017BC8DDCc87b917889422976770a,USDC,39.000000,0.000000
0xdfbf686639532528c90C20540b2301207ff632E5,USDC,41.500000,0.000000
0xdfe9C42d1e7055f84fad88cB9E99c3EA53BbACE9,USDC,41.190000,0.000000
0xe0058bC0C75068bA3433C1A1De6149A84A907593,MAG7.SSI,81.033586,80.961586
0xe013D80Fe10BF118dDB676164CF058d5C36316cf,MAG7.SSI,0.000000,15.019036
0xe013D80Fe10BF118dDB676164CF058d5C36316cf,USDC,72.757329,65.157329
0xe01720594F5EbF95c2049F41AaAd86F3DAdbc40A,MAG7.SSI,78.116975,78.038775
0xe01AB641C91333D6644aa4344ECf8086feb3C59c,ETH,0.003000,0.002895
0xe02B2edac68EfbcF345bFF1E7543E76c2ab3e38e,SMAG7.SSI,16.723700,0.000000
0xe03A4470fc66D7fdaE9A98f3AdE178F35957C378,ETH,0.038319,0.037610
0xe047e82B193323D3eF7Af24BFD8d88bcA6B7b035,USDC,15.102408,0.000000
0xe054086F96f9d5AAa1CA119f801b8e2f9f892194,USDC,518.512500,426.984640
0xe078F30C0A240C41F3BCbA07f51bF2E5A4482a93,USDC,16.000000,0.000000
0xe07b82BB69966E2e5Ae3D822A1a7647eb2d08230,USDC,15.016900,0.000000
0xe07b8E74344e923F34ad638840aBF30725Dd7daf,USDC,169.852803,157.445470
0xe081da00b75da37a0A76d047D226c34135E4d5bb,USDC,38.000000,40.576812
0xe088A6Ea1DB023ceEF8Ff14F5880578ebF8b9003,USDC,28.694000,0.000000
0xe09f55412077731C81fB9cdA957eB3b34d68F5e1,USDC,38.970000,38.529078
0xe0A2477a47960D6F7732904f27fe53037Ee43594,USDC,15.100000,0.000000
0xe0B72DCa136475feBA0177eD5c1d789DB0B1e189,USDC,15.009800,0.000000
0xe0Ca3ed5b7aEdAabB59afa2dfa49e59BCDC79948,USDC,39.985932,41.604968
0xe0FA81F78d17CbfEee0b6aa2b0a6760ca3030c98,USDC,36.200000,28.620000
0xe0a0aB7F2C29295ef504b1Dccb230B8267E5f89b,MAG7.SSI,301.000000,0.000000
0xe0a0aB7F2C29295ef504b1Dccb230B8267E5f89b,SOSO,36.644000,0.000000
0xe0a0aB7F2C29295ef504b1Dccb230B8267E5f89b,USDC,82.880000,132.861781
0xe0a0aB7F2C29295ef504b1Dccb230B8267E5f89b,USDT,955.104000,0.000000
0xe0a52C20Ff7D883b5c99F165dA894a3CD2EcF7B1,USDC,38.000000,40.454308
0xe0aBf56dA229744620E17CBeb6E450508c9e2C6c,USDC,15.021200,0.000000
0xe0b58A7081dCb8d426bCd4545EDF21bc95025801,ETH,0.006674,0.005372
0xe0c6255451359Dfd6597ffb0c0F45AA34F7c72A7,USDC,557.702100,465.984640
0xe11B0853b59be402E6C3921F4bae6A5b5CA7b473,USDC,924.171777,913.177913
0xe1226EA4478560B21bE3f4e65f45927Ec60feF2b,MAG7.SSI,0.000000,15.005230
0xe1226EA4478560B21bE3f4e65f45927Ec60feF2b,USDC,7.800000,0.000000
0xe123a3AebA45e84BC5CBe82C1e449b977fe17CF2,USDC,15.390000,0.000000
0xe125122dC195110B98543A025F69c6974C4b3C92,SMAG7.SSI,30.347700,30.347700
0xe125122dC195110B98543A025F69c6974C4b3C92,USDC,155.000000,0.000000
0xe135c260D1774b86deAFC724e11b607eBB8d55dD,USDC,15.360000,0.000000
0xe13688abcD07c059c62E227D0F8a68071BA9FA14,USDC,10.000000,10.555933
0xe13991A0adc3591239B25F5F78A31E08787c0B81,USDC,39.398132,41.765527
0xe16EB767E92c7048bC720e45E5782BE508fef38E,USDC,132.209339,0.000000
0xe17eF79c443594AE41BaC12414092Ed00eA4f840,ETH,0.010058,0.005654
0xe1CEEa8EfAf7Fb973cB65653Caa7Dd3d59283F25,USDC,30.000000,0.000000
0xe1CF7de054f39d2dEffba88C108890bd4Ba8d539,SOL,0.059995,0.000000
0xe1CF7de054f39d2dEffba88C108890bd4Ba8d539,USDC,10.981082,0.000000
0xe1DCba636A243eA31CFb0608bD83BE48c4884BCD,USDC,15.270000,0.000000
0xe1a86ec356B462c4641cbf078c887C8883926343,USDC,15.007700,0.000000
0xe1d0FDDB0191A38eDa0E5194Ff654c2021946303,USDC,15.000000,0.000000
0xe1d4650c472d8bB82f03C12F368B657e39aBC284,USDC,37.000000,42.164941
0xe2116f3e61FC8A488cB1A644A8CaC188e2272889,USDC,31.010900,0.000000
0xe22816E6deD5c78e1D2188b8A9a420516B0E932F,BNB,0.069700,0.000000
0xe22816E6deD5c78e1D2188b8A9a420516B0E932F,SOSO,30.000000,0.000000
0xe22816E6deD5c78e1D2188b8A9a420516B0E932F,USDC,18.484103,11.000000
0xe22C3570B9c44bB3A9A50F80FbBE7346De32942D,USDC,37.733000,41.340095
0xe23924E164d80aD4badaC85D077859294faE18B4,MAG7.SSI,1569.108801,0.000000
0xe23924E164d80aD4badaC85D077859294faE18B4,SMAG7.SSI,326.869800,0.000000
0xe23924E164d80aD4badaC85D077859294faE18B4,SSOSO,202.444600,0.000000
0xe23924E164d80aD4badaC85D077859294faE18B4,USDC,3270.258180,102.000000
0xe23924E164d80aD4badaC85D077859294faE18B4,USDT,13.408014,0.000000
0xe23A8DEc8215712050753cEEa2ab82fB0c5D591C,USDC,15.123000,0.000000
0xe246A4a2B4fdE60530C9148Fb3BC83cBe97EED77,MAG7.SSI,15.759700,0.000000
0xe246A4a2B4fdE60530C9148Fb3BC83cBe97EED77,USDC,0.000000,8.085101
0xe25517b170E93893aDDD9F9B35eF8D9580033A70,USDC,229.000000,226.852096
0xe26aFecB8136F3B2Ae0352e6Bb4a1675381f5a77,USDC,15.300000,15.627288
0xe26e4d8FDF5103602Eb6bA211d02871BD0b13A19,USDC,15.010000,56.012167
0xe26e4d8FDF5103602Eb6bA211d02871BD0b13A19,USDT,38.000000,0.000000
0xe278D6896395BFc74a1c291fdF1eA88af1cd1EaE,USDC,20.000000,20.057526
0xe27E29BD1438295c5a97A26d6550f57CCfeced35,USDC,573.633200,505.000000
0xe2889Fd9037a7318d49Edaf41814A550377DA1F2,USDC,15.002500,0.000000
0xe28BD52732AF08F32713685573EdE926fC9c610A,USDC,134.475578,0.000000
0xe28E7C6e92EcFf9cbaFD37340eC3D163caCf4A93,MAG7.SSI,0.000000,99.727826
0xe28E7C6e92EcFf9cbaFD37340eC3D163caCf4A93,USDC,50.000000,0.000000
0xe29061Ec0F86Bf985553eAc139D9051578f796f2,ETH,0.048309,0.014797
0xe29061Ec0F86Bf985553eAc139D9051578f796f2,USDC,200.990809,59.549150
0xe29061Ec0F86Bf985553eAc139D9051578f796f2,USDT,27.715691,0.000000
0xe293B8ACB44e4197AFC41521B68c4d1d0Dd49de1,USDC,39.500000,42.174280
0xe2A6123a29029C7DE78A51e068F7344B1E5Fa114,ETH,0.003000,0.002895
0xe2B27050e6f0221085EB53BDA728110Df8eEfeD6,USDC,39.820000,0.000000
0xe2F6D260367BF4e78de697f4bF08fa1d1a9445Fa,USDC,40.171260,0.000000
0xe2a178678c2E0393e5c9aB946e464d9F515d61EE,USDC,39.618668,42.223962
0xe2a178678c2E0393e5c9aB946e464d9F515d61EE,USDT,38.000000,38.000000
0xe2d101a9c503b6a9216152133917067a454109Bf,BNB,0.014746,0.000000
0xe2d101a9c503b6a9216152133917067a454109Bf,SOL,0.072898,0.137849
0xe2d9C8a247c6bF98E56BBD82B5B293E6a15bbe39,SSOSO,13.427500,0.000000
0xe2d9C8a247c6bF98E56BBD82B5B293E6a15bbe39,USDC,10332.081674,9358.001433
0xe2e28EA26070c0AB225eA4592Adc9f4bA6d0c221,USDC,15.029200,0.000000
0xe2f8Dcc7581FA3c6608079D67f2648e421dC84b4,ETH,0.003000,0.002895
0xe30E159118457b4Ba2b1EEeb0599F24E83ecc030,USDC,115.500000,105.892464
0xe311014C1Ff070c815599dbB2A4c157404db8215,SMAG7.SSI,30.000000,30.000000
0xe313B2FBe207F08BC9D86c281c6D9f64dF07f880,MAG7.SSI,15.000000,0.000000
0xe3238E248d5E230B1C460300C9994ce8b8A6A602,USDC,15.018000,0.000000
0xe323A6A565c484bC62ad12C1C331E0eF64b97B5C,BNB,0.025000,0.025000
0xe33748d9f6D33B1edF25E37376421Df80f7cb293,USDC,112.182455,109.986009
0xe3381E3fF490858913aeA5958fA0E6820e69f95e,USDC,38.200000,38.180785
0xe36feC301eA8745e9aaa111e571bFB764A6Ffea9,USDC,20.000000,20.000000
0xe37443C37aaDa26c8D78d7481d67Ab2e5ba1606b,USDC,104.200000,103.546739
0xe3839eAd15651254A6f0605Eec4403852fc59C58,USDC,15.000000,0.000000
0xe384B79E22dC4506403B6715849F7BDA6428b807,USDC,21.609138,0.000000
0xe38e07CD43D1A5f0e06e17BA3814c58c1e2f0e61,USDC,750.000000,742.895000
0xe3A9dfCd9A8391F396B1021D967B7dc239B5d534,USDC,577.437900,485.984640
0xe3B58F7c5DC43dd9F85c6dDc91CC0de5761caB63,USDC,17.004055,0.000000
0xe3E1181C4f259d9B1ec0f1f27E837f2888928428,USDC,888.155820,877.521314
0xe3E4973FA44C2C8822f24077e89323Ca3E1779dc,USDC,300.000000,289.128752
0xe3af998ba2C3825C8d03cf564Baf349494d8088b,MAG7.SSI,0.000000,6535.000000
0xe3af998ba2C3825C8d03cf564Baf349494d8088b,SMAG7.SSI,6575.627200,0.000000
0xe3af998ba2C3825C8d03cf564Baf349494d8088b,SOSO,10.000000,0.000000
0xe3c5bAB1cb2154F5cF15d0EE6600e185EcC3A5b0,SMAG7.SSI,11.873600,0.000000
0xe411f8d21a394Bf001A981817594a7c0E9cB7F8B,USDC,0.000000,6.968341
0xe411f8d21a394Bf001A981817594a7c0E9cB7F8B,USDT,15.000000,0.000000
0xe42AaEaF1Db71316A4052eb5A02eC667aEB7350c,USDC,41.429495,66.798341
0xe43463ef2C917994Cc90d759F6248748785CAefe,USDC,15.023800,0.000000
0xe43473E114cfB14b0cb6aE49be94eFc7427bf121,USDC,49.800000,0.000000
0xe44b33d1D033a5809979310Ef53a0c3b7C054281,MAG7.SSI,15.049000,0.000000
0xe44d9622353C712b045Fe40cDaE70aE5Ab0fA26c,USDC,40.409989,38.202732
0xe4552Ac2F6247Da8bFd561563Ed059d6Fd778360,USDC,49.800000,0.000000
0xe45Bc64BD080BED8aAC1e43A93e9e30517530d97,USDC,39.758100,0.000000
0xe4831603425eeEd6338Ae0FE397A4Fcb187D8550,SOSO,7.959556,0.000000
0xe4831603425eeEd6338Ae0FE397A4Fcb187D8550,USDC,100.110000,62.271914
0xe49D0d8CF01Ea366D804CC84738A768F0b8b175e,ETH,0.003200,0.000000
0xe49D0d8CF01Ea366D804CC84738A768F0b8b175e,SOL,0.180000,0.000000
0xe49D0d8CF01Ea366D804CC84738A768F0b8b175e,SUI,4.500000,0.000000
0xe49D0d8CF01Ea366D804CC84738A768F0b8b175e,USDC,134.628798,218.077550
0xe49D0d8CF01Ea366D804CC84738A768F0b8b175e,USDT,80.435089,0.000000
0xe4CC0aDCE062123aC54427E91Fc12e532791A76f,USDC,35.000000,24.533130
0xe4FbC5B02f59740DBC548fB44d1B65B3609cdBB1,MAG7.SSI,20.000000,0.000000
0xe4FbC5B02f59740DBC548fB44d1B65B3609cdBB1,USDC,18000.000000,10480.221424
0xe4b6A84B5Fe2Cd25014771Fe0507302A0Ea5F3eC,USDC,15.895700,0.000000
0xe4c71067d51C57F772837F9E9BeC28049f8aa238,USDC,39.951100,0.000000
0xe4e615AAec80Ba7ccC9ad7b49aA7a82F62CD1a83,USDC,15.003700,0.000000
0xe506c1eF28eA7F359Ef26F0bB94259B5FE239AA8,USDC,15.018200,0.000000
0xe50FF64568b1F50dCDD5604Bc75212dcb28e5e41,USDC,45.159358,42.000000
0xe52bcA0A8068aa669D1D8e091A9c028886F39Fb6,USDC,59.200000,86.627099
0xe530e2b065C09e0bE02018c3553FdB93303c6Cd3,USDC,1989.000000,1990.639000
0xe54283c786497c7F7426478488b36C9705734975,BNB,0.000000,0.015996
0xe54283c786497c7F7426478488b36C9705734975,ETH,0.276892,0.257100
0xe54283c786497c7F7426478488b36C9705734975,SOL,0.000000,0.282643
0xe54283c786497c7F7426478488b36C9705734975,SUI,225.849440,13.199320
0xe54283c786497c7F7426478488b36C9705734975,USDC,344.187740,580.703532
0xe54283c786497c7F7426478488b36C9705734975,USDT,126.340616,0.000000
0xe5508CdAEA98C18A5B0307035e5655e2D2c1F02c,USDC,1021.761209,1011.386605
0xe55B45fB98c86848B1Ca0cf78328f5a17c961179,MAG7.SSI,10.049921,10.016417
0xe5651fe883e4E47b9e65196ACDb10FA9d4dB2104,USDC,15.000000,0.000000
0xe5820c7f8D8B551EC7b8cD421b3461E66c56d5De,USDC,16.000000,0.000000
0xe5990EAc555a01ef0C6DFFC03815C6fDa342B6DC,MAG7.SSI,75.427400,75.534400
0xe5F59CEc35bDcB2C7290f1757dfFF1d64d0823B0,USDC,16.000000,0.000000
0xe5b44def271A507a2fcDaE970b3809c56DD9AE15,USDC,16.000000,0.000000
0xe5e4e61EF9962e5fee8733CC9F41866177087a96,USDC,816.153748,805.839117
0xe603f28FFAE3220149d6A574e82C6560aeE8534C,USDC,41.800000,0.000000
0xe6123d05Be931A6cC45f02058aE5726915d07b5F,USDC,40.033978,0.000000
0xe61474Cf9E7b869EfDC6EB22bD32eb6C0364F76f,USDC,15.900000,0.000000
0xe619D091233580cc171E4AFDaD94D98c16Fd5a0C,ETH,0.010000,0.000000
0xe619D091233580cc171E4AFDaD94D98c16Fd5a0C,MAG7.SSI,43.121302,44.121302
0xe619D091233580cc171E4AFDaD94D98c16Fd5a0C,USDC,0.000000,21.960127
0xe629Fe14d66559b3356ea55843a64406fF141706,USDC,15.300000,15.563864
0xe62A1856b51715Ad57f56212ddc937a4cd7b7567,MAG7.SSI,0.000000,15.005230
0xe62A1856b51715Ad57f56212ddc937a4cd7b7567,USDC,7.800000,0.000000
0xe62E9d36AeCb961Aeeb7ca070e6411120F38Adc0,USDC,16.000000,0.000000
0xe6473C563eF2db22D3000E275c26a3d59C14B1Ce,USDC,39.820000,0.000000
0xe64A1Ea1f61fab3c81272E0c9d8d91bCb65adDb3,USDC,25.900000,0.000000
0xe6554945CF76813bFC24319f16CA314070c01af0,USDC,100.000000,101.132185
0xe662D3388b20E402E5F8b0691F11a422D645bfc1,USDC,16.000000,0.000000
0xe6642DfdFE035bFBaAe9cFceC726Fd5A73e537fd,USDC,49.800000,0.000000
0xe6706d9a31Cce29CD3Fab2b9e7d0defeBC4B4794,USDC,16.000000,0.000000
0xe674A339621A2a78514FC078f499509d50d848C0,USDC,123.850029,0.000000
0xe6851c10CD6c5c79E49D2b9cD13506e7F6Ca34b9,USDC,39.460000,0.000000
0xe68FB3bEbAC21f56E328265d87B034280A8f95b3,MAG7.SSI,0.000000,95.319500
0xe68FB3bEbAC21f56E328265d87B034280A8f95b3,SMAG7.SSI,95.677000,0.000000
0xe68FB3bEbAC21f56E328265d87B034280A8f95b3,USDC,0.000000,9.293469
0xe6908fd51de7dA432f1098255380Fb7de54F59AE,USDC,15.022400,0.000000
0xe69fB7072abd78421c9e48692d14A57E2f96ACd9,USDC,181.821024,172.349681
0xe6A0625dda9472FF2aB998b92050bbd607f18D87,USDC,16.000000,14.100816
0xe6A8DCb5b946288629E16250660E60b1acBE42E4,USDC,20.000000,0.000000
0xe6B1Cc99138886Bc6b4cE5442Da7A04a1cE82507,USDC,18.000000,0.000000
0xe6CF0fFddfB3dC95DCA8d093c0706E1FbC189cF3,USDC,40.000000,38.674352
0xe6Fc90cC202020054d3B2034adE6D088c69F5E9B,ETH,0.003000,0.000000
0xe6Fc90cC202020054d3B2034adE6D088c69F5E9B,USDC,76.583414,0.000000
0xe6c8eA3baF3Ae806670004640DCaD39aE5151435,USDC,46.357737,0.000000
0xe6c8eA3baF3Ae806670004640DCaD39aE5151435,USDT,20.901700,20.901700
0xe6d3474310Ff037f3788A233a7526eEEED93397a,SMAG7.SSI,115.573400,0.000000
0xe7021C6e32f184F965744eDDd06aa26b407FA549,MAG7.SSI,0.000000,300.453299
0xe7021C6e32f184F965744eDDd06aa26b407FA549,USDC,150.872680,0.000000
0xe72f689c8D4B49A0088FDDCa82309E0fa9db80a0,USDC,161.703985,171.773340
0xe734A36eeC01ac439AeF5Ee293A286C5F1b65a54,MAG7.SSI,0.000000,102.232410
0xe734A36eeC01ac439AeF5Ee293A286C5F1b65a54,USDC,51.000000,0.000000
0xe73D5D5F8d33979f097EAc553513904E6F5fdbdA,ETH,0.200000,0.000000
0xe73D5D5F8d33979f097EAc553513904E6F5fdbdA,USDC,300.000000,0.000000
0xe7788d58CE781A0582fBAa73E3881BD9fe0026a6,USDC,38.000000,37.933805
0xe7839108218E90eE064B47A10a27293E8D455D86,USDC,15.000000,15.365018
0xe7A86F626FECE14ecBeC36c01D48a0Fc0f0dde4c,USDC,94.736195,94.225049
0xe7AC33D171a15e6384c94760757064D839f1e09D,USDC,1969.000000,1962.867434
0xe7B4CcFB5E247eF6c4c2052E0C846CFC4072742a,USDC,15.150000,0.000000
0xe7B9309287F456Cba589C9AdC135309D8023Cad6,MAG7.SSI,0.000000,80.239515
0xe7B9309287F456Cba589C9AdC135309D8023Cad6,USDC,40.000000,0.000000
0xe7CE6c0bD0f6cFe6DC122FD9239e6701AC70bB16,MAG7.SSI,76.000000,75.920000
0xe7E0AFACA493aEA03a3C7af6143A9d4b58c9d80C,USDC,76.380422,75.395372
0xe7ac28C02DD125249E02650Be880C99Ec47fC8F3,USDC,39.979100,0.000000
0xe7c261FCB9011b19d3ceBea4F5DA4283129D3312,USDC,15.007000,0.000000
0xe7fbA4A1F4ba87419328B44bE4BFf479910F0086,MAG7.SSI,76.140600,76.064400
0xe7fe160d6C0431b67e6750E707Fd71193fe929Ff,USDC,15.008800,0.000000
0xe8025737CfBe8b5A205e0ADa3Fa2278EFdef1A9E,USDC,15.026200,0.000000
0xe81958D1D74869d0E845d4C878A837b815A36459,USDC,37.270000,40.787715
0xe82695DB429433992C42c1845fEd8Ac28494C1F8,USDC,65.948636,24.214728
0xe831Fd0d4DAf1FFeDfEdBD73883ca3FA90947CF1,MAG7.SSI,77.287056,77.209656
0xe83E07c527248086E9bBfdE8F54302Da415285F3,USDC,82.582704,82.582704
0xe86CD117f8fe67C22bAb584d3c6502efbf3630c4,USDC,15.007600,0.000000
0xe8840cce1F7d2dEcE94832217Ad843D7aB3DcE4F,USDC,171.312298,184.942816
0xe8840cce1F7d2dEcE94832217Ad843D7aB3DcE4F,USDT,9.990000,0.000000
0xe885393a42dB9CCeE2C2377D46c1C620bFBe8dE2,USDC,39.900000,42.253489
0xe8895C92De6890e814CF5cEedce011cd50964425,USDC,7.960000,0.000000
0xe88c3BDE5E9aEA60db1B3776311BfdC5476A3C3E,MAG7.SSI,32.000000,0.000000
0xe8Af2757C5dB9B318702E98F2fE3fc1584899669,USDC,6.000000,0.000000
0xe8BC358aa89F500eb512b371c5268B3FA729CA35,ETH,0.011727,0.004524
0xe8BC358aa89F500eb512b371c5268B3FA729CA35,MAG7.SSI,0.000000,12.337689
0xe8BC358aa89F500eb512b371c5268B3FA729CA35,SOSO,65.320806,0.000000
0xe8C56366D40CaA3FAA6e82c6780835b5591a09Ef,USDC,39.966100,0.000000
0xe8D228B800F7C261700e5A42e765a8DA3983B0d7,ETH,0.080000,0.000000
0xe8D228B800F7C261700e5A42e765a8DA3983B0d7,USDC,489.555139,0.000000
0xe8Ec8f9A9Dc738CB4eBed743F4B55a60Bb39d7ca,USDC,2685.411343,1032.000000
0xe8Ec8f9A9Dc738CB4eBed743F4B55a60Bb39d7ca,USDT,112.900000,0.000000
0xe8a6ABD7b1f0c440aC999dA8364FB944158F6883,MAG7.SSI,75.337068,75.261568
0xe90AEC2D511A6E973DcFBe8d06396b2d49B3881B,USDC,1143.685367,1133.727163
0xe91a4A701f23B64C0282D8A1e319849b7E723E82,USDC,41.000000,44.299917
0xe922729782e5a0870b6DDc62ea032012a6A18290,USDC,57.000000,15.469840
0xe9378E03e979b43DA8d3cB3C2a296f448A591E81,USDC,95.333381,92.819725
0xe93A3AB7c0A0bf65819b831CF46634B874c1bDA9,MAG7.SSI,15.172222,15.172222
0xe93A3AB7c0A0bf65819b831CF46634B874c1bDA9,SMAG7.SSI,14.666500,0.000000
0xe93A3AB7c0A0bf65819b831CF46634B874c1bDA9,USDC,80.900039,96.569227
0xe94A0a2517670Aec9fe19783F35CeC8889760F8F,USDC,635.343847,628.025709
0xe94b8F782b9ae7B6782F9f95A3c9e97c45e618Dd,USDC,265.000000,263.230000
0xe94e45944eAaeD6Fa6E93Cd19956f506a99e935A,ETH,0.004000,0.000000
0xe94e45944eAaeD6Fa6E93Cd19956f506a99e935A,USDC,114.410477,65.539065
0xe9519A537978e12285B2FAE04F061109a616c36A,ETH,0.039000,0.004095
0xe9519A537978e12285B2FAE04F061109a616c36A,USDC,19.000000,54.068776
0xe951dB6ca544164E131c271993368103FD76796A,ETH,0.016919,0.000000
0xe951dB6ca544164E131c271993368103FD76796A,SOL,0.098038,0.463694
0xe951dB6ca544164E131c271993368103FD76796A,USDC,5.466595,0.000000
0xe9593C087Fe47F3d9691f05aF2aD6Dc3883d81b1,USDC,19.999629,0.000000
0xe95B954ce818F15A640d66AA62028E5477B6EaED,USDC,110.850029,0.000000
0xe967D96910BccA2e66C3464F7F453eFac505910a,MAG7.SSI,15.105800,0.000000
0xe975B48eC2D18A5eEEC0D9Dee223CCb93945A867,USDC,631.525415,596.272683
0xe9AE1e33C837e3C13ba67039b8A9d8c6dcA92AA0,USDC,287.927320,272.749863
0xe9D6EE3900624D3fDA4A5d7d49a9B7A145668FA1,SMAG7.SSI,401.120400,200.610200
0xe9D6EE3900624D3fDA4A5d7d49a9B7A145668FA1,SOSO,92.723700,0.000000
0xe9D6EE3900624D3fDA4A5d7d49a9B7A145668FA1,USDC,155.500000,0.000000
0xe9b622e160a779bfC8E7595c30dFe6632bBaa20a,USDC,39.567000,41.199479
0xe9d6ef82B9eDee509577d4fb2a23Ac0155310037,USDC,37.000000,42.361949
0xeA0889F3790E78a7FC36c484814617bD02391758,USDC,283.232727,7.353809
0xeA0889F3790E78a7FC36c484814617bD02391758,USDT,15.090000,15.090000
0xeA2e5Bd188686f3eE44928623462D774E30D19BE,SMAG7.SSI,76.981700,0.000000
0xeA3Fb51507584B651D19922B108863F39FaAA6c5,SOL,0.103985,0.000000
0xeA3Fb51507584B651D19922B108863F39FaAA6c5,USDC,8.100000,0.000000
0xeA58DED24269031c0B54167346E51bd8a550bA1e,SOSO,39.573696,0.000000
0xeA95556cAA11f7F30D4f0B2e5548265c70230925,USDC,50.000000,0.000000
0xeAB5110a8e36e0F1aCC90dE5C1D809556A3BDe2F,SMAG7.SSI,43.000000,43.000000
0xeAB5Ec31Ba78306e4501437f38f7B82Ae5c07b21,USDC,20.459194,20.459194
0xeACD76a2e4c4E07DA4521b1c22897fb832F7a36b,USDC,36.800000,0.000000
0xeAc3C1b961689e70c9B1e42b73D4e1678Ca1380A,USDC,41.000000,0.000000
0xeAeA325102a5169fcaa896266Bf18A9dd574DC47,USDC,15.000000,15.312176
0xeAf8A9C970fE5a888363EbE3b0a4fA1c2fBfF0b3,USDC,101.008921,100.433216
0xeB0Fe049e8a22b1b3F4aBcC51c19190Ae8DFE157,USDC,15.577892,6.198090
0xeB19A6B6E800A23398BA3838F7F97e7F03d236B5,USDC,49.800000,0.000000
0xeB1Fa9A111f1AcBF04bE2158849c91788CE7AFf6,MAG7.SSI,20.974858,0.000000
0xeB1Fa9A111f1AcBF04bE2158849c91788CE7AFf6,SMAG7.SSI,117.641700,0.000000
0xeB1Fa9A111f1AcBF04bE2158849c91788CE7AFf6,USDC,325.000000,0.000000
0xeB3374318C37b3CFabF5990F9824E99C7C5a454A,USDC,20.962701,16.099854
0xeB39848840D4dc52de1289225C09DFC43C18a707,USDC,39.854100,0.000000
0xeB52a67ef4CDFadeb27Dbf310135D62699980E92,USDC,15.000000,12.804589
0xeB5F4B4eD22490A313603b879b9e9E34d82e71b9,USDC,39.990100,0.000000
0xeB6b65DEc9E1D03dE5ff885775546Cf60a26f390,ETH,0.007738,0.000000
0xeB6b65DEc9E1D03dE5ff885775546Cf60a26f390,MAG7.SSI,0.000000,33.589834
0xeB7fBC46250980567fcFd90A05De1F6EBf8703e3,USDC,15.763245,6.030734
0xeB8F07925d028F47056CAca97B28AE8ecDcb6dCc,ETH,0.004230,0.004498
0xeB8F07925d028F47056CAca97B28AE8ecDcb6dCc,SOSO,11.000000,0.000000
0xeB8F07925d028F47056CAca97B28AE8ecDcb6dCc,USDC,59.500281,34.960649
0xeBB639F9e17b8cf184E4E0874a8239e008872478,USDC,41.306700,0.000000
0xeBD5F0763D46a9e9F9c82404b6Ad3ee0788Fd662,USDC,100.000000,88.251073
0xeBF8bc1D9e033edBbB0964862Eda766eC08eA31b,USDC,299.809156,0.000000
0xeBF8bc1D9e033edBbB0964862Eda766eC08eA31b,USDT,60.000000,0.000000
0xeBb255c0Bee868A285Cb7e48bFa39589F91d176E,MAG7.SSI,75.000000,0.000000
0xeBb255c0Bee868A285Cb7e48bFa39589F91d176E,USDC,896.348471,888.328978
0xeBd42fAAF5408E269746aF84FD67f924f94c39A6,USDC,15.000000,15.318216
0xeC2D36E4fb93C0CAca9E04046Fb6AF5f3543a2A7,USDC,34.914170,49.857388
0xeC3d62daF846c338FF5025CF8fbd385b9d350c6F,USDC,194.563392,225.501997
0xeC42775Fe7257741F14A8dfb7822f6b412d8A6E2,USDC,200.000000,190.502145
0xeCC1e231B80918b3Be67ffF5fb9af7384Cb9FA7D,SMAG7.SSI,1090.815700,0.000000
0xeCC1e231B80918b3Be67ffF5fb9af7384Cb9FA7D,SOSO,10.000000,0.000000
0xeCC1e231B80918b3Be67ffF5fb9af7384Cb9FA7D,USDC,0.000000,128.572587
0xeCbcF72dF1585De80003bF5027Fa7f305b086545,USDC,689.842424,114.040519
0xeCe04F686D6f6F352f381CB0eCE0F77946aAb601,SMAG7.SSI,371.769500,0.000000
0xeCe04F686D6f6F352f381CB0eCE0F77946aAb601,USDC,50.000000,83.327414
0xeD15138A3d4386552489c0a82d00E04D5a57e73A,ETH,0.000000,0.006895
0xeD15138A3d4386552489c0a82d00E04D5a57e73A,USDC,548.773577,546.740191
0xeD61686187312cCd9d31Ce35A89b733A7e3e4fDE,USDC,41.360000,0.000000
0xeD8Ca8e5ced4F3C9683A63aF323e840f365Efe55,USDC,15.025400,0.000000
0xeD9bA27FC421260a77FfF4fbB13ceF2274172A78,USDC,5.100000,0.000000
0xeDE555F6aa3F09fE0Da0C7296B7867e0eb31092f,USDC,5.500000,0.000000
0xeDEE6bB74d99Cf206c4c65cb299ea60f2c2F8026,ETH,0.003000,0.002895
0xeDEbDbecC829e6ECd5D81F37a27357b355B10486,USDC,50.000000,50.000000
0xeDc43f38955F168E1Ad3dDE491cfd5Bcc923041c,USDC,15.006700,0.000000
0xeDe808790784fAC38A047D69b78522D35fcfe192,USDC,15.006600,0.000000
0xeDeaeA8c2958A6ee7603b8e6242ce6393Afc3D4f,USDC,156.445470,142.306055
0xeE1afc0Cd408dF79fa6479cf6340c8441D5ccDa0,ETH,0.003000,0.000000
0xeE1afc0Cd408dF79fa6479cf6340c8441D5ccDa0,USDC,170.232468,0.000000
0xeE25DFbC67Fd6e8772C71500139D914bFa519417,USDC,39.000000,41.028538
0xeE3Fc2AFDb3c48f1b32ff7dd661C141b5CB24165,USDC,95.161538,94.445537
0xeE5047B6Ab2e42d70102eB4B54659F56b0B594C6,USDC,309.800000,295.820590
0xeE86C8CCB22a907BaAB29C5f6094569479bC5e46,USDC,17.459194,17.459194
0xeE90C7C2761FA0ed490F1f7D868330167b537C1F,USDC,24.950000,0.000000
0xeE9A5B60119afB40D2AAdAa6f046751cfA643ba3,USDC,23.460000,34.208853
0xeF001b8340c48D1033b2fa9d9C923EB54311B9b8,USDC,39.858100,0.000000
0xeF0Bb418B2BD317777E9806A5912A87933aD61Fe,USDC,90.582014,90.582014
0xeFC82a52790dE37aB3e2f87a1eB38F8D463307C6,MAG7.SSI,20.000000,0.000000
0xeFC82a52790dE37aB3e2f87a1eB38F8D463307C6,USDC,29.564614,39.602135
0xeFCA0DFCA252Cf7aaf1aB469D1230BC42a386ae4,USDC,15.014700,0.000000
0xeFD9e98aB6306d383AeF6732b8f50aab5b7B2895,USDC,41.690000,0.000000
0xeFE468c8EF4cdb5EBdd470D7f607bddaFD0d459E,USDC,61.894657,59.496775
0xea1aDFE378E9641de0ceA51691c5C5c773F7ebf9,USDC,37.099000,40.661668
0xea28CA1ec339e994933a2a0B141f1CfEf4C39f9D,USDC,39.953100,0.000000
0xea3ba4C0266A19a6658bB8F0ED5109b9c0DB3aCf,MAG7.SSI,166.175504,163.245504
0xea9d72A8F3f2954f948D774a983eBF96d6Ac285f,USDC,15.220000,0.000000
0xeaAd5477C6eb2208bF3Ce392De0a7D5EB560b900,USDC,41.158022,42.346571
0xeaC9b5835FD9AbFBB093b9217Fcb22501754A648,MAG7.SSI,0.000000,75.105800
0xeaC9b5835FD9AbFBB093b9217Fcb22501754A648,USDC,41.100000,0.000000
0xeaD693eF849aCD64550Ae328FB4e61D7323cf8fF,USDC,23.100086,20.236905
0xeaDEbFaA9A945Ad2F3F26508e9a6AF047F0B9005,USDC,20.000000,20.000000
0xeaF477d9AC79F2db9b1e06d47eF240441a7A93c1,USDC,19.567035,29.856456
0xeaF477d9AC79F2db9b1e06d47eF240441a7A93c1,USDT,60.200000,0.000000
0xeac62F39f063B5EBf240754B028c7169c0450c93,SMAG7.SSI,637.322500,0.000000
0xeac62F39f063B5EBf240754B028c7169c0450c93,USDC,921.954230,0.000000
0xeacA0b9e1525c0F77095e1850ae8c247517769a8,USDC,39.963100,0.000000
0xeadB480ab79Ec49f065aFC7d3739779645083aB8,MAG7.SSI,75.542942,75.542942
0xeb04fC566e89C7A4BcC4cd8F263715D4C1894F27,ETH,0.003000,0.002895
0xeb2Fe251B6b192816d40C62B4A865AfCf21472a2,USDC,18.000000,18.000000
0xeb4EeE7024ad7c538b82C5e5a52f331664AF79cd,USDC,6.286789,0.000000
0xeb5B859bd224b2fA7D7543EA313bD097ead42E1c,MAG7.SSI,78.648648,0.000000
0xeb5B859bd224b2fA7D7543EA313bD097ead42E1c,SOSO,6.030000,0.000000
0xeb5B859bd224b2fA7D7543EA313bD097ead42E1c,USDC,229.353675,224.277114
0xeb7156469dD931770BDA219FAa1Ea542bCBc4D1A,SMAG7.SSI,6.335400,0.000000
0xeb7156469dD931770BDA219FAa1Ea542bCBc4D1A,SSOSO,15.025700,0.000000
0xeb7156469dD931770BDA219FAa1Ea542bCBc4D1A,USDC,246.132403,77.140459
0xeb7156469dD931770BDA219FAa1Ea542bCBc4D1A,USDT,10.345527,0.000000
0xeb8A15721518e4D79d5C4F73FD9EfE2002AAE1C8,USDC,42.171150,43.691928
0xeb990B5F478F8330Df93526Ea26C230BDb6aD690,USDC,39.500000,40.870443
0xeba3a72bCE530fAE460BB3be03D36d9019f28F17,USDC,16.006400,0.000000
0xebfcaC0bb877C2Aa5E9E177015251fED5Ca67cd9,MAG7.SSI,10.665915,10.652187
0xec77e4cfC7E4d2c4f7ee9292Ee166665919e724B,USDC,15.029900,0.000000
0xec9F58D4AC83cd46E340c6C375a251b1B142e3eA,ETH,0.008900,0.008900
0xecDf621C5D12beb372eE7d33e8f847ABBaCeaB9b,USDC,20.800623,10.812258
0xecFb28a15C4E586956aaB009dAf8084EE67B885F,ETH,0.062363,0.061134
0xecfEa23407A1d232F86D6D3Ad53D7c96C1Ba4F2b,USDC,15.084519,7.262934
0xecfaA0524217489Cd185368e8e5302623d486C5A,USDC,229.000000,226.531528
0xed41D5b0c1cBec9445cc0eCD0d9cdB2485237595,USDC,37.000000,38.622397
0xed428E846E2426E5Af02480E8f59CFCb66e6BC34,USDC,158.232144,158.913229
0xed7794c397fcD702b60Ee5B4A194a6e1375a2108,ETH,0.008000,0.000000
0xed7794c397fcD702b60Ee5B4A194a6e1375a2108,USDC,39.777699,26.309923
0xed7e158E70471d9e5b907CC7Cd4183687b3D428b,MAG7.SSI,27.417948,0.000000
0xed7e158E70471d9e5b907CC7Cd4183687b3D428b,SOSO,300.000000,0.000000
0xed7e158E70471d9e5b907CC7Cd4183687b3D428b,USDC,111.072494,0.000000
0xedF01Ff2Ecb710475F0705746e2B047083612C6a,USDC,15.418725,3.905552
0xedF1812884348841DB39A8dB748cf0486dd5DCB3,USDC,15.000000,15.204990
0xedF5E00ce2341C3B3337AA9b25b57A4000373999,USDC,39.450100,0.000000
0xedaeA4b5Dc07dfBdBE03F9F8f1B565b6A86a70DC,USDC,24.113013,24.287678
0xedb1c0EBF1FD5884edC59bD4658baC85e820006E,USDC,22.118306,0.000000
0xee2De7501AdfC58d3C506910d6186c313777F65f,SMAG7.SSI,6.510600,0.000000
0xee2De7501AdfC58d3C506910d6186c313777F65f,SOSO,30.000000,0.000000
0xee306ed4084985a02DafDe2d6aa1dF181030b43D,USDC,70.612665,69.310351
0xee4713c12449D3997C69BcABe388e4b21ABebD74,MAG7.SSI,75.140300,0.000000
0xee647a3cbBb8980629a8526f6A256ca0eE847297,USDC,23.050010,20.186829
0xee6D3B3092579B0D3729d5841e27b48a79a2B24c,ETH,0.210000,0.000000
0xee6D3B3092579B0D3729d5841e27b48a79a2B24c,USDC,150.000000,0.000000
0xee72E359eD00cBD87B7bA3660c0049759786707b,USDC,49.800000,0.000000
0xeeB45b46D7Bd394721AC4aC5cD52f1884756c74C,USDC,650.488487,282.702050
0xeeBC40dCf0c4573dB0f833f0F50FD803Ef0D3906,ETH,0.019500,0.000000
0xeeBC40dCf0c4573dB0f833f0F50FD803Ef0D3906,MAG7.SSI,0.000000,77.253262
0xeea26f4Bf01531F4A0f6720D97D71DD78FB3a4A6,USDC,300.000000,297.382051
0xeea657091Ac7b70666c262b8b6fBaC38671702a3,MAG7.SSI,6.000000,0.000000
0xeea657091Ac7b70666c262b8b6fBaC38671702a3,USDC,13.996745,13.996745
0xef12ac7aDcE5804F2eb8219962E2EaB4819119Cf,USDC,15.200000,0.000000
0xef28f6DCfFc4256d0cC5c1849Ebe1b563b569849,USDC,572.200300,505.000000
0xef2C90813f02c6581587d5e637d71981fC3484c3,USDC,39.590000,39.506782
0xef7873444490015F0a354D1Bd14f194521b41B68,USDC,42.000000,0.000000
0xef80a3df39486196Cb0323f5c8AD3c365540b277,USDC,37.040000,40.436343
0xefA7DD262D397bA2FA0346c925d6bcABc3Ee50fE,MAG7.SSI,0.000000,1830.838500
0xefA7DD262D397bA2FA0346c925d6bcABc3Ee50fE,SMAG7.SSI,1829.441400,0.000000
0xefA7DD262D397bA2FA0346c925d6bcABc3Ee50fE,USDC,15.000000,134.111525
0xefbACc8E0233DF1cBD06e4B2B8D2e5E3b940b7c5,BNB,0.000000,0.026982
0xefbACc8E0233DF1cBD06e4B2B8D2e5E3b940b7c5,ETH,0.184795,0.057605
0xefbACc8E0233DF1cBD06e4B2B8D2e5E3b940b7c5,SOL,0.136216,0.000000
0xefbACc8E0233DF1cBD06e4B2B8D2e5E3b940b7c5,SUI,0.000000,13.291355
0xefbACc8E0233DF1cBD06e4B2B8D2e5E3b940b7c5,TON,54.999147,9.224000
0xefbACc8E0233DF1cBD06e4B2B8D2e5E3b940b7c5,USDC,139.934958,61.059114
0xefc2c9A7433b5fd0E77Cb5AdB798819E1c2Ecf3E,BNB,0.025000,0.025000
0xf0002dF81fA7FDb439Fa4fecB779f299F8b95E43,ETH,0.063399,0.061824
0xf00402072Cd73209CE73a4D4dB91865a5E821575,USDC,49.800000,0.000000
0xf00Da9a8632fFF618d4E3007ac922797c5F4A1Ff,MAG7.SSI,28.643462,28.590762
0xf00b9E6C91345Afa5c2f52fA078c953B52329dFC,SOL,0.291000,0.000000
0xf00b9E6C91345Afa5c2f52fA078c953B52329dFC,USDC,33.000000,35.000000
0xf00b9E6C91345Afa5c2f52fA078c953B52329dFC,USDT,8.000000,0.000000
0xf010cFB0D8d50BBC3131d8626ECd53C8BaCC6277,USDC,600.163400,507.988480
0xf01c3f5Ebd1408583Cc200975928826B4962Bf38,USDC,0.010000,0.000010
0xf03c435cc6294b9ccAd0e8c669b608cE92E7568d,USDC,16.000000,16.000000
0xf04809e8e209401393eCA75B5b7CfB73Ba17F381,USDC,15.019400,0.000000
0xf068fFA82085A05Ad756940827789e31CD90c037,SOSO,150.680000,0.000000
0xf068fFA82085A05Ad756940827789e31CD90c037,USDC,384.317056,169.133246
0xf07Db277D2c96AC074E24D7414E5B4bd15E1624d,USDC,15.016200,0.000000
0xf0871A4573B92ce10f2c7B6754Ca4f33a3eEF117,USDC,15.005600,0.000000
0xf08d26b9b682e33b4807Aa9CC2e89cdae27EC5CB,USDC,100.000000,102.126972
0xf09115134dB6F2c5Fe60751991ccB38045A9b476,USDC,36.950235,36.950235
0xf093bBE25042A291c191ACEf2c9e597815DF236f,USDC,35.000000,34.038240
0xf098035451D1B2A8778ECb471d6Da742a0B9B255,USDC,15.100000,15.729706
0xf09b340bB3aEa485C7aFa2B7df4203b88b141236,USDC,39.500000,41.493472
0xf0a391658F07e65779c7370A592675106C931277,MAG7.SSI,5.000000,0.000000
0xf0aE5e34Ae2269120A34d84BD2BB89756309052b,USDC,16.940000,6.000000
0xf0bAf59C371cD2767965174A04Ae04Fc73070949,USDC,39.000000,41.327126
0xf0fA6e361AC950853637135f230794a7dc106D43,USDC,15.021200,0.000000
0xf0ff90EF93F8948D3133da1279f2b89d9877186A,USDC,39.000000,0.000000
0xf10179950D15BE7a39493C5C58f205dBcE720cC5,SOSO,9.100000,0.000000
0xf10179950D15BE7a39493C5C58f205dBcE720cC5,USDC,15.350000,14.700528
0xf103099F7d22Acd194bdf93c6b54B6d2247c7F52,USDC,15.196000,0.000000
0xf11950d97F8e230eC7100082DA2BFF9955AA8953,USDC,109.900000,0.000000
0xf11AEb344B3061Fc60D98cC5195471a45b1cbd98,BNB,0.020000,0.000000
0xf11AEb344B3061Fc60D98cC5195471a45b1cbd98,SOL,1.287383,0.000000
0xf11AEb344B3061Fc60D98cC5195471a45b1cbd98,USDC,36.000000,0.000000
0xf11D6f3380abA216b0186Bf37Dee8A52450A2f9B,MAG7.SSI,0.000000,76.391423
0xf11D6f3380abA216b0186Bf37Dee8A52450A2f9B,USDC,40.000000,0.000000
0xf11E5d637038303d7E9f54EfBd9194AE7fBB56B5,ETH,0.010000,0.000000
0xf11E5d637038303d7E9f54EfBd9194AE7fBB56B5,USDC,50.200000,0.000000
0xf11c075bd67EFEAAda59E0994526bBDF09736a46,USDC,106.886239,106.306461
0xf12661353d463F34d950f0Fb8FAa1901a7067742,USDC,49.700000,153.510482
0xf12A336514AbaD4b01A569FC5cc3A1711a30cA92,USDC,41.760000,0.000000
0xf13d1DC13C654A34395C2049739689DD2811590F,USDC,15.002000,0.000000
0xf15fbeaa6c14a504fC630E179b5774da45Db7E96,MAG7.SSI,15.193500,0.000000
0xf1718F4d1Db99B928566c024D84dAE9f37C10FBE,USDC,150.000000,157.000516
0xf17b9dc6A33b66A2Ad65472ea9651C1aFb0D8b3E,USDC,15.002800,0.000000
0xf195B75B2Ea56b1A2F0c451c805a66dc20021AB1,MAG7.SSI,0.000000,754.507956
0xf195B75B2Ea56b1A2F0c451c805a66dc20021AB1,SMAG7.SSI,2251.030800,0.000000
0xf195B75B2Ea56b1A2F0c451c805a66dc20021AB1,USDC,2260.671989,896.259260
0xf1A962D632Cb3BA82D01C48de2Dc78377334B416,MAG7.SSI,0.000000,15.155233
0xf1A962D632Cb3BA82D01C48de2Dc78377334B416,USDC,57.915783,50.165783
0xf1E12d4e2137C808df9ec95962e63Ac75960e90E,USDC,15.000000,0.000000
0xf1bD97662077835F3a51d1BF38aA2Be098E2DE09,USDC,250.806771,0.000000
0xf1bD97662077835F3a51d1BF38aA2Be098E2DE09,XRP,0.000000,174.039065
0xf1f82c6297B93868AdB19Ac6B9F573a9CD8B5643,ETH,0.220000,0.000000
0xf1f82c6297B93868AdB19Ac6B9F573a9CD8B5643,USDC,966.257752,1092.023496
0xf1f89279E55a45F6B407fA64DD417d10a1578DaF,BNB,0.050000,0.050000
0xf20689d9f06c0611df14f613a9146C140a3917ae,MAG7.SSI,15.000000,0.000000
0xf207cd7e0fEa3E93A948c1e8D6D16389483dD12A,MAG7.SSI,15.119900,19.801823
0xf215D4CF876C09C526bA4b302ABDf0d4AF0afb9f,USDC,200.000000,0.000000
0xf21E69690265477D857d5405C41b7a1917CdD6C7,USDC,11.547037,56.044013
0xf2268b818f88B47Ae61b91d8E3b3d1ddC284d20a,USDC,38.720000,0.000000
0xf23570675d0Cd2D8cE8A8eDCaCa0e781949E9Ef8,USDC,16.000000,0.000000
0xf23fa5cA2fefA44d8dB5cf7C7AA07846F865640b,USDC,59.000000,0.000000
0xf245044b3235215744b839968a70A60F815C2311,BNB,0.000000,0.095937
0xf245044b3235215744b839968a70A60F815C2311,USDC,157.178963,327.684313
0xf251E2e0267AC2844741555D5C4d746C699b862a,USDC,73.899713,74.025939
0xf26A01E7dCE7468c9A230f06EF71237Fc05964FA,USDC,15.559989,15.559989
0xf270Be9799752527b1e94fF3bA4653eb851e3A4A,MAG7.SSI,61.650046,61.650046
0xf28dD347C51148cA9E7Bc01e1D5b71bF3380C453,USDC,323.758847,305.399508
0xf290456cDbfB09256934324dE68aBCDbCD218fb4,USDC,40.000068,0.000000
0xf2955De62C6A1717Bd18d43dCF75c2AdEF35e559,ETH,0.027800,0.027800
0xf2FF367423F3b57A08D0092c472Bf722D64b9b85,USDC,94.900029,90.085939
0xf2a1940351704136DAe7c38460DA0542115Ae59F,USDC,479.350900,410.000000
0xf2a825a1Af6FDD4135D44D734645b97EB373324C,USDC,38.000000,40.397755
0xf2d279Eb83c2E6C4450e65eef118F1137ea82AB1,USDC,99.527711,0.000000
0xf2dbD2c71D3dE93b8f6f550288E8ce0115081FE3,ETH,0.034387,0.033579
0xf2ea91f65529C7C17D0efa89ddc5d5bfc9ca6424,USDC,1383.861444,1465.292425
0xf2ea91f65529C7C17D0efa89ddc5d5bfc9ca6424,USDT,101.000000,0.000000
0xf3050bCfd5B86b8eA799404CFbC876f4F3fFD26D,USDC,15.024000,0.000000
0xf30D171EEB6C0D9dFa0020C155515356103Df45b,MAG7.SSI,15.041900,19.634034
0xf3119222FefD46875391333Ed596246194717f70,ETH,0.010000,0.010000
0xf3119222FefD46875391333Ed596246194717f70,MAG7.SSI,0.000000,6037.989633
0xf3119222FefD46875391333Ed596246194717f70,USDC,9286.574823,4003.431305
0xf327B59894F5aD817485d74Ad5A96e81d4E34AC0,MAG7.SSI,15.008600,0.000000
0xf33350b3778985A606468906908eb002644c2D59,ETH,0.002491,0.000000
0xf33350b3778985A606468906908eb002644c2D59,SSOSO,3.283700,0.000000
0xf33350b3778985A606468906908eb002644c2D59,USDC,171.000000,219.307012
0xf33b974E47260deF2139d8Ed740C7301E8100203,USDC,37.950100,36.264097
0xf34Cc26fe1828b356Ac8bE727f9A379439209D4C,USDC,16.000000,0.000000
0xf37a8a364107a8C9F4d613a41a0bA46598D834Ca,USDC,15.200000,0.000000
0xf3909b1e1b2B6f5f8C122520D376A6651950119B,USDC,300.000000,290.833369
0xf3937F03Fa6d382A409a2214e7fA7C47dB8fE418,USDC,38.000000,42.683814
0xf39837f4dcF875d11048D672C7c4101A8115FbC7,USDC,207.692366,213.142174
0xf3C3E6BE9F6F3c5665aa1c79C0BDBEEd8488A149,USDC,15.019000,0.000000
0xf3C7DCe8f5bC9Fa7B5930Fddf493E3CbF3F5349C,MAG7.SSI,79.783156,15.706356
0xf3d4CEDe914D3E577e542A4946D172631d507d6F,SMAG7.SSI,8.497800,0.000000
0xf3d4CEDe914D3E577e542A4946D172631d507d6F,USDC,405.306961,235.030567
0xf4010b3009C0aD660A6d90E12Ceb448cf7B3e330,USDC,96.563817,95.969371
0xf406aed3369614123eB6c8ea6afB12995D49dBdB,MAG7.SSI,5.870448,0.000000
0xf406aed3369614123eB6c8ea6afB12995D49dBdB,SSOSO,31.000000,0.000000
0xf406aed3369614123eB6c8ea6afB12995D49dBdB,USDC,456.000000,325.672648
0xf40937AD5d90EDCdF1AC97923d0cF8CEEA8d74E1,USDC,15.000000,0.000000
0xf409C7E1AE49fc87a3C614D7d7C647A71067DC12,USDC,5.401124,5.228606
0xf41227a127746BC079c22B9cbf7B61378d4186dF,USDC,49.995700,50.601735
0xf416a24Fc60895059b092B601577DB806686Db35,MAG7.SSI,0.000000,15.009039
0xf416a24Fc60895059b092B601577DB806686Db35,USDC,68.757329,61.157329
0xf439f2fF2773A8f4650E58831A638402bD248D49,USDT,6.579099,0.000000
0xf43C7A26D6714F2b3c1eD7472f0ff2Ef4D8916Ea,MAG7.SSI,15.198800,0.000000
0xf43E305a2D13b492B71AB38578D3bce97cF452E8,USDC,15.029900,0.000000
0xf43fd4943aCa4983ee351150aA106C15b7Ea3790,MAG7.SSI,78.088900,78.010700
0xf4491b77b28FC409800e0B5a71AeDca85f0ad9AE,SMAG7.SSI,2090.023300,0.000000
0xf44Eef921188E11fB9B63A8dcA53FCa3a0d8e037,ETH,0.193891,0.152833
0xf44Eef921188E11fB9B63A8dcA53FCa3a0d8e037,MAG7.SSI,0.000000,33.574324
0xf44Eef921188E11fB9B63A8dcA53FCa3a0d8e037,USDC,60.105688,47.171453
0xf45bCE493E95db82C9A558361Ce134f646f3eE38,USDC,15.026300,0.000000
0xf4617151ce2a71cC7d77b2c884FbC605E811AFAf,ETH,0.062395,0.060823
0xf46f5A23246919790ed31B7545A93Ec48BC011aa,USDC,31.500000,29.548755
0xf47D832E7f2865f32a28ed0C949367E8033c46d7,USDC,37.000000,38.590643
0xf490AfBf7d652b3b444Bab3ad84d9DB0d50C8178,BNB,0.046000,0.000000
0xf490AfBf7d652b3b444Bab3ad84d9DB0d50C8178,USDC,1208.631133,1057.753193
0xf497Bbb6f60E0a2E9338B478c5D0A73b8A9f654F,USDC,15.900000,0.000000
0xf4987Dcb1E9097135bE2E5F29c4AEDeD0BA2Df72,MAG7.SSI,15.065100,0.000000
0xf4ACd970951C3df1F4880d547655925768058B9c,MAG7.SSI,30.663447,0.000000
0xf4B635a578F34B0f4d22ec7923E1A9F15A964e1B,BNB,0.063341,0.048330
0xf4B635a578F34B0f4d22ec7923E1A9F15A964e1B,ETH,0.019852,0.016140
0xf4B635a578F34B0f4d22ec7923E1A9F15A964e1B,SOL,2.252256,2.133289
0xf4B635a578F34B0f4d22ec7923E1A9F15A964e1B,SOSO,7.000000,0.000000
0xf4B635a578F34B0f4d22ec7923E1A9F15A964e1B,USDC,49.900000,52.712433
0xf4F9020D5CD904f52fdb72558e698FcFaE60e365,MAG7.SSI,15.104000,0.000000
0xf4e099Abfee571Ef8aA3b3fAfC7625427cf8DF38,SMAG7.SSI,79.464100,0.000000
0xf4e099Abfee571Ef8aA3b3fAfC7625427cf8DF38,USDC,21.263675,0.000000
0xf50375512F9EB04DF34111B83E45435144Bb9521,SMAG7.SSI,44.460500,44.460500
0xf534b9Ed818Fa5aFF6BFD27717782a2607921715,USDC,16.000000,0.000000
0xf53f23F45beFA6B3Fe869171c30Af8B943D7A8B3,USDC,39.000000,41.007160
0xf5455A9B08dA9e6DdB49d7A024B80C29510AdC35,MAG7.SSI,30.049986,30.033386
0xf54CAc4196320Cd1dd08d8449d47DAF6FAfce5Aa,USDC,15.007200,0.000000
0xf54E42Dac1ccFe4cacA51AcADF4E26eeAB0B9685,USDC,15.015000,0.000000
0xf553884feCd2D8B0Bc126511208f09E4C3823eEa,MAG7.SSI,15.026900,15.011800
0xf557C29A9Cfb88f82d2bF4a67C598249A4Ca7D47,ETH,0.007400,0.000000
0xf557C29A9Cfb88f82d2bF4a67C598249A4Ca7D47,MAG7.SSI,0.000000,32.282485
0xf559a9bF8A0D4f094AFDbb5b121e024D2100D29d,USDC,15.000000,0.000000
0xf5674f5A43DA4a854Fb25DC50FAcD642865AE2A6,USDC,16.000000,0.000000
0xf582e574b23Eb9Fd92a3429d6a761DDd207AB8A8,USDC,15.000000,15.333506
0xf59ac32Ae76d6684B505b788B36F99b08e038247,USDC,20.000000,0.000000
0xf5B96Ab0E56d9E63D233447DDBF132575c7569A7,USDC,45.995200,0.000000
0xf5Cd0bfbD6362607BfCB2249aD5D55B1bAc04AcF,USDC,15.105001,0.000000
0xf5E923334FdDa347e3965DDfE1e822E04469709B,BNB,0.025000,0.025000
0xf5F6f634B364ABB8555A79622C572495f3eBfa55,USDC,61.750960,98.158411
0xf5ac5D78cCd49ED89de001a6D53241C844B85B77,USDC,927.416534,917.010655
0xf5da2C83a012cCeFc59dc402F4726daE5A9Fa985,MAG7.SSI,0.000000,75.757549
0xf5da2C83a012cCeFc59dc402F4726daE5A9Fa985,USDC,38.587128,0.000000
0xf5fdAb689F26D3E53C9Dae73f3aE4AceDD7415d5,USDC,37.660000,41.191085
0xf6044F9cc61b137b2cd0e75138dE668eA0Edd5f0,USDC,16.000000,0.000000
0xf60f3525Fe149356990c2759B0Af5e0f3ccf5D26,USDC,22.015787,20.249328
0xf61f9C10f3040B4d6A46842B59E97aDbDf0877c3,SMAG7.SSI,6.924000,0.000000
0xf61f9C10f3040B4d6A46842B59E97aDbDf0877c3,USDC,10.390339,9.892375
0xf620382e169f93C97F82DEa0Ed3f134a5707d8Ba,USDC,50.000000,46.332222
0xf633a695E30Ebd15340E45122948e8a0F8600F44,USDC,100.000000,0.000000
0xf64564Ba87cA5728c988d9e4B102fb377cf73241,USDC,400.000000,465.530560
0xf650a03701B59859376E9C2eDE38aB48418e72EE,USDC,7.521870,0.000000
0xf6530f1384d17CA9E9037aB3Da4F374ECE9FAc60,MAG7.SSI,15.019800,0.000000
0xf662cD8F32f472d7E1576Fb0e89bAF1899aD60A1,USDC,1138.759620,1121.345541
0xf6782DaaC5fD8Bf7b2C6C6892322600Aeb7dA99d,USDC,15.013400,0.000000
0xf67851AA8915BA492f8064b51aa7a07E1c89dfb0,USDC,38.000000,40.556060
0xf67851AA8915BA492f8064b51aa7a07E1c89dfb0,USDT,38.000000,38.000000
0xf68bCBb352C195ACecCC67eb384fBb5B51B44a63,USDC,174.900000,0.000000
0xf69455501d23a7e980b5e933F06A659bD5D5946E,USDC,16.441250,15.557922
0xf69C4d196EadF32c55B606D352D4869D4e79ECf6,USDC,39.930100,0.000000
0xf6A62F9Ef8A87dDAeBAc233D22F01fcE5ccde960,USDC,15.109183,0.000000
0xf6C23494Eb07Bf1e88CaaF96E1425e77Deb8b2f8,USDC,15.007300,0.000000
0xf6E31CaEc2D3041A9efdE423a157b090C8aDcba6,USDC,40.130730,0.000000
0xf6EE8a0180C430f94D287C6f0a725Cc0b187EBf5,MAG7.SSI,0.000000,76.381429
0xf6EE8a0180C430f94D287C6f0a725Cc0b187EBf5,USDC,40.000000,0.000000
0xf6F2947872AD3B0cC0E2e2Ec105c02CdCB7eEd81,USDC,15.000000,0.000000
0xf6d5ddF5052ceB9dFAE1B9B5e4961D5f686CD60A,SMAG7.SSI,163.237100,0.000000
0xf6d72651C7bb6a11103c7e9bd03a1eBA4a93f367,USDC,189.763212,102.421044
0xf6e08Cee3666e250A1564a1005a1B20607f42c8E,MAG7.SSI,0.000000,15.023988
0xf6e08Cee3666e250A1564a1005a1B20607f42c8E,USDC,73.757329,66.157329
0xf6ead7EA13914dBb5B6a476c8cbE4a5fC83E57fC,SMAG7.SSI,112.429100,0.000000
0xf6ead7EA13914dBb5B6a476c8cbE4a5fC83E57fC,SSOSO,118.904800,0.000000
0xf6fcb5C4536fCA3A6F9F07Fc2EDa6b6F65FC7826,USDC,16.000000,0.000000
0xf709Fea7Fd8F56917629C14428D1e25AE8E7dAC3,SOSO,93.199200,0.000000
0xf71059baf0506210cFb9737A385efeb29Aa01b56,USDC,952.935540,942.020752
0xf723475aFE2D05955B0dB4B6CFe030D019E882b6,USDC,16.000000,0.000000
0xf737D556b3baa2ec44E6d72418437842E291aEC9,MAG7.SSI,183.017200,0.000000
0xf737D556b3baa2ec44E6d72418437842E291aEC9,SMAG7.SSI,43.442400,0.000000
0xf737D556b3baa2ec44E6d72418437842E291aEC9,USDC,10.000000,0.000000
0xf73C62D2Ab8757C66D6ac7C81918EF3f6096FA64,USDT,38.570000,0.000000
0xf75Aa9f1729bB54c2F2b840e53B147515eAB5393,USDC,82.500070,69.988769
0xf7633CBC85dF7d1d9a9F2f434Ec60dA183A73BD6,USDC,77.100000,76.750859
0xf76Dcd0400F3F6079aC368fE65805812EC68C3c0,USDC,15.021200,0.000000
0xf7769aB3d6370eDb0f30325035682D07588c7EC7,MAG7.SSI,96.375400,0.000000
0xf7769aB3d6370eDb0f30325035682D07588c7EC7,SSOSO,140.000000,0.000000
0xf7769aB3d6370eDb0f30325035682D07588c7EC7,USDC,501.000000,0.000000
0xf7B72F9064a0C59e85eD483455f97a28E33C55c2,MAG7.SSI,76.912000,76.837000
0xf7EC3cE0c040d5277dFFC83b23d80185B917c665,USDC,16.000000,15.434536
0xf7e0Bee6B354Fce3F767C2f6d68069369c2FAC65,SMAG7.SSI,30.000000,30.000000
0xf81Bfe8157F903019fb3D01960406C3B57ca2c83,USDC,15.010900,0.000000
0xf825e4cc674dE78cb54e2A3B943f2c94524c29e9,MAG7.SSI,0.000000,109.437261
0xf825e4cc674dE78cb54e2A3B943f2c94524c29e9,USDC,57.724129,0.000000
0xf84247C699083929aaf45Fe6053624233363c7D0,ETH,0.039530,0.038820
0xf84b7f51f28e05B74dDD42E7daf671d31AD1F8A2,USDC,5.949619,5.955431
0xf8527bc6E127B1aF686687A0159d963936f8e500,MAG7.SSI,15.079400,0.000000
0xf85A901c9dc427DfFdFfA0930CC43768397c6Caa,USDC,982.974440,972.222700
0xf8634DfAFa48B40b92Ee64D0a206dFBC96787CD3,MAG7.SSI,76.539800,76.463100
0xf86fdb7E3f7aE580997810b8C81CC051c38B749a,USDC,15.100000,15.100000
0xf87221daBe7Dc7A78b6ac5Ce0E4E4853C4237536,MAG7.SSI,15.019800,0.000000
0xf878579C5d1d5248412AA8BfB7385f9FA462D42d,MAG7.SSI,303.948300,0.000000
0xf878579C5d1d5248412AA8BfB7385f9FA462D42d,USDC,0.000000,152.870061
0xf879e8c74100ec233A13e3C30A050934994239Cf,MAG7.SSI,30.000000,29.982900
0xf88B468C39900af03768f0cb16d2f008D5C8A44a,USDC,39.500000,40.848236
0xf88b7F285377b3D2aB416A56f0340a8ee929B6b6,USDC,15.017700,0.000000
0xf8b6d57d4bF7f56d5b3BdB5cAc2a5d6F06b01D49,USDC,15.000000,15.326318
0xf8c047890A2AAaDE695d28d006dBD4Cb891f1913,USDC,15.015900,0.000000
0xf8d265Bf6623822657031A138E8dF8150b80B23b,USDC,300.000000,298.814467
0xf8dCE50259a439dDeBA7f252790D81b1DdD4B05a,USDC,180.000000,0.000000
0xf9113073a071914412bbFba306841d122F747919,USDC,40.500000,38.913545
0xf927a749f915C6294A9bccEDaEb931034CB9c6c1,USDC,29.235620,29.235620
0xf930FB575fa04b1dCE1083E3686adD78e294c853,USDC,44.286573,47.977725
0xf93526f92e49db81Ce22857efD355D9F4102914f,USDC,15.105611,0.000000
0xf936EaFdc34a1E534082B50eA13625854DC38EC0,MAG7.SSI,845.862111,691.112500
0xf936EaFdc34a1E534082B50eA13625854DC38EC0,SMAG7.SSI,189.141300,27.077211
0xf936EaFdc34a1E534082B50eA13625854DC38EC0,SOSO,30.000000,0.000000
0xf936EaFdc34a1E534082B50eA13625854DC38EC0,SSOSO,2.000000,0.000000
0xf936EaFdc34a1E534082B50eA13625854DC38EC0,USDC,114.860000,269.726571
0xf938097bd64b0f9C969983B361a07EdFE9143552,USDC,62.372449,44.032149
0xf94Dbe2A5724420a92B20D0C47d5bB254bB2F8d7,MAG7.SSI,301.000000,0.000000
0xf94Dbe2A5724420a92B20D0C47d5bB254bB2F8d7,USDC,55.900100,0.000000
0xf958a3850238510CB4cF7429a9c04661B66Bcf9c,USDC,0.000000,5.145711
0xf96163580972994ea324F3a0Dd71B11Cc8fAa1Cc,USDC,39.500000,41.794125
0xf972BD8dB200A93ec73c5338c2E74f56B0b7F7a1,ETH,0.012111,0.000000
0xf972BD8dB200A93ec73c5338c2E74f56B0b7F7a1,USDC,0.000000,38.971006
0xf98Cf735Db5479a9e3F8967FE664BB1C7c5fF763,ETH,0.018894,0.017889
0xf98EDd2ba5337D5e7D77e15589b8054B0d5D794f,ETH,0.002000,0.002798
0xf99d56Bb1Ae2FbeC5DeA71a0c31D23cd7ce03Bc3,ETH,0.004000,0.000000
0xf99d56Bb1Ae2FbeC5DeA71a0c31D23cd7ce03Bc3,USDC,172.644912,175.136532
0xf9A84Eba4cdf992a7DB7E1c15de3CE494f187fe1,USDC,39.756275,42.388344
0xf9A84Eba4cdf992a7DB7E1c15de3CE494f187fe1,USDT,38.000000,38.000000
0xf9Af52f602125c5527EF070b1771496d28eDF86f,USDC,15.900020,15.861208
0xf9E88817CD85293eAa5c8106E1F38095Dcfb9d63,USDC,48.000000,49.307131
0xf9F6b511cCe7880B83a2E19c1991A62AF7612aCd,USDC,899.955700,889.455820
0xf9Fd9AfDCBcDe36FeccE113Fcfe7DDAfE094AF0f,USDC,15.001600,0.000000
0xf9b6611F64aCF63eEf172403Dfa8aB25cCe42816,USDC,15.300000,15.594056
0xf9c809766Cd31EC0531C7b72B19C2eb11EaA0770,ETH,0.000000,0.045870
0xf9c809766Cd31EC0531C7b72B19C2eb11EaA0770,MAG7.SSI,208.918700,136.432400
0xf9c809766Cd31EC0531C7b72B19C2eb11EaA0770,SMAG7.SSI,31.114000,3.126700
0xf9c809766Cd31EC0531C7b72B19C2eb11EaA0770,USDC,50.000000,0.000000
0xf9fcC85EB4F2Ae78f5e2A498403B350Ed3466379,USDC,1424.376443,1080.287592
0xfA18c1722678c45D7BFF60823B17e5fB12383d20,USDC,15.995700,0.000000
0xfA3fccC790B536B25691E95CfD802504b9d22F6e,USDC,15.008000,0.000000
0xfA4296e0b1B3C4E61650e01f76334d2f0736CbDB,USDC,15.000000,0.000000
0xfA873ab75d4C3E28e2d0dc7FFD38c4bE358226cc,SMAG7.SSI,1066.170300,0.000000
0xfA873ab75d4C3E28e2d0dc7FFD38c4bE358226cc,USDC,20.000000,0.000000
0xfA87be2744c0011CD09707784f6dbE0fD792434a,USDC,15.027000,0.000000
0xfA931C80f7E0c7207c789f5b2A74327aaE603F17,USDC,15.012300,0.000000
0xfAEE65Da5Db5d53F2FCdfBeDba168D317deCf860,USDC,37.966472,40.000000
0xfAc99D73C7b3F73073348C06cC4Be6Dddbe807F4,USDC,25.001579,0.000000
0xfAf73153e70e69a09949dbae06346b65d72aa3bc,SMAG7.SSI,98.685500,0.000000
0xfB0773001CF40593504bEb01edfb622dfB9573c3,USDC,15.000000,15.000000
0xfB2cD15B437433b96FE86eA376EE4901B8c7AdCb,ETH,0.023740,0.003437
0xfB2cD15B437433b96FE86eA376EE4901B8c7AdCb,USDC,16.191946,95.983144
0xfB327f36EeDf61B63224a3CA9812a864e5be453B,SOL,0.000000,2.300000
0xfB327f36EeDf61B63224a3CA9812a864e5be453B,USDC,27.180309,452.240155
0xfB3AB5B9443ed6f2107E07A5Ee6445b6B08f3453,MAG7.SSI,29.988525,29.969025
0xfB4B2DC5126C725D2FF0C8b71b0981fb399a4bf0,MAG7.SSI,31.412763,31.412763
0xfB4b31CC937799411950e7f1E1a008D3D1910013,SMAG7.SSI,5425397.169900,0.000000
0xfB84137deEa40Ab28326482Ba24A4ED89704BCb3,USDC,153.559325,6.200000
0xfB8B7c6BF1f411D73CC9aD10e2f0C3582311577A,ETH,0.019646,0.000000
0xfC1900E72A744D8735D2C40825a4Ef5EB8A526B1,USDC,16.000000,0.000000
0xfCBe9f971ED1C36FdA13912B54bF11a348E68DD7,USDC,15.018600,0.000000
0xfCEDb73593710A226b48Bb4E9Fa101c025AA2d6b,USDC,200.000000,208.974984
0xfCF402cBDEC7A9084A84236aF9a79f9FDB0f628B,SOSO,140.000037,0.000000
0xfCF402cBDEC7A9084A84236aF9a79f9FDB0f628B,SSOSO,146.238800,0.000000
0xfCF402cBDEC7A9084A84236aF9a79f9FDB0f628B,USDC,411.283795,0.000000
0xfCc4bb46955597BFaA0d500CBf8e1BAd1cfD5080,MAG7.SSI,0.000000,15.561200
0xfCc4bb46955597BFaA0d500CBf8e1BAd1cfD5080,USDC,79.157329,71.157329
0xfCeD3cEF058B4Ad13bB1C153acA9268BF79db183,USDC,15.014200,0.000000
0xfD016d87112Bbaf586871015b0E4CAcF6b71ab2f,SMAG7.SSI,5.000000,4.997716
0xfD04Fb7f56B86d3597e63a982cc6bdb5840bC032,ETH,0.023000,0.000000
0xfD04Fb7f56B86d3597e63a982cc6bdb5840bC032,MAG7.SSI,301.000000,0.000000
0xfD04Fb7f56B86d3597e63a982cc6bdb5840bC032,USDC,282.097799,0.000000
0xfD26347184D0AF4627F587d23cf6fC2CBB2d3f60,ETH,0.008100,0.000000
0xfD2779692e11514258229075125b9D4076c1Bb3f,USDC,15.002600,0.000000
0xfD2F209cb979c99aA610c040D1eDe368fBc56615,USDC,38.000000,42.621462
0xfD327fdfdEb22cBf79dBB5991217cE9037Bca5ca,USDC,38.000000,40.439510
0xfD38Ff76eF4850bd5f355a7f1C9B47fa42cE694F,USDC,15.100000,0.000000
0xfD8F486E5514A93B394ea6c494C21719f19Ec48F,USDC,15.000000,0.000000
0xfD974a67Cd55e2C1df0aF79B278457f517aF5537,USDT,17.591259,17.591258
0xfDB26bded0BAAA466CDe6FE3bF69bFC1B9B4De1a,USDC,0.000000,17.139560
0xfDD924e43Ae88dC36e131065f3186E827C58C6f4,MAG7.SSI,0.000000,75.148362
0xfDD924e43Ae88dC36e131065f3186E827C58C6f4,USDC,39.000000,0.000000
0xfDcE6BCB787366810B42804bC16F4071cBfbdac2,USDC,15.000000,15.230608
0xfDe54BF1aB65bE6E9189174549983360F2bee389,USDC,15.020000,0.000000
0xfE3C296CE549c0e6b2edcFBf85845ac047EB6924,USDC,84.200000,0.000000
0xfE40CFe11BEde30659F01C03B985123C99dFdD99,USDC,35.000000,33.757694
0xfE41580c2e69B64a5E65791eBb27769772e5BE6F,USDC,16.000000,0.000000
0xfE7607E198d51E8A07B7125a68f07c05bb0f9844,SMAG7.SSI,50.034200,0.000000
0xfE7607E198d51E8A07B7125a68f07c05bb0f9844,USDC,51.000000,0.000000
0xfE7607E198d51E8A07B7125a68f07c05bb0f9844,USDT,100.000000,0.000000
0xfE809A932fbF6B21C8e0A609feC232DBF2469700,USDC,39.962100,0.000000
0xfE80C994A697E8c11931571E3678F41679cCeabf,USDC,87.667874,91.276596
0xfEC597Bac4510d81Dd4eD4826b6aB99A5bDDaA96,USDC,19.950000,11.712222
0xfEE14894eF94062A10baA61109ced714b5850A73,MAG7.SSI,20.698000,0.000000
0xfEE14894eF94062A10baA61109ced714b5850A73,SMAG7.SSI,12.943100,0.000000
0xfEE14894eF94062A10baA61109ced714b5850A73,SOSO,31.510000,0.000000
0xfEE14894eF94062A10baA61109ced714b5850A73,SSOSO,8.340700,0.000000
0xfEE14894eF94062A10baA61109ced714b5850A73,USDC,54.375503,0.000000
0xfEb046A8BD3a634442870C0952af5d10737c6f28,USDC,49.700000,84.502427
0xfEbae8100A833c481250fdFb08db567216E15357,USDC,155.776805,154.338289
0xfF1F7CAAd9BfbB5927D944327CAe9b5784763Fce,USDC,15.391199,15.171501
0xfF202Cdd852B7A6Ae038Ea07cDC97f478253450d,USDC,5.000000,5.000000
0xfF59d0049B07Ba77E325445D9f39bA215a3Caa45,USDC,15.008600,0.000000
0xfF67ef8bCde9Be00E437a9cC0Cdf49671f5B81D1,ETH,0.002000,0.000000
0xfF67ef8bCde9Be00E437a9cC0Cdf49671f5B81D1,USDC,0.000000,16.438977
0xfF8f555db973B6F387c1c55621388038972E909B,USDC,15.000000,15.390688
0xfFD1Ad19d2c57971f19967c7A190FFE945Ee6793,MAG7.SSI,0.000000,7.000000
0xfFD1Ad19d2c57971f19967c7A190FFE945Ee6793,SOSO,6.716767,0.000000
0xfFD1Ad19d2c57971f19967c7A190FFE945Ee6793,USDC,12.732253,0.000000
0xfFb315a3Cf77D4b65F822a550B966a01fF8B51f0,USDC,105.276325,104.752941
0xfFc904Ee077D69Bfb52dFCFb4279263210D217ea,SMAG7.SSI,24.972900,0.000000
0xfFc904Ee077D69Bfb52dFCFb4279263210D217ea,USDC,261.796062,0.000000
0xfa0C78D5BBadfBB0E5B0F271502E1fC939107ABE,USDC,850.405270,864.543700
0xfa1ffb46dc340B57489d6c77F28A9DD908C5Bd8a,USDC,41.000000,43.357970
0xfa605dEe9A540671bbc17405294A1048dE96b0da,USDC,597.539969,589.640296
0xfa6BE94eC7cB1714Dc9c215957366568E4868808,USDC,41.500000,0.000000
0xfaf5F1257ee1B0a550a4d4eDb1e1435dc0967565,SMAG7.SSI,61.081800,30.790900
0xfaf5F1257ee1B0a550a4d4eDb1e1435dc0967565,SOSO,15.000000,0.000000
0xfaf5F1257ee1B0a550a4d4eDb1e1435dc0967565,SSOSO,33.392300,0.000000
0xfaf5F1257ee1B0a550a4d4eDb1e1435dc0967565,USDC,19.152890,10.130477
0xfb2409d999e7d3D0681Fcc3Cb53489ce2169dca7,USDC,39.900000,0.000000
0xfb277f518C46DDE4761669663e2846755456C55B,USDC,15.000000,0.000000
0xfb6b3b3bc60014EBb5107EFF09d79971e4F67AC0,USDC,15.018900,0.000000
0xfb707a1D7C699bF00f046b7D3968860eD3acd81A,ETH,0.007372,0.000000
0xfb707a1D7C699bF00f046b7D3968860eD3acd81A,MAG7.SSI,0.000000,31.841571
0xfb7dD9e8b6D84945b7951516D90840ad278189BE,SMAG7.SSI,13.208300,0.000000
0xfb9C4eE72cd777B1340A1ee7d75A99474e429851,SOSO,461.498467,0.000000
0xfb9C4eE72cd777B1340A1ee7d75A99474e429851,USDC,132.754553,321.830050
0xfbB1A5362a6d987ed77216D054CE6596DC21827E,USDT,40.190000,0.000000
0xfbCd3b579B9D913D0c334Fc6649FEe9beC8781f3,USDC,40.000000,43.150961
0xfbb2aeA020F3B5aE88feDf06A8CfB80D7054AC7F,MAG7.SSI,11.091179,11.057308
0xfbc8012803243f60DfbCA151737Ebf8bF55B963D,LTC,0.200000,0.000000
0xfbc8012803243f60DfbCA151737Ebf8bF55B963D,MAG7.SSI,5.958300,0.000000
0xfbc8012803243f60DfbCA151737Ebf8bF55B963D,SMAG7.SSI,11.000000,0.000000
0xfbc8012803243f60DfbCA151737Ebf8bF55B963D,SOL,0.102416,0.000000
0xfbc8012803243f60DfbCA151737Ebf8bF55B963D,USDC,8.833144,0.000000
0xfc2B4cE0297dFb0B4cd4fF3e0BB1082071D03EdD,USDC,37.824000,41.438198
0xfc31a400355584Ea2f1A80A2247A155678a2ab8D,USDC,67.137027,0.000000
0xfc37f1EE234d8037Fb7b37b1fC346D0B9F880d07,SOSO,8.798410,0.000000
0xfc37f1EE234d8037Fb7b37b1fC346D0B9F880d07,USDC,1182.317024,647.925598
0xfc37f1EE234d8037Fb7b37b1fC346D0B9F880d07,USDT,76.850000,0.000000
0xfc3e7A336fb1c58AA6667A7DbEC19b98a8d0129C,MAG7.SSI,40.391228,40.391228
0xfc7eE4dC871a0522bE6B774C77F58d397106dE05,USDC,37.748432,36.792339
0xfcB3F77a70D06cF2A4152893606BA29265607c59,SMAG7.SSI,5.442700,5.438821
0xfcb36e199dC3b24b1820D1404b37ce2bb849597A,USDC,15.027800,0.000000
0xfd0e273364CB4c71B65c656190cBAA96FA4D19d7,USDC,16.000000,0.000000
0xfd27037305823E4D9F9bfDd15aeeebb44878d988,MAG7.SSI,33.012763,33.012763
0xfd2c03Ad6fAFd1dc76B47e24B597f44381491B5E,USDC,16.200000,0.000000
0xfd2c38402233eEcBcD37d21782c756f332723C21,USDC,41.580000,0.000000
0xfd6ecD1CdB49677346d07d411d584fc051b3e36A,USDC,92.000000,87.707220
0xfd9CBf034438c5969a4a1D7823F1d456e4Dd67cc,USDC,15.005500,0.000000
0xfd9f3ca61bDcDD6996c4E75b3Be8A95Ba3831464,USDC,4867.542554,4089.391692
0xfdA2dDEF18d1baf1a4d9F61073420668534Aa8D6,MAG7.SSI,77.268500,77.191000
0xfdDeD10435A1d8ef77Dddc15bC1c28c264a1EF86,USDC,39.963100,0.000000
0xfda187f61004bbB5434E29d5d3F6A9a66CF0b3Af,MAG7.SSI,0.000000,18.209944
0xfda187f61004bbB5434E29d5d3F6A9a66CF0b3Af,USDC,9.445062,0.000000
0xfda91dFbb101D771356743a8670DD56960530Aa3,MAG7.SSI,75.911800,76.199023
0xfde1E18181AeB9d75220398a38Cfc2558be9E349,USDC,396.579158,17.597216
0xfdfdDaB0F182Ab4F2c551A5672B9f969f51D4226,SMAG7.SSI,10.350000,0.000000
0xfdfdDaB0F182Ab4F2c551A5672B9f969f51D4226,USDC,5.500000,0.000000
0xfe106D628A51ebE3017745d75c3548854dCE9bbd,SMAG7.SSI,104.464300,0.000000
0xfe107f6C03Bf4a3B8A2c5AC3aF6cF9b651d0Dc3b,USDC,300.000000,290.050899
0xfe3A3DFF8646CE5Ec6f8797BE5e599c961055e51,USDC,210.000000,120.825139
0xfebB05aE1f5c42B4A5F5B0133D5bAD18C57A0902,USDC,32.251870,19.130967
0xfec891C13Add159669496f14aa2C12c69Bc42aFd,USDC,15.000000,15.363488
0xfed43bA9B65B701aF25cf3850427fAaB5f9463Ba,USDC,16.000000,0.000000
0xfedC3b2D5457E4a56D9c98f02230b7fb70DC410E,USDC,15.000000,0.000000
0xfef31d6fC4b06aAE85a32A4cC909e0a25cD199fF,USDC,38.450000,0.000000
0xff3bC0dEC190997c4AA79686596779547aAC416d,USDC,9.080100,9.080100
0xff47A247904C8b3294778DadbcE95F23D87C7D1F,ETH,0.006300,0.000000
0xff47A247904C8b3294778DadbcE95F23D87C7D1F,USDC,5.500000,0.000000
0xff49a88f6250D632Ccc09567035c6d86c0e25B8E,USDC,15.004800,0.000000
0xff64073992bEE36F8db3286b1106C8F21D4db5f0,ETH,0.003000,0.002894
0xff8EAf131591a856b7636f56cBAd6023DcF6CB6D,USDC,15.998281,0.000000
0xff90971d54B5a3BF628bD1E47112A76BC899935A,USDC,20.000000,20.000000
0xffCD586AE584093dF2c30ce6E799D75098405F9F,USDC,58.151425,24.066633
0xffd5F0E737ac451CAB553441dBE5717A3B3d74D9,USDC,209.699978,0.000000
0xffe608FcFBf4339A4800dE923eFDEB12b81777DD,MAG7.SSI,15.430100,0.000000
0xffe608FcFBf4339A4800dE923eFDEB12b81777DD,USDC,0.000000,7.912511
0xfffC08350b23517e8a12B541BB665d6C1565CAaa,USDC,41.500000,0.000000
